opisto_id,opisto_brand_name,opisto_model_name,body_type,start,end,ovoko_ model_id
18881,SUBARU,LEGACY 4 PHASE 2,Berline,9/1/2006,12/31/2015,1318
18884,SUBARU,LEGACY 4 PHASE 2 BREAK,Break,9/1/2006,12/31/2015,1318
19021,TOYOTA,DYNA PHASE 1,Chassis,1/1/1986,12/31/2007,1774
18043,NISSAN,CABSTAR NT400,Chassis,1/1/2014,,no category on Ovoko
18455,RENAULT,B110,Fourgon,9/1/1996,6/30/1999,no category on Ovoko
17076,FUSO,CANTER,Chassis,11/1/2010,,no category on Ovoko
17955,MITSUBISHI,CANTER PHASE 3,Chassis,1/1/2017,,no category on Ovoko
18480,RENAULT,D,Chassis,1/1/2016,,no category on Ovoko
16747,DAEWOO,REXTON,SUV,7/1/2002,12/31/2004,3448
16539,CHEVROLET,M100,Berline,7/1/2003,6/30/2005,3452
19019,TOYOTA,CRESSIDA,Berline,1/1/1977,6/30/1990,3484
19020,TOYOTA,CRESSIDA BREAK,Break,1/1/1977,6/30/1990,3484
18453,RENAULT,ALPINE GT COUPE,Coupé,3/1/1985,4/30/1991,no category on Ovoko
17164,HONDA,PRELUDE 2 COUPE,Coupé,7/1/1983,11/30/1987,727
18456,RENAULT,B70,Fourgon,1/1/1983,12/31/1990,213
18457,RENAULT,B80,Fourgon,9/1/1990,6/30/1999,213
18458,RENAULT,B90,Chassis,8/1/1990,1/31/1992,213
19676,FERRARI,LAFERRARI CABRIOLET,Cabriolet,10/1/2016,,3428
20445,FERRARI,LAFERRARI COUPE,Coupé,10/1/2016,,3428
17656,MAZDA,929 1,Berline,1/1/1973,6/30/1984,993
20270,MC LAREN,765LT CABRIOLET,Cabriolet,3/1/2020,,3436
16686,CITROEN,SPACE TOURER CAMPSTER,Minibus,10/1/2016,,3277
19729,HYUNDAI,CRETA,Tout-Terrain,1/1/2016,,3453
19342,VOLKSWAGEN,XL1 COUPE,Coupé,6/1/2014,,3458
17570,LEXUS,LFA COUPE,Coupé,11/1/2010,,3474
19692,ASTON MARTIN,ZAGATO COUPE,Coupé,5/1/2012,,3469
20395,GOUPIL,G3,Fourgon,6/1/2012,,3430
20396,GOUPIL,G3,Chassis,6/1/2012,,3430
19731,GOUPIL,G3,Fourgon,1/1/2016,,3430
19739,GOUPIL,G3,Chassis,1/1/2016,,3430
20394,GOUPIL,G3 BENNE,Benne,6/1/2012,,3430
19738,GOUPIL,G3 BENNE,Benne,1/1/2016,,3430
19749,GOUPIL,G5,Fourgon,1/1/2016,,3432
19750,GOUPIL,G5,Chassis,1/1/2016,,3432
19740,GOUPIL,G5 BENNE,Benne,1/1/2016,,3432
17369,KIA,CADENZA,Berline,1/1/2011,,3449
20398,LIGIER PROFESSIONAL,BE SUN,Chassis,7/1/2011,,3463
19656,MORGAN,ROADSTER CABRIOLET,Cabriolet,11/1/2011,,3477
18588,RENAULT,R30,Berline,1/1/1979,3/31/1994,3505
16009,ALFA ROMEO,1750,Berline,3/1/1968,10/31/1972,3420
16010,ALFA ROMEO,2000 COUPE,Coupé,10/1/1971,7/31/1975,3420
16798,DS,DS3 PHASE 3,Berline,4/1/2016,,3507
16803,DS,DS4 1 PHASE 1,Berline,1/1/2011,3/31/2016,3175
16805,DS,DS5 PHASE 1,Berline,6/1/2011,5/31/2015,3508
16804,DS,DS5 PHASE 2,Berline,6/1/2015,,3508
16264,BMW,16020000000000,Berline,4/1/1971,7/31/1975,no category on Ovoko
16265,BMW,20020000000000,Berline,6/1/1968,4/30/1972,no category on Ovoko
16476,BUICK,U100 BREAK,Break,11/1/2002,,no category on Ovoko
17391,KIA,K 1,Chassis,12/1/1998,,no category on Ovoko
17457,LADA,CHEVROLET PHASE 2,Tout-Terrain,9/1/1994,,no category on Ovoko
20115,LAND ROVER,DEFENDER 5 LIMITED,Tout-Terrain,10/1/2016,,no category on Ovoko
17530,LAND ROVER,LAND ROVER,Tout-Terrain,1/1/1983,6/30/2001,no category on Ovoko
17758,MERCEDES,410D,Chassis,11/1/1988,6/30/1995,no category on Ovoko
19677,MORGAN,FOUR FOUR CABRIOLET,Cabriolet,1/1/2004,,no category on Ovoko
17316,JAGUAR,XJ 2 PHASE 2 CABRIOLET,Cabriolet,4/1/1988,9/30/1991,819
17317,JAGUAR,XJ 2 PHASE 2 COUPE,Coupé,1/1/1987,9/30/1991,819
17314,JAGUAR,XJ 2 PHASE 3 CABRIOLET,Cabriolet,9/1/1991,12/31/1996,818
17318,JAGUAR,XJ 2 PHASE 3 COUPE,Coupé,9/1/1991,12/31/1996,818
17326,JAGUAR,XJ XJ220 PHASE 3 COUPE,Coupé,9/1/1991,12/31/1996,818
16800,DS,DS3 CABRIOLET PHASE 2,Cabriolet,6/1/2014,3/31/2016,3506
16799,DS,DS3 CABRIOLET PHASE 3,Cabriolet,4/1/2016,,3506
16796,DS,DS3 PHASE 1,Berline,11/1/2009,6/30/2014,3506
16797,DS,DS3 PHASE 2,Berline,6/1/2014,4/30/2016,3506
17315,JAGUAR,XJ 2 PHASE 1 CABRIOLET,Cabriolet,3/1/1986,4/30/1988,2305
17319,JAGUAR,XJ 2 PHASE 1 COUPE,Coupé,1/1/1975,12/31/1983,2305
19682,MC LAREN,675LT CABRIOLET,Cabriolet,8/1/2016,,3435
19748,BLUECAR,BLUESUMMER CABRIOLET,Cabriolet,3/1/2015,,no category on Ovoko
19747,BLUECAR,BLUEUTILITY,Berline,1/1/2011,,no category on Ovoko
20401,BLUECAR,GOLIA,Minibus,1/1/2011,,no category on Ovoko
19758,BONETTI,FX100 35E6C BENNE,Benne,12/1/2017,,no category on Ovoko
20399,BRANDT MOTORS,CITELEC,Chassis,11/1/2013,,no category on Ovoko
20430,CECOMP,BLUECAR,Berline,1/1/2011,,no category on Ovoko
16562,CHRYSLER,ES,Berline,9/1/1987,6/30/1991,no category on Ovoko
20131,DR,3,SUV,2/1/2018,,no category on Ovoko
20354,DR,5,SUV,1/1/2020,,no category on Ovoko
20240,DR,F35,SUV,1/1/2020,,no category on Ovoko
19755,DR,ZERO,Berline,4/1/2015,,no category on Ovoko
20402,ESAGONO ENERGIA,GASTONE,Chassis,10/1/2016,,no category on Ovoko
20403,ESAGONO ENERGIA,GASTONE,Fourgon,10/1/2016,,no category on Ovoko
20255,ESAGONO ENERGIA,GASTONE BENNE,Benne,10/1/2016,,no category on Ovoko
20256,ESAGONO ENERGIA,GECO,Fourgon,10/1/2016,,no category on Ovoko
20424,ESAGONO ENERGIA,GOLIA,Minibus,1/1/2011,,no category on Ovoko
20257,ESAGONO ENERGIA,GRIFO,Fourgon,10/1/2016,,no category on Ovoko
20390,GARIA,UTILITY URBAN,Chassis,5/1/2021,,no category on Ovoko
19751,GIOTTI VICTORIA,C31,Chassis,3/1/2017,,no category on Ovoko
19746,GIOTTI VICTORIA,C31 BENNE,Benne,3/1/2017,,no category on Ovoko
19752,GIOTTI VICTORIA,C35,Fourgon,3/1/2017,,no category on Ovoko
19662,GIOTTI VICTORIA,K-SERIES,Chassis,1/1/2010,,no category on Ovoko
20033,GOUPIL,G6,Chassis,7/1/2020,,no category on Ovoko
20271,GOUPIL,G6,Fourgon,7/1/2020,,no category on Ovoko
19736,HELEM,COLIBUS,Fourgon,4/1/2017,,no category on Ovoko
20397,LUMENEO,NEOMA,Berline,1/1/2013,,no category on Ovoko
19986,MEGA,MW12 E-WORKER,Chassis,9/1/2014,,no category on Ovoko
19987,MEGA,MW12 E-WORKER,Fourgon,9/1/2014,,no category on Ovoko
17763,MERCEDES,507,Fourgon,4/1/1986,4/30/1989,no category on Ovoko
17764,MERCEDES,512,Chassis,9/1/1996,12/31/2010,no category on Ovoko
17767,MERCEDES,611,Chassis,6/1/1994,12/31/1994,no category on Ovoko
17867,MERCEDES,CLASSE GLE 166,SUV,4/1/2015,,1621
17910,MERCEDES,L 508,Chassis,1/1/1970,12/31/1988,no category on Ovoko
17911,MERCEDES,MB 100 631,Fourgon,7/1/1988,12/31/1991,no category on Ovoko
17712,MERCEDES,SERIE L 601,Fourgon,6/1/1982,1/31/1990,no category on Ovoko
17747,MERCEDES,SERIE L 602,Fourgon,7/1/1984,1/31/1994,no category on Ovoko
20457,MICRO-VETT,FIORINO,Combi,5/1/2009,,no category on Ovoko
20458,MICRO-VETT,FIORINO,Fourgon,1/1/2010,12/31/2012,no category on Ovoko
20378,MOBILIZE,LIMO,Berline,1/1/2022,,no category on Ovoko
19650,MPM MOTORS,ERELIS 160 COUPE,Coupé,11/1/2018,,no category on Ovoko
19745,MPM MOTORS,ERELIS PS160 COUPE,Coupé,11/1/2018,,no category on Ovoko
18094,NISSAN,PICK-UP 1,Pickup,1/1/1972,12/31/1984,no category on Ovoko
18664,ROVER,MINI PHASE 1,Berline,9/1/1978,6/30/1982,no category on Ovoko
19734,SECMA,FUN CABRIOLET,Cabriolet,4/1/2016,,no category on Ovoko
19224,VOLKSWAGEN,COCCINELLE,Berline,7/1/1970,12/31/1999,no category on Ovoko
19223,VOLKSWAGEN,COCCINELLE CABRIOLET,Cabriolet,7/1/1970,12/31/1999,no category on Ovoko
20139,VOLKSWAGEN,KAEFER,Berline,7/1/1970,12/31/1999,no category on Ovoko
16111,AUDI,A4 1 AVANT PHASE 1 BREAK,Break,4/1/1996,2/28/1999,1
16112,AUDI,A4 1 AVANT PHASE 2 BREAK,Break,2/1/1999,9/30/2001,2
16114,AUDI,A4 1 AVANT S4 PHASE 1 BREAK,Break,4/1/1996,2/28/1999,1
16113,AUDI,A4 1 AVANT S4 PHASE 2 BREAK,Break,2/1/1999,9/30/2001,2
16109,AUDI,A4 1 PHASE 1,Berline,2/1/1995,2/28/1999,1
16110,AUDI,A4 1 PHASE 2,Berline,2/1/1999,1/31/2001,2
16115,AUDI,A4 1 S4 PHASE 1,Berline,2/1/1995,2/28/1999,1
16116,AUDI,A4 1 S4 PHASE 2,Berline,2/1/1999,1/31/2001,2
16119,AUDI,A4 2 AVANT PHASE 1 BREAK,Break,9/1/2001,11/30/2004,3
16122,AUDI,A4 2 AVANT S4 PHASE 1 BREAK,Break,6/1/2001,11/30/2004,3
16124,AUDI,A4 2 CABRIO PHASE 1,Cabriolet,4/1/2002,12/31/2005,3
16117,AUDI,A4 2 PHASE 1,Berline,1/1/2001,11/30/2004,3
16126,AUDI,A4 2 S4 PHASE 1,Berline,1/1/2001,11/30/2004,3
16163,AUDI,A6 1,Berline,7/1/1994,6/30/1997,6
16164,AUDI,A6 1 AVANT BREAK,Break,7/1/1994,1/31/1998,6
19525,AUDI,A6 1 AVANT S6 BREAK,Break,7/1/1994,1/31/1998,6
19524,AUDI,A6 1 S6,Berline,7/1/1994,6/30/1997,6
16168,AUDI,A6 2 AVANT PHASE 1 BREAK,Break,3/1/1998,7/31/2001,7
16169,AUDI,A6 2 AVANT PHASE 2 BREAK,Break,7/1/2001,4/30/2005,7
16170,AUDI,A6 2 AVANT S6 PHASE 1 BREAK,Break,3/1/1998,7/31/2001,7
16171,AUDI,A6 2 AVANT S6 PHASE 2 BREAK,Break,7/1/2001,4/30/2005,7
16166,AUDI,A6 2 PHASE 1,Berline,6/1/1997,7/31/2001,7
16165,AUDI,A6 2 PHASE 2,Berline,7/1/2001,5/31/2004,7
16173,AUDI,A6 2 S6 PHASE 1,Berline,6/1/1997,7/31/2001,7
16172,AUDI,A6 2 S6 PHASE 2,Berline,7/1/2001,5/31/2004,7
17229,HYUNDAI,JOICE,Monospace,9/1/1998,12/31/2002,?
20431,VEPB,BLUECAR,Berline,10/1/2011,,?
20258,XYT,PIXEL XL,Chassis,4/1/2020,,?
16081,AUDI,A3 1 PHASE 1,Berline,9/1/1996,10/31/2000,20
16082,AUDI,A3 1 PHASE 2,Berline,10/1/2000,6/30/2003,20
16084,AUDI,A3 1 S3 PHASE 1,Berline,9/1/1996,10/31/2000,20
16083,AUDI,A3 1 S3 PHASE 2,Berline,10/1/2000,6/30/2003,20
16087,AUDI,A3 2 CABRIO PHASE 2,Cabriolet,2/1/2008,,21
16086,AUDI,A3 2 PHASE 1,Berline,6/1/2003,6/30/2008,21
16085,AUDI,A3 2 PHASE 2,Berline,6/1/2008,7/31/2012,21
16088,AUDI,A3 2 S3 PHASE 2,Berline,6/1/2008,7/31/2012,21
16096,AUDI,A3 3 CABRIO PHASE 1,Cabriolet,3/1/2014,8/31/2016,22
16097,AUDI,A3 3 CABRIO PHASE 2,Cabriolet,8/1/2016,,22
16099,AUDI,A3 3 CABRIO S3 PHASE 1,Cabriolet,3/1/2014,8/31/2016,22
16098,AUDI,A3 3 CABRIO S3 PHASE 2,Cabriolet,8/1/2016,,22
19494,AUDI,A3 3 LIMOUSINE PHASE 1,Berline,6/1/2013,8/31/2016,22
19493,AUDI,A3 3 LIMOUSINE PHASE 2,Berline,8/1/2016,,22
19496,AUDI,A3 3 LIMOUSINE S3 PHASE 1,Berline,6/1/2013,8/31/2016,22
19495,AUDI,A3 3 LIMOUSINE S3 PHASE 2,Berline,8/1/2016,,22
16095,AUDI,A3 3 PHASE 1,Berline,6/1/2012,8/31/2016,22
16094,AUDI,A3 3 PHASE 2,Berline,8/1/2016,,22
16101,AUDI,A3 3 S3 PHASE 1,Berline,6/1/2012,,22
16102,AUDI,A3 3 S3 PHASE 2,Berline,8/1/2016,,22
16103,AUDI,A3 3 SPORTBACK PHASE 1,Berline,10/1/2012,8/31/2016,22
16104,AUDI,A3 3 SPORTBACK PHASE 2,Berline,8/1/2016,,22
16107,AUDI,A3 3 SPORTBACK S3 PHASE 1,Berline,10/1/2012,8/31/2016,22
16108,AUDI,A3 3 SPORTBACK S3 PHASE 2,Berline,8/1/2016,,22
16120,AUDI,A4 2 AVANT PHASE 2 BREAK,Break,9/1/2004,4/30/2008,36
16121,AUDI,A4 2 AVANT S4 PHASE 2 BREAK,Break,9/1/2004,4/30/2008,36
19825,AUDI,A4 2 CABRIO PHASE 2,Cabriolet,9/1/2004,4/30/2008,36
16123,AUDI,A4 2 CABRIO PHASE 2,Cabriolet,2/1/2006,4/30/2009,36
16118,AUDI,A4 2 PHASE 2,Berline,9/1/2004,4/30/2008,36
16125,AUDI,A4 2 S4 PHASE 2,Berline,9/1/2004,4/30/2008,36
16130,AUDI,A4 3 AVANT PHASE 1 BREAK,Break,5/1/2008,10/31/2011,37
16131,AUDI,A4 3 AVANT PHASE 2 BREAK,Break,10/1/2011,2/29/2016,37
16133,AUDI,A4 3 AVANT S4 PHASE 1 BREAK,Break,5/1/2008,10/31/2011,37
16134,AUDI,A4 3 AVANT S4 PHASE 2 BREAK,Break,10/1/2011,10/31/2015,37
16127,AUDI,A4 3 PHASE 1,Berline,1/1/2008,10/31/2011,37
16128,AUDI,A4 3 PHASE 2,Berline,10/1/2011,2/29/2016,37
16136,AUDI,A4 3 S4 PHASE 1,Berline,1/1/2008,10/31/2011,37
16135,AUDI,A4 3 S4 PHASE 2,Berline,10/1/2011,10/31/2015,37
16139,AUDI,A4 4 AVANT PHASE 1 BREAK,Break,10/1/2015,9/30/2019,44
16141,AUDI,A4 4 AVANT S4 PHASE 1 BREAK,Break,10/1/2015,9/30/2019,44
16137,AUDI,A4 4 PHASE 1,Berline,10/1/2015,9/30/2019,44
16142,AUDI,A4 4 S4 PHASE 1,Berline,10/1/2015,9/30/2019,44
16178,AUDI,A6 3 AVANT PHASE 1 BREAK,Break,4/1/2005,10/31/2008,25
16179,AUDI,A6 3 AVANT PHASE 2 BREAK,Break,10/1/2008,12/31/2010,25
16180,AUDI,A6 3 AVANT S6 PHASE 1 BREAK,Break,4/1/2005,10/31/2008,25
16181,AUDI,A6 3 AVANT S6 PHASE 2 BREAK,Break,10/1/2008,12/31/2010,25
16174,AUDI,A6 3 PHASE 1,Berline,5/1/2004,10/31/2008,25
16175,AUDI,A6 3 PHASE 2,Berline,10/1/2008,12/31/2010,25
16182,AUDI,A6 3 S6 PHASE 1,Berline,5/1/2004,10/31/2008,25
16183,AUDI,A6 3 S6 PHASE 2,Berline,10/1/2008,12/31/2010,25
16367,BMW,SERIE 5 E34,Berline,2/1/1988,6/30/1994,23
16369,BMW,SERIE 5 E34 TOURING BREAK,Break,2/1/1992,6/30/1994,23
19503,BMW,SERIE 7 ALPINA F02,Berline,10/1/2010,,29
16420,BMW,SERIE 7 E23,Berline,1/1/1977,6/30/1986,33
16421,BMW,SERIE 7 E32,Berline,12/1/1986,5/31/1994,34
16422,BMW,SERIE 7 E38,Berline,6/1/1994,12/31/2001,32
16423,BMW,SERIE 7 E65 PHASE 1,Berline,11/1/2001,3/31/2005,30
16424,BMW,SERIE 7 E65 PHASE 2,Berline,3/1/2005,1/31/2009,30
16425,BMW,SERIE 7 E66 LIMOUSINE PHASE 1,Berline,11/1/2001,3/31/2005,30
16426,BMW,SERIE 7 E66 LIMOUSINE PHASE 2,Berline,3/1/2005,1/31/2009,30
16429,BMW,SERIE 7 F01/F04 LIMOUSINE PHASE 1,Berline,10/1/2008,5/31/2012,29
16427,BMW,SERIE 7 F01/F04 PHASE 1,Berline,10/1/2008,5/31/2012,29
16428,BMW,SERIE 7 F01/F04 PHASE 2,Berline,6/1/2012,,29
16432,BMW,SERIE 7 F02/F04 LIMOUSINE PHASE 1,Berline,10/1/2008,5/31/2012,29
16433,BMW,SERIE 7 F02/F04 LIMOUSINE PHASE 2,Berline,6/1/2012,,29
19123,OPEL,ASTRA F CABRIOLET,Cabriolet,7/1/1994,12/31/1999,38
18166,OPEL,ASTRA F DELVAN,Fourgon,7/1/1994,9/30/1998,38
18164,OPEL,ASTRA F PHASE 1,Berline,10/1/1991,6/30/1994,38
18162,OPEL,ASTRA F PHASE 1 BREAK,Break,10/1/1991,6/30/1994,38
18165,OPEL,ASTRA F PHASE 1 CABRIOLET,Cabriolet,7/1/1993,6/30/1994,38
18160,OPEL,ASTRA F PHASE 2,Berline,7/1/1994,5/31/2000,38
19817,OPEL,ASTRA F PHASE 2,Berline,7/1/1994,9/30/1998,38
18161,OPEL,ASTRA F PHASE 2 BREAK,Break,7/1/1994,9/30/1998,38
18163,OPEL,ASTRA F PHASE 2 CABRIOLET,Cabriolet,7/1/1994,12/31/1999,38
18549,RENAULT,MEGANE 1 BREAK,Break,3/1/1999,6/30/2003,31
18543,RENAULT,MEGANE 1 PHASE 1,Berline,11/1/1995,3/31/1999,31
18547,RENAULT,MEGANE 1 PHASE 1 CABRIOLET,Cabriolet,2/1/1997,3/31/1999,31
18545,RENAULT,MEGANE 1 PHASE 1 COUPE,Coupé,11/1/1995,3/31/1999,31
18544,RENAULT,MEGANE 1 PHASE 2,Berline,3/1/1999,10/31/2002,31
18548,RENAULT,MEGANE 1 PHASE 2 CABRIOLET,Cabriolet,3/1/1999,6/30/2003,31
18546,RENAULT,MEGANE 1 PHASE 2 COUPE,Coupé,3/1/1999,9/30/2002,31
19832,VAUXHALL,ASTRA F CABRIOLET,Cabriolet,7/1/1994,12/31/1999,38
19124,VAUXHALL,ASTRA F PHASE 2,Berline,7/1/1994,9/30/1998,38
19125,VAUXHALL,ASTRA F PHASE 2 BREAK,Break,7/1/1994,3/31/1998,38
19214,VOLKSWAGEN,BEETLE 2 CABRIO PHASE 1,Cabriolet,1/1/2013,5/31/2016,98
19215,VOLKSWAGEN,BEETLE 2 CABRIO PHASE 2,Cabriolet,6/1/2016,,98
19212,VOLKSWAGEN,BEETLE 2 PHASE 1,Berline,9/1/2011,5/31/2016,98
19213,VOLKSWAGEN,BEETLE 2 PHASE 2,Berline,6/1/2016,,98
19216,VOLKSWAGEN,BORA,Berline,10/1/1998,12/31/2005,91
19217,VOLKSWAGEN,BORA BREAK,Break,6/1/1999,12/31/2005,91
19218,VOLKSWAGEN,CADDY 1,Fourgon,8/1/1983,7/31/1992,76
19219,VOLKSWAGEN,CADDY 2,Fourgon,9/1/1996,3/31/2004,77
19220,VOLKSWAGEN,CADDY 3 PHASE 1,Combi,3/1/2004,7/31/2010,74
19221,VOLKSWAGEN,CADDY 3 PHASE 2,Combi,7/1/2010,5/31/2015,74
19232,VOLKSWAGEN,GOLF 1,Berline,7/1/1980,12/31/1993,63
19233,VOLKSWAGEN,GOLF 1 CABRIOLET,Cabriolet,7/1/1981,12/31/1993,63
19234,VOLKSWAGEN,GOLF 2,Berline,1/1/1984,6/30/1992,62
19235,VOLKSWAGEN,GOLF 3,Berline,1/1/1992,12/31/1997,61
19236,VOLKSWAGEN,GOLF 3 BREAK,Break,2/1/1994,6/30/1999,61
19237,VOLKSWAGEN,GOLF 3 CABRIOLET,Cabriolet,1/1/1994,4/30/1998,61
19240,VOLKSWAGEN,GOLF 4,Berline,1/1/1998,5/31/2004,60
19239,VOLKSWAGEN,GOLF 4 BREAK,Break,6/1/1999,12/31/2005,60
19238,VOLKSWAGEN,GOLF 4 CABRIOLET,Cabriolet,4/1/1998,5/31/2004,60
19241,VOLKSWAGEN,GOLF 5,Berline,11/1/2003,10/31/2008,59
19242,VOLKSWAGEN,GOLF 5 BREAK,Break,6/1/2007,12/31/2009,59
19243,VOLKSWAGEN,GOLF 6,Berline,10/1/2008,4/30/2013,58
19244,VOLKSWAGEN,GOLF 6 BREAK,Break,10/1/2009,4/30/2013,58
19245,VOLKSWAGEN,GOLF 6 CABRIOLET,Cabriolet,6/1/2011,,58
19246,VOLKSWAGEN,GOLF 7 PHASE 1,Berline,10/1/2012,2/28/2017,57
19247,VOLKSWAGEN,GOLF 7 PHASE 1 BREAK,Break,9/1/2013,2/28/2017,57
19248,VOLKSWAGEN,GOLF 7 PHASE 2,Berline,2/1/2017,,57
19249,VOLKSWAGEN,GOLF 7 PHASE 2 BREAK,Break,2/1/2017,,57
19518,VOLKSWAGEN,GOLF 7 SOCIETE PHASE 2,Berline,2/1/2017,,57
19251,VOLKSWAGEN,GOLF PLUS PHASE 1,Berline,3/1/2005,3/31/2009,95
19250,VOLKSWAGEN,GOLF PLUS PHASE 2,Berline,4/1/2009,12/31/2014,95
19252,VOLKSWAGEN,GOLF SPORTSVAN PHASE 1,Monospace,2/1/2014,12/31/2017,97
19253,VOLKSWAGEN,GOLF SPORTSVAN PHASE 2,Monospace,10/1/2017,,97
19255,VOLKSWAGEN,JETTA 1,Berline,7/1/1981,4/30/1984,84
19256,VOLKSWAGEN,JETTA 2,Berline,4/1/1984,1/31/1992,83
19257,VOLKSWAGEN,JETTA 3,Berline,9/1/2005,12/31/2010,82
19258,VOLKSWAGEN,JETTA 4,Berline,1/1/2011,12/31/2014,81
19259,VOLKSWAGEN,JETTA 5,Berline,9/1/2014,,81
19260,VOLKSWAGEN,LT 1,Fourgon,12/1/1982,6/30/1996,88
19261,VOLKSWAGEN,LT 2,Fourgon,9/1/1996,12/31/2005,87
19829,VOLKSWAGEN,LT 2,Chassis,9/1/1996,12/31/2005,87
19262,VOLKSWAGEN,LUPO,Berline,10/1/1998,6/30/2005,90
19263,VOLKSWAGEN,NEW BEETLE 1 PHASE 1,Berline,1/1/1999,10/31/2005,99
19266,VOLKSWAGEN,NEW BEETLE 1 PHASE 1 CABRIOLET,Cabriolet,6/1/2003,10/31/2005,99
19264,VOLKSWAGEN,NEW BEETLE 1 PHASE 2,Berline,10/1/2005,10/31/2011,99
19265,VOLKSWAGEN,NEW BEETLE 1 PHASE 2 CABRIOLET,Cabriolet,10/1/2005,12/31/2011,99
19270,VOLKSWAGEN,PASSAT 2 PHASE 1,Berline,9/1/1979,3/31/1985,54
19267,VOLKSWAGEN,PASSAT 2 PHASE 1 BREAK,Break,9/1/1979,3/31/1985,54
19269,VOLKSWAGEN,PASSAT 2 PHASE 2,Berline,3/1/1985,4/30/1988,53
19268,VOLKSWAGEN,PASSAT 2 PHASE 2 BREAK,Break,3/1/1985,4/30/1988,53
19271,VOLKSWAGEN,PASSAT 3 PHASE 1,Berline,4/1/1988,11/30/1993,52
19272,VOLKSWAGEN,PASSAT 3 PHASE 1 BREAK,Break,4/1/1988,11/30/1993,52
19273,VOLKSWAGEN,PASSAT 3 PHASE 2,Berline,11/1/1993,9/30/1996,51
19274,VOLKSWAGEN,PASSAT 3 PHASE 2 BREAK,Break,11/1/1993,12/31/1996,51
19276,VOLKSWAGEN,PASSAT 4 PHASE 1,Berline,10/1/1996,10/31/2000,50
19277,VOLKSWAGEN,PASSAT 4 PHASE 1 BREAK,Break,7/1/1997,10/31/2000,50
19275,VOLKSWAGEN,PASSAT 4 PHASE 2,Berline,10/1/2000,3/31/2005,49
19278,VOLKSWAGEN,PASSAT 4 PHASE 2 BREAK,Break,10/1/2000,9/30/2005,49
19280,VOLKSWAGEN,PASSAT 5,Berline,3/1/2005,10/31/2010,48
19279,VOLKSWAGEN,PASSAT 5 BREAK,Break,9/1/2005,10/31/2010,48
19281,VOLKSWAGEN,PASSAT 5 CC COUPE,Coupé,6/1/2008,7/31/2011,47
19282,VOLKSWAGEN,PASSAT 6,Berline,10/1/2010,8/31/2014,46
19283,VOLKSWAGEN,PASSAT 6 BREAK,Break,10/1/2010,8/31/2014,46
19284,VOLKSWAGEN,PASSAT 6 CC COUPE,Coupé,11/1/2011,,47
19285,VOLKSWAGEN,PASSAT 7 PHASE 1,Berline,9/1/2014,7/31/2019,45
19286,VOLKSWAGEN,PASSAT 7 PHASE 1 BREAK,Break,9/1/2014,7/31/2019,45
19701,VOLKSWAGEN,PASSAT 7 PHASE 2,Berline,7/1/2019,,45
19702,VOLKSWAGEN,PASSAT 7 PHASE 2 BREAK,Break,7/1/2019,,45
19289,VOLKSWAGEN,POLO 1,Berline,4/1/1975,8/31/1981,68
19293,VOLKSWAGEN,POLO 2,Berline,12/1/1980,12/31/1992,67
19290,VOLKSWAGEN,POLO 2 PHASE 1,Berline,11/1/1981,10/31/1990,67
19294,VOLKSWAGEN,POLO 2 PHASE 1 COUPE,Coupé,11/1/1981,10/31/1990,67
19291,VOLKSWAGEN,POLO 2 PHASE 2,Berline,10/1/1990,6/30/1994,67
19292,VOLKSWAGEN,POLO 2 PHASE 2 COUPE,Coupé,10/1/1990,6/30/1994,67
19295,VOLKSWAGEN,POLO 2 VARIANT PHASE 1 BREAK,Break,11/1/1981,10/31/1990,67
19298,VOLKSWAGEN,POLO 3 CLASSIC/FLIGHT,Berline,3/1/1996,12/31/2001,66
19296,VOLKSWAGEN,POLO 3 PHASE 1,Berline,10/1/1994,11/30/1999,66
19297,VOLKSWAGEN,POLO 3 PHASE 2,Berline,11/1/1999,12/31/2001,66
19299,VOLKSWAGEN,POLO 3 VARIANT BREAK,Break,5/1/1996,11/30/1999,66
19301,VOLKSWAGEN,POLO 4 PHASE 2,Berline,5/1/2005,9/30/2009,65
19302,VOLKSWAGEN,POLO 5 PHASE 1,Berline,9/1/2009,5/31/2014,64
19303,VOLKSWAGEN,POLO 5 PHASE 2,Berline,2/1/2014,,64
19305,VOLKSWAGEN,POLO COUPE PHASE 1,Coupé,2/1/1983,10/31/1990,67
19306,VOLKSWAGEN,POLO COUPE PHASE 2,Coupé,10/1/1990,6/30/1994,67
19313,VOLKSWAGEN,SHARAN 1 PHASE 1,Monospace,10/1/1995,6/30/2000,80
19311,VOLKSWAGEN,SHARAN 1 PHASE 2,Monospace,6/1/2000,12/31/2003,79
19312,VOLKSWAGEN,SHARAN 1 PHASE 3,Monospace,1/1/2004,9/30/2010,79
19314,VOLKSWAGEN,SHARAN 2 PHASE 1,Monospace,6/1/2010,6/30/2015,78
19315,VOLKSWAGEN,SHARAN 2 PHASE 2,Monospace,6/1/2015,,78
19319,VOLKSWAGEN,TIGUAN 1 PHASE 1,SUV,11/1/2007,4/30/2011,94
19320,VOLKSWAGEN,TIGUAN 1 PHASE 2,SUV,4/1/2011,12/31/2016,94
19323,VOLKSWAGEN,TOUAREG 1 PHASE 1,Tout-Terrain,11/1/2002,12/31/2006,92
19324,VOLKSWAGEN,TOUAREG 1 PHASE 2,Tout-Terrain,1/1/2007,4/30/2010,92
19325,VOLKSWAGEN,TOUAREG 2 PHASE 1,Tout-Terrain,6/1/2010,12/31/2014,93
19326,VOLKSWAGEN,TOUAREG 2 PHASE 2,Tout-Terrain,12/1/2014,,93
20437,VOLKSWAGEN,TOUAREG 2 SOCIETE PHASE 1,Tout-Terrain,6/1/2010,12/31/2014,93
19328,VOLKSWAGEN,TOURAN 1 PHASE 1,Monospace,3/1/2003,12/31/2006,85
19329,VOLKSWAGEN,TOURAN 1 PHASE 2,Monospace,11/1/2006,9/30/2010,85
19330,VOLKSWAGEN,TOURAN 2,Monospace,9/1/2010,6/30/2015,86
19332,VOLKSWAGEN,TRANSPORTER 3,Minibus,8/1/1982,9/30/1990,72
19492,VOLKSWAGEN,TRANSPORTER 4 PHASE 1,Minibus,8/1/1982,9/30/1990,70
19333,VOLKSWAGEN,TRANSPORTER 4 PHASE 1,Chassis,9/1/1990,3/31/1996,70
19334,VOLKSWAGEN,TRANSPORTER 4 PHASE 2,Minibus,3/1/1996,6/30/2003,70
20275,VOLKSWAGEN,TRANSPORTER 5 PHASE 2,Fourgon,11/1/2009,,69
19316,VOLKSWAGEN,TRANSPORTER 6 PHASE 1,Chassis,6/1/2015,1/31/2020,71
19584,VOLKSWAGEN,TRANSPORTER 6 PHASE 1,Fourgon,6/1/2015,1/31/2020,71
19719,VOLKSWAGEN,TRANSPORTER 6 PHASE 1,Minibus,6/1/2015,1/31/2020,71
20045,VOLKSWAGEN,TRANSPORTER 6 PHASE 2,Minibus,1/1/2020,,71
20046,VOLKSWAGEN,TRANSPORTER 6 PHASE 2,Fourgon,1/1/2020,,71
19341,VOLKSWAGEN,VENTO,Berline,4/1/1992,12/31/1997,89
20094,AIXAM,400,Berline,10/1/1996,8/31/2002,341
20095,AIXAM,500,Berline,12/1/1997,3/31/2004,342
20096,AIXAM,S8 CROSSLINE,Berline,1/1/2012,12/31/2016,346
15992,ALFA ROMEO,145 PHASE 1,Berline,8/1/1994,4/30/1999,352
15993,ALFA ROMEO,145 PHASE 2,Berline,4/1/1999,10/31/2001,352
15994,ALFA ROMEO,146 PHASE 1,Berline,4/1/1995,4/30/1999,352
15995,ALFA ROMEO,146 PHASE 2,Berline,4/1/1999,10/31/2001,352
15997,ALFA ROMEO,147 PHASE 1,Berline,9/1/2000,9/30/2004,351
15996,ALFA ROMEO,147 PHASE 2,Berline,9/1/2004,6/30/2010,351
15998,ALFA ROMEO,155,Berline,4/1/1992,5/31/1998,353
15999,ALFA ROMEO,156 PHASE 1,Berline,10/1/1997,12/31/2001,349
16004,ALFA ROMEO,156 PHASE 1 BREAK,Break,4/1/2000,12/31/2001,349
16000,ALFA ROMEO,156 PHASE 2,Berline,1/1/2002,7/31/2003,349
16003,ALFA ROMEO,156 PHASE 2 BREAK,Break,1/1/2002,7/31/2003,349
16001,ALFA ROMEO,156 PHASE 3,Berline,7/1/2003,12/31/2005,349
16002,ALFA ROMEO,156 PHASE 3 BREAK,Break,7/1/2003,4/30/2007,349
16005,ALFA ROMEO,159,Berline,9/1/2005,5/31/2013,358
16006,ALFA ROMEO,159 BREAK,Break,3/1/2006,5/31/2013,358
16007,ALFA ROMEO,164,Berline,7/1/1988,8/31/1998,350
16011,ALFA ROMEO,33 PHASE 1,Berline,7/1/1983,10/31/1986,355
16014,ALFA ROMEO,33 PHASE 1 BREAK,Break,7/1/1983,10/31/1986,355
16012,ALFA ROMEO,33 PHASE 2,Berline,10/1/1986,3/31/1990,355
16013,ALFA ROMEO,33 PHASE 2 BREAK,Break,10/1/1986,3/31/1990,355
16015,ALFA ROMEO,33 PHASE 3,Berline,3/1/1990,6/30/1995,355
16016,ALFA ROMEO,33 PHASE 3 BREAK,Break,3/1/1990,6/30/1995,355
16020,ALFA ROMEO,75 PHASE 1,Berline,11/1/1985,12/31/1988,357
16021,ALFA ROMEO,75 PHASE 2,Berline,12/1/1988,1/31/1993,357
16023,ALFA ROMEO,8C CABRIOLET,Cabriolet,1/1/2009,12/31/2010,367
16022,ALFA ROMEO,8C COUPE,Coupé,9/1/2007,10/31/2008,367
16024,ALFA ROMEO,90,Berline,1/1/1985,6/30/1987,362
16025,ALFA ROMEO,ALFASUD,Berline,1/1/1972,6/30/1984,359
16027,ALFA ROMEO,ALFETTA COUPE,Coupé,5/1/1980,12/31/1987,363
16028,ALFA ROMEO,ALFETTA PHASE 1,Berline,1/1/1972,6/30/1983,363
16026,ALFA ROMEO,ALFETTA PHASE 2,Berline,6/1/1983,6/30/1985,363
16029,ALFA ROMEO,BRERA COUPE,Coupé,1/1/2006,12/31/2010,369
16032,ALFA ROMEO,GIULIETTA 1,Berline,1/1/1978,12/31/1986,365
16033,ALFA ROMEO,GIULIETTA 2 PHASE 1,Berline,3/1/2010,12/31/2013,365
16034,ALFA ROMEO,GIULIETTA 2 PHASE 2,Berline,9/1/2013,3/31/2016,365
16035,ALFA ROMEO,GIULIETTA 2 PHASE 3,Berline,3/1/2016,,365
16036,ALFA ROMEO,GT COUPE,Coupé,3/1/2004,12/31/2010,364
16037,ALFA ROMEO,GTV COUPE,Coupé,4/1/1995,12/31/2005,356
16038,ALFA ROMEO,MITO PHASE 1,Berline,9/1/2008,5/31/2016,368
16039,ALFA ROMEO,MITO PHASE 2,Berline,6/1/2016,,368
16042,ALFA ROMEO,SPIDER 1 PHASE 1 CABRIOLET,Cabriolet,4/1/1995,5/31/2003,360
16041,ALFA ROMEO,SPIDER 1 PHASE 2 CABRIOLET,Cabriolet,7/1/1990,6/30/1994,360
16043,ALFA ROMEO,SPIDER 2 PHASE 1 CABRIOLET,Cabriolet,4/1/1995,5/31/2003,360
16044,ALFA ROMEO,SPIDER 2 PHASE 2 CABRIOLET,Cabriolet,5/1/2003,1/31/2006,360
16045,ALFA ROMEO,SPIDER 3 CABRIOLET,Cabriolet,9/1/2006,12/31/2010,360
19659,ASTON MARTIN,VANQUISH CABRIOLET,Cabriolet,9/1/2013,,374
19649,ASTON MARTIN,VANQUISH COUPE,Coupé,10/1/2012,,374
16050,AUDI,100 1 AVANT PHASE 1 BREAK,Break,7/1/1976,6/30/1982,308
16048,AUDI,100 1 PHASE 1 BREAK,Break,7/1/1976,6/30/1982,308
16049,AUDI,100 1 PHASE 2,Berline,7/1/1979,6/30/1982,308
16055,AUDI,100 2 AVANT PHASE 1 BREAK,Break,7/1/1983,2/29/1988,309
16054,AUDI,100 2 AVANT PHASE 2 BREAK,Break,2/1/1988,1/31/1991,309
16053,AUDI,100 2 PHASE 1,Berline,7/1/1982,2/29/1988,309
16052,AUDI,100 2 PHASE 1 BREAK,Break,7/1/1983,2/29/1988,309
16051,AUDI,100 2 PHASE 2,Berline,2/1/1988,1/31/1991,309
16056,AUDI,100 3,Berline,11/1/1991,6/30/1994,310
16057,AUDI,100 3 AVANT BREAK,Break,11/1/1991,6/30/1994,310
19526,AUDI,100 3 AVANT S4 BREAK,Break,11/1/1991,6/30/1994,310
19523,AUDI,100 3 S4,Berline,11/1/1991,6/30/1994,310
16062,AUDI,80 1 PHASE 1,Berline,10/1/1980,6/30/1984,312
16061,AUDI,80 1 PHASE 2,Berline,7/1/1984,10/31/1986,312
16063,AUDI,80 2 PHASE 1,Berline,10/1/1980,6/30/1984,312
16066,AUDI,80 3 AVANT PHASE 2 BREAK,Break,11/1/1992,6/30/1995,314
16067,AUDI,80 3 AVANT RS2 PHASE 2 BREAK,Break,11/1/1992,6/30/1995,334
19483,AUDI,80 3 AVANT S2 PHASE 2 BREAK,Break,11/1/1992,6/30/1995,314
16064,AUDI,80 3 PHASE 1,Berline,10/1/1986,11/30/1991,313
16065,AUDI,80 3 PHASE 2,Berline,11/1/1991,6/30/1995,314
19482,AUDI,80 3 S2 PHASE 2,Berline,11/1/1991,6/30/1995,314
16068,AUDI,90 1,Berline,7/1/1984,6/30/1987,312
16069,AUDI,90 2,Berline,7/1/1987,6/30/1991,313
16070,AUDI,A1 1 PHASE 1,Berline,6/1/2010,3/31/2015,331
16071,AUDI,A1 1 PHASE 2,Berline,1/1/2015,,331
16074,AUDI,A1 1 S1 PHASE 1,Berline,6/1/2010,3/31/2015,331
16075,AUDI,A1 1 S1 PHASE 2,Berline,12/1/2014,,331
16077,AUDI,A1 1 SPORTBACK PHASE 1,Berline,1/1/2012,12/31/2014,331
16076,AUDI,A1 1 SPORTBACK PHASE 2,Berline,12/1/2014,,331
16079,AUDI,A1 1 SPORTBACK S1 PHASE 1,Berline,1/1/2012,12/31/2014,331
16078,AUDI,A1 1 SPORTBACK S1 PHASE 2,Berline,12/1/2014,,331
16080,AUDI,A2,Berline,7/1/2000,12/31/2005,324
16090,AUDI,A3 2 SPORTBACK PHASE 1,Berline,9/1/2004,6/30/2008,306
16089,AUDI,A3 2 SPORTBACK PHASE 2,Berline,6/1/2008,7/31/2012,306
16093,AUDI,A3 2 SPORTBACK S3 PHASE 1,Berline,9/1/2004,6/30/2008,306
16092,AUDI,A3 2 SPORTBACK S3 PHASE 2,Berline,6/1/2008,7/31/2012,306
19819,AUDI,A4 1 AVANT RS4 PHASE 2 BREAK,Break,2/1/1999,9/30/2001,335
16129,AUDI,A4 3 ALLROAD BREAK,Break,3/1/2009,5/31/2016,333
16138,AUDI,A4 4 ALLROAD PHASE 1 BREAK,Break,5/1/2016,6/30/2019,333
19998,AUDI,A4 4 ALLROAD PHASE 2 BREAK,Break,6/1/2019,,333
16143,AUDI,A5 1 CABRIO PHASE 1,Cabriolet,1/1/2009,12/31/2011,325
16144,AUDI,A5 1 CABRIO PHASE 2,Cabriolet,9/1/2011,6/30/2016,325
16146,AUDI,A5 1 CABRIO S5 PHASE 1,Cabriolet,1/1/2009,12/31/2011,326
16147,AUDI,A5 1 CABRIO S5 PHASE 2,Cabriolet,9/1/2011,,326
16148,AUDI,A5 1 COUPE PHASE 1,Coupé,7/1/2007,7/31/2011,325
16149,AUDI,A5 1 COUPE PHASE 2,Coupé,9/1/2011,6/30/2016,325
16151,AUDI,A5 1 COUPE S5 PHASE 1,Coupé,7/1/2007,7/31/2011,326
16152,AUDI,A5 1 COUPE S5 PHASE 2,Coupé,8/1/2011,6/30/2016,326
16167,AUDI,A6 2 ALLROAD PHASE 2 BREAK,Break,7/1/2000,12/31/2005,318
16177,AUDI,A6 3 ALLROAD PHASE 1 BREAK,Break,6/1/2006,10/31/2008,319
16176,AUDI,A6 3 ALLROAD PHASE 2 BREAK,Break,10/1/2008,1/31/2012,319
16186,AUDI,A6 4 ALLROAD PHASE 1 BREAK,Break,2/1/2012,2/28/2015,320
16187,AUDI,A6 4 ALLROAD PHASE 2 BREAK,Break,11/1/2014,,320
16188,AUDI,A6 4 AVANT PHASE 1 BREAK,Break,1/1/2011,2/28/2015,203
16189,AUDI,A6 4 AVANT PHASE 2 BREAK,Break,9/1/2014,,203
16193,AUDI,A6 4 AVANT S6 PHASE 1 BREAK,Break,1/1/2011,2/28/2015,203
16192,AUDI,A6 4 AVANT S6 PHASE 2 BREAK,Break,9/1/2014,,203
16184,AUDI,A6 4 PHASE 1,Berline,1/1/2011,2/28/2015,203
16185,AUDI,A6 4 PHASE 2,Berline,9/1/2014,,203
16194,AUDI,A6 4 S6 PHASE 1,Berline,1/1/2011,2/28/2015,203
16195,AUDI,A6 4 S6 PHASE 2,Berline,9/1/2014,,203
16200,AUDI,A7 1 SPORTBACK PHASE 1,Berline,10/1/2010,12/31/2014,337
16199,AUDI,A7 1 SPORTBACK PHASE 2,Berline,1/1/2015,,337
16203,AUDI,A7 1 SPORTBACK S7 PHASE 1,Berline,10/1/2010,12/31/2014,337
16204,AUDI,A7 1 SPORTBACK S7 PHASE 2,Berline,1/1/2015,,337
16205,AUDI,A8 1 PHASE 1,Berline,9/1/1994,2/28/1999,315
16206,AUDI,A8 1 PHASE 2,Berline,2/1/1999,11/30/2002,315
16207,AUDI,A8 1 S8 PHASE 1,Berline,9/1/1994,2/28/1999,315
16208,AUDI,A8 1 S8 PHASE 2,Berline,2/1/1999,11/30/2002,315
16209,AUDI,A8 2 PHASE 1,Berline,11/1/2002,12/31/2007,316
16210,AUDI,A8 2 S8 PHASE 1,Berline,11/1/2002,12/31/2007,316
16211,AUDI,A8 2 S8 PHASE 2,Berline,12/1/2007,12/31/2009,316
16212,AUDI,A8 3 PHASE 1,Berline,1/1/2010,12/31/2013,317
16213,AUDI,A8 3 PHASE 2,Berline,9/1/2013,,317
16215,AUDI,A8 3 S8 PHASE 1,Berline,1/1/2010,12/31/2013,317
16214,AUDI,A8 3 S8 PHASE 2,Berline,1/1/2014,,317
16224,AUDI,Q3 1 PHASE 1,SUV,6/1/2011,2/28/2015,340
16223,AUDI,Q3 1 PHASE 2,SUV,2/1/2015,,340
16226,AUDI,Q3 1 RS PHASE 1,SUV,6/1/2011,,339
16229,AUDI,Q5 1 PHASE 1,SUV,10/1/2008,7/31/2012,330
16228,AUDI,Q5 1 PHASE 2,SUV,7/1/2012,,330
16230,AUDI,Q5 1 SQ5 PHASE 2,SUV,7/1/2012,10/31/2016,330
16234,AUDI,Q7 1 PHASE 1,SUV,3/1/2006,4/30/2009,328
16233,AUDI,Q7 1 PHASE 2,SUV,4/1/2009,4/30/2015,328
16235,AUDI,Q7 2 PHASE 1,SUV,4/1/2015,10/31/2019,329
19995,AUDI,Q7 2 PHASE 2,SUV,10/1/2019,,329
16240,AUDI,R8 1 COUPE PHASE 1,Coupé,9/1/2006,9/30/2012,338
19826,AUDI,R8 1 COUPE PHASE 1,Coupé,1/1/2010,9/30/2012,338
16241,AUDI,R8 1 COUPE PHASE 2,Coupé,9/1/2012,,338
16243,AUDI,R8 1 SPYDER PHASE 1 CABRIOLET,Cabriolet,1/1/2010,9/30/2012,338
16242,AUDI,R8 1 SPYDER PHASE 2 CABRIOLET,Cabriolet,9/1/2012,,338
16245,AUDI,TT 1 COUPE,Coupé,10/1/1998,9/30/2006,321
16247,AUDI,TT 1 ROADSTER CABRIOLET,Cabriolet,9/1/1999,9/30/2006,321
16249,AUDI,TT 2 COUPE PHASE 1,Coupé,9/1/2006,4/30/2010,322
16248,AUDI,TT 2 COUPE PHASE 2,Coupé,4/1/2010,3/31/2014,322
16253,AUDI,TT 2 COUPE RS PHASE 1,Coupé,2/1/2009,4/30/2010,322
16252,AUDI,TT 2 COUPE RS PHASE 2,Coupé,4/1/2010,3/31/2014,322
16251,AUDI,TT 2 ROADSTER PHASE 1 CABRIOLET,Cabriolet,1/1/2007,4/30/2010,322
16250,AUDI,TT 2 ROADSTER PHASE 2 CABRIOLET,Cabriolet,4/1/2010,3/31/2014,322
16255,AUDI,TT 2 ROADSTER RS PHASE 1 CABRIOLET,Cabriolet,2/1/2009,4/30/2010,322
16254,AUDI,TT 2 ROADSTER RS PHASE 2 CABRIOLET,Cabriolet,4/1/2010,3/31/2014,322
16256,AUDI,TT 3 COUPE PHASE 1,Coupé,9/1/2014,11/30/2018,323
16257,AUDI,TT 3 COUPE PHASE 2,Coupé,12/1/2018,,323
19587,AUDI,TT 3 COUPE RS PHASE 2,Coupé,12/1/2018,,323
16258,AUDI,TT 3 ROADSTER PHASE 1 CABRIOLET,Cabriolet,11/1/2014,11/30/2018,323
16259,AUDI,TT 3 ROADSTER PHASE 2 CABRIOLET,Cabriolet,12/1/2018,,323
19720,AUDI,TT 3 ROADSTER PHASE 2 CABRIOLET,Cabriolet,10/1/2019,,323
16260,AUDI,TT 3 ROADSTER RS PHASE 2 CABRIOLET,Cabriolet,12/1/2018,,323
20107,AUDI,TTS 3 COUPE PHASE 2,Coupé,12/1/2018,,323
20108,AUDI,TTS 3 ROADSTER PHASE 2 CABRIOLET,Cabriolet,12/1/2018,,323
16261,AUDI,V8 2,Berline,7/1/1989,6/30/1994,327
16470,BUICK,CENTURY,Berline,10/1/1981,8/31/1986,390
16471,BUICK,ELECTRA,Berline,10/1/1986,9/30/1989,389
16472,BUICK,LE SABRE,Berline,10/1/1995,9/30/1999,387
16473,BUICK,PARK AVENUE,Berline,1/1/1991,12/31/2005,384
16474,BUICK,REGAL COUPE,Coupé,9/1/1989,12/31/1995,388
16477,CADILLAC,ALLANTE CABRIOLET,Cabriolet,10/1/1988,9/30/1993,405
16480,CADILLAC,BLS,Berline,1/1/2006,6/30/2010,400
16481,CADILLAC,BLS BREAK,Break,1/1/2006,6/30/2010,400
16483,CADILLAC,CTS 1,Berline,1/1/2003,12/31/2007,402
16484,CADILLAC,CTS 2,Berline,12/1/2007,12/31/2013,402
16485,CADILLAC,CTS 2 BREAK,Break,12/1/2007,12/31/2013,402
16486,CADILLAC,CTS 2 COUPE,Coupé,12/1/2007,12/31/2013,402
16488,CADILLAC,CTS 3,Berline,1/1/2014,,402
16487,CADILLAC,CTS 3 COUPE,Coupé,1/1/2014,,402
16489,CADILLAC,DEVILLE,Berline,9/1/1987,9/30/1993,397
16490,CADILLAC,ELDORADO COUPE,Coupé,10/1/1987,,401
16491,CADILLAC,ESCALADE 1,SUV,10/1/1998,12/31/2006,403
16492,CADILLAC,ESCALADE 2,SUV,1/1/2007,6/30/2015,403
16493,CADILLAC,ESCALADE 3,SUV,7/1/2015,,403
16494,CADILLAC,FLEETWOOD,Berline,9/1/1980,9/30/1993,404
16495,CADILLAC,SEVILLE 1,Berline,1/1/1982,9/30/1997,398
16496,CADILLAC,SEVILLE 2,Berline,1/1/1998,12/31/2004,398
16497,CADILLAC,SRX 1,SUV,4/1/2004,12/31/2009,399
16498,CADILLAC,SRX 2,SUV,1/1/2010,,399
16501,CADILLAC,XLR CABRIOLET,Cabriolet,3/1/2004,1/31/2010,406
16503,CHEVROLET,ALERO,Berline,3/1/1999,9/30/2002,435
16504,CHEVROLET,ASTRO,Monospace,4/1/1992,9/30/1994,423
16505,CHEVROLET,AVEO 1,Berline,5/1/2008,6/30/2011,447
19994,CHEVROLET,AVEO 2,Berline,3/1/2008,5/31/2010,447
16506,CHEVROLET,AVEO 2,Berline,7/1/2011,,447
16507,CHEVROLET,BERETTA COUPE,Coupé,1/1/1987,12/31/1998,438
16508,CHEVROLET,BLAZER 2,Tout-Terrain,1/1/1975,9/30/1990,411
16509,CHEVROLET,BLAZER 3,Tout-Terrain,9/1/1990,6/30/1995,411
16510,CHEVROLET,BLAZER 4,Tout-Terrain,1/1/1998,7/31/2001,411
16512,CHEVROLET,CAMARO 1 CABRIOLET,Cabriolet,1/1/1974,9/30/2002,424
16511,CHEVROLET,CAMARO 1 COUPE,Coupé,1/1/1974,9/30/2002,424
16514,CHEVROLET,CAMARO 2 CABRIOLET,Cabriolet,9/1/2011,,424
16513,CHEVROLET,CAMARO 2 COUPE,Coupé,9/1/2011,,424
16516,CHEVROLET,CAMARO 3 CABRIOLET,Cabriolet,8/1/2016,,424
16515,CHEVROLET,CAMARO 3 COUPE,Coupé,8/1/2016,,424
16519,CHEVROLET,CAPTIVA PHASE 1,SUV,9/1/2006,1/31/2011,433
16517,CHEVROLET,CAPTIVA PHASE 2,SUV,3/1/2011,12/31/2012,433
16518,CHEVROLET,CAPTIVA PHASE 3,SUV,1/1/2013,,433
20181,CHEVROLET,COLORADO,Pickup,9/1/2015,,437
16520,CHEVROLET,CORSICA,Berline,9/1/1987,12/31/1998,444
16521,CHEVROLET,CORVETTE 4 PHASE 2 CABRIOLET,Cabriolet,5/1/1991,12/31/1997,422
16525,CHEVROLET,CORVETTE 6 CABRIOLET,Cabriolet,9/1/2004,,422
16524,CHEVROLET,CORVETTE 6 COUPE,Coupé,9/1/2004,,422
16527,CHEVROLET,CORVETTE 7 CABRIOLET,Cabriolet,2/1/2014,,422
16526,CHEVROLET,CORVETTE 7 COUPE,Coupé,2/1/2014,,422
20263,CHEVROLET,CORVETTE 8 CABRIOLET,Cabriolet,7/1/2019,,422
20265,CHEVROLET,CORVETTE 8 COUPE,Coupé,7/1/2019,,422
16528,CHEVROLET,CORVETTE Z06 COUPE,Coupé,2/1/2006,,422
16529,CHEVROLET,CORVETTE ZR1 COUPE,Coupé,7/1/2008,,422
16530,CHEVROLET,CRUZE BREAK,Break,6/1/2012,,442
16532,CHEVROLET,CRUZE PHASE 1,Berline,3/1/2009,6/30/2012,442
16531,CHEVROLET,CRUZE PHASE 2,Berline,6/1/2012,,442
16533,CHEVROLET,EPICA,Berline,7/1/2006,9/30/2009,441
16534,CHEVROLET,EVANDA,Berline,1/1/2005,9/30/2006,445
16535,CHEVROLET,HHR,Monospace,9/1/2005,12/31/2011,454
16536,CHEVROLET,KALOS,Berline,1/1/2005,5/31/2008,430
16538,CHEVROLET,LACETTI 1,Berline,1/1/2005,12/31/2009,436
19944,CHEVROLET,LACETTI 2 BREAK,Break,6/1/2009,12/31/2011,436
16540,CHEVROLET,MALIBU,Berline,9/1/2012,,458
16541,CHEVROLET,MATIZ 1,Berline,7/1/2003,6/30/2005,434
16542,CHEVROLET,MATIZ 2,Berline,6/1/2005,9/30/2009,434
16543,CHEVROLET,NUBIRA,Berline,1/1/2005,12/31/2007,432
16544,CHEVROLET,NUBIRA BREAK,Break,1/1/2005,12/31/2007,432
16545,CHEVROLET,ORLANDO,Monospace,1/1/2011,,450
16547,CHEVROLET,SPARK PHASE 1,Berline,1/1/2010,9/30/2012,448
16548,CHEVROLET,SPARK PHASE 2,Berline,9/1/2012,,448
16549,CHEVROLET,TAHOE,SUV,4/1/2000,,426
16550,CHEVROLET,TRAILBLAZER,SUV,8/1/2001,,428
16551,CHEVROLET,TRANS SPORT,Monospace,3/1/1997,6/30/2007,410
16552,CHEVROLET,TRAX,SUV,3/1/2013,,469
16554,CHRYSLER,300C PHASE 1,Berline,9/1/2004,10/31/2007,482
16557,CHRYSLER,300C PHASE 1 BREAK,Break,12/1/2005,10/31/2007,482
16555,CHRYSLER,300C PHASE 2,Berline,10/1/2007,1/31/2011,482
16556,CHRYSLER,300C PHASE 2 BREAK,Break,10/1/2007,12/31/2010,482
16558,CHRYSLER,300M,Berline,7/1/1998,9/30/2004,479
16560,CHRYSLER,CROSSFIRE CABRIOLET,Cabriolet,4/1/2004,12/31/2007,487
16559,CHRYSLER,CROSSFIRE COUPE,Coupé,10/1/2003,12/31/2007,487
16567,CHRYSLER,LE BARON CABRIOLET,Cabriolet,1/1/1978,6/30/1995,483
16568,CHRYSLER,LE BARON COUPE,Coupé,1/1/1978,6/30/1995,483
16569,CHRYSLER,NEON,Berline,7/1/1994,12/31/2004,481
16570,CHRYSLER,NEW YORKER,Berline,1/1/1992,12/31/1996,485
16572,CHRYSLER,PT CRUISER PHASE 1 BREAK,Break,9/1/2000,12/31/2005,476
16571,CHRYSLER,PT CRUISER PHASE 1 CABRIOLET,Cabriolet,3/1/2004,12/31/2005,476
16573,CHRYSLER,PT CRUISER PHASE 2 BREAK,Break,12/1/2005,12/31/2009,476
16574,CHRYSLER,PT CRUISER PHASE 2 CABRIOLET,Cabriolet,1/1/2006,12/31/2009,476
16575,CHRYSLER,SARATOGA PHASE 1,Berline,11/1/1989,6/30/1992,495
16576,CHRYSLER,SARATOGA PHASE 2,Berline,12/1/1992,6/30/1995,495
16581,CHRYSLER,STRATUS,Berline,3/1/1995,2/28/2001,477
16582,CHRYSLER,STRATUS CABRIOLET,Cabriolet,3/1/1997,2/28/2001,477
16583,CHRYSLER,VIPER CABRIOLET,Cabriolet,10/1/1997,10/31/2001,489
16584,CHRYSLER,VIPER COUPE,Coupé,1/1/1993,10/31/2001,489
16585,CHRYSLER,VISION,Berline,1/1/1994,6/30/1998,484
16586,CHRYSLER,VOYAGER 1,Monospace,3/1/1989,3/31/1991,475
16587,CHRYSLER,VOYAGER 2,Monospace,4/1/1991,12/31/1995,474
16588,CHRYSLER,VOYAGER 3,Monospace,1/1/1996,3/31/2001,473
16590,CHRYSLER,VOYAGER 4 PHASE 1,Monospace,3/1/2001,4/30/2004,472
16589,CHRYSLER,VOYAGER 4 PHASE 2,Monospace,4/1/2004,3/31/2008,471
16595,CITROEN,AX PHASE 1,Berline,9/1/1986,6/30/1991,536
16596,CITROEN,AX PHASE 2,Berline,7/1/1991,6/30/1998,536
16599,CITROEN,BERLINGO 1 PHASE 1,Fourgon,7/1/1996,11/30/2002,505
16598,CITROEN,BERLINGO 1 PHASE 2,Fourgon,11/1/2002,9/30/2011,504
16600,CITROEN,BERLINGO 2 PHASE 1,Fourgon,5/1/2008,1/31/2012,503
19806,CITROEN,BERLINGO 2 PHASE 1,Combi,5/1/2008,1/31/2012,503
16601,CITROEN,BERLINGO 2 PHASE 2,Fourgon,2/1/2012,4/30/2015,503
19807,CITROEN,BERLINGO 2 PHASE 2,Combi,2/1/2012,4/30/2015,503
16602,CITROEN,BERLINGO 2 PHASE 3,Fourgon,4/1/2015,,503
19786,CITROEN,BERLINGO 2 PHASE 3,Combi,4/1/2015,,503
16605,CITROEN,BX,Berline,10/1/1982,12/31/1993,529
16604,CITROEN,BX BREAK,Break,7/1/1985,6/30/1994,529
16649,CITROEN,C-CROSSER,SUV,7/1/2007,3/31/2013,541
16607,CITROEN,C1 1 PHASE 1,Berline,6/1/2005,11/30/2008,535
16606,CITROEN,C1 1 PHASE 2,Berline,11/1/2008,1/31/2012,535
16608,CITROEN,C1 1 PHASE 3,Berline,1/1/2012,8/31/2014,535
16609,CITROEN,C1 2,Berline,6/1/2014,,534
16610,CITROEN,C15,Fourgon,10/1/1984,12/31/2005,550
16611,CITROEN,C2 PHASE 1,Berline,9/1/2003,10/31/2008,531
16612,CITROEN,C2 PHASE 2,Berline,5/1/2008,12/31/2009,531
16613,CITROEN,C25 PHASE 1,Fourgon,7/1/1981,9/30/1990,533
16614,CITROEN,C25 PHASE 2,Chassis,9/1/1990,6/30/1995,533
20100,CITROEN,C25 PHASE 2,Fourgon,9/1/1990,6/30/1995,533
16615,CITROEN,C3 1 PHASE 1,Berline,4/1/2002,10/31/2005,510
16616,CITROEN,C3 1 PHASE 2,Berline,10/1/2005,12/31/2010,509
16617,CITROEN,C3 1 X-TR PHASE 2,Berline,10/1/2005,5/31/2007,509
16618,CITROEN,C3 2 PHASE 1,Berline,11/1/2009,2/28/2013,508
16619,CITROEN,C3 2 PHASE 2,Berline,3/1/2013,12/31/2016,508
16623,CITROEN,C3 PICASSO PHASE 1,Monospace,2/1/2009,8/31/2012,512
16622,CITROEN,C3 PICASSO PHASE 2,Monospace,9/1/2012,,512
16624,CITROEN,C3 PLURIEL PHASE 1 CABRIOLET,Cabriolet,4/1/2003,9/30/2008,511
16625,CITROEN,C3 PLURIEL PHASE 2 CABRIOLET,Cabriolet,3/1/2008,12/31/2010,511
19529,CITROEN,C4 1,Berline,1/1/2009,12/31/2012,518
16629,CITROEN,C4 1 PHASE 1,Berline,11/1/2004,7/31/2008,518
16628,CITROEN,C4 1 PHASE 1 COUPE,Coupé,11/1/2004,7/31/2008,518
16630,CITROEN,C4 1 PHASE 2,Berline,7/1/2008,10/31/2010,518
16627,CITROEN,C4 1 PHASE 2 COUPE,Coupé,7/1/2008,10/31/2010,518
20092,CITROEN,C4 2,Berline,1/1/2013,12/31/2016,515
16633,CITROEN,C4 2,Berline,11/1/2014,,515
16631,CITROEN,C4 2 PHASE 1,Berline,10/1/2010,1/31/2015,515
20106,CITROEN,C4 2 PHASE 2,Berline,1/1/2013,12/31/2016,515
16632,CITROEN,C4 2 PHASE 2,Berline,12/1/2014,,515
16634,CITROEN,C4 AIRCROSS,SUV,10/1/2011,,519
16635,CITROEN,C4 CACTUS,Berline,2/1/2014,,513
19487,CITROEN,C4 GRAND PICASSO 1,Monospace,10/1/2006,9/30/2013,516
16636,CITROEN,C4 PICASSO 1,Monospace,10/1/2006,9/30/2013,517
16637,CITROEN,C4 PICASSO 2 PHASE 1,Monospace,4/1/2013,9/30/2016,514
16638,CITROEN,C4 PICASSO 2 PHASE 2,Monospace,9/1/2016,,514
16640,CITROEN,C5 1 PHASE 1,Berline,3/1/2001,9/30/2004,502
16642,CITROEN,C5 1 PHASE 1 BREAK,Break,3/1/2001,9/30/2004,502
16641,CITROEN,C5 1 PHASE 2,Berline,9/1/2004,4/30/2008,501
16643,CITROEN,C5 1 PHASE 2 BREAK,Break,9/1/2004,4/30/2008,501
16644,CITROEN,C5 2,Berline,4/1/2008,,500
16645,CITROEN,C5 2 BREAK,Break,4/1/2008,,500
16647,CITROEN,C6,Berline,12/1/2005,3/31/2013,543
16648,CITROEN,C8,Monospace,6/1/2002,6/30/2014,532
16652,CITROEN,CX,Berline,6/1/1974,6/30/1991,537
16653,CITROEN,CX BREAK,Break,6/1/1974,6/30/1991,537
16659,CITROEN,DS3 CABRIOLET PHASE 1,Cabriolet,6/1/2012,6/30/2014,545
16660,CITROEN,DS3 CABRIOLET PHASE 2,Cabriolet,6/1/2014,4/30/2016,545
16657,CITROEN,DS3 PHASE 1,Berline,11/1/2009,3/31/2014,545
16658,CITROEN,DS3 PHASE 2,Berline,6/1/2014,4/30/2016,545
20440,CITROEN,DS4 1 PHASE 1,Berline,1/1/2011,3/31/2016,549
20441,CITROEN,DS4 1 PHASE 2,Berline,4/1/2016,4/30/2021,549
16661,CITROEN,DS4 PHASE 1,Berline,1/1/2011,3/31/2016,549
19811,CITROEN,DS4 PHASE 2,Berline,4/1/2016,,549
16662,CITROEN,DS5 PHASE 1,Berline,6/1/2011,5/31/2015,547
16663,CITROEN,DS5 PHASE 2,Berline,6/1/2015,,547
19975,CITROEN,EVASION PHASE 1,Monospace,6/1/1994,10/31/1998,530
19976,CITROEN,EVASION PHASE 2,Monospace,10/1/1998,5/31/2002,530
16666,CITROEN,GS,Berline,1/1/1972,10/31/1979,542
16667,CITROEN,GS BREAK,Break,1/1/1972,10/31/1979,542
16668,CITROEN,GSA,Berline,1/1/1975,6/30/1985,544
16669,CITROEN,GSA BREAK,Break,1/1/1975,6/30/1985,544
16670,CITROEN,JUMPER 1,Fourgon,2/1/1994,2/28/2002,526
16671,CITROEN,JUMPER 2,Chassis,2/1/2002,6/30/2006,525
16672,CITROEN,JUMPER 3 PHASE 1,Fourgon,6/1/2006,6/30/2014,524
16673,CITROEN,JUMPER 3 PHASE 2,Minibus,6/1/2014,,523
19574,CITROEN,JUMPER 3 PHASE 2,Fourgon,6/1/2014,,523
19575,CITROEN,JUMPER 3 PHASE 2,Chassis,6/1/2014,,523
16674,CITROEN,JUMPY 1 PHASE 1,Fourgon,10/1/1995,12/31/2003,522
16675,CITROEN,JUMPY 1 PHASE 2,Fourgon,1/1/2004,12/31/2006,522
16676,CITROEN,JUMPY 2,Minibus,1/1/2007,,521
19688,CITROEN,JUMPY 2,Fourgon,1/1/2007,,521
16681,CITROEN,NEMO,Fourgon,12/1/2007,,538
16682,CITROEN,SAXO PHASE 1,Berline,1/1/1996,9/30/1999,539
16683,CITROEN,SAXO PHASE 2,Berline,9/1/1999,12/31/2004,539
16687,CITROEN,VISA PHASE 2,Berline,7/1/1982,6/30/1988,540
16688,CITROEN,VISA PHASE 2 CABRIOLET,Cabriolet,7/1/1982,6/30/1988,540
16689,CITROEN,XANTIA PHASE 1,Berline,3/1/1993,6/30/1998,520
16690,CITROEN,XANTIA PHASE 1 BREAK,Break,3/1/1993,12/31/1997,520
16691,CITROEN,XANTIA PHASE 2,Berline,12/1/1997,9/30/2002,520
16692,CITROEN,XANTIA PHASE 2 BREAK,Break,12/1/1997,9/30/2002,520
16693,CITROEN,XM PHASE 1,Berline,7/1/1989,6/30/1994,527
16694,CITROEN,XM PHASE 1 BREAK,Break,7/1/1989,6/30/1994,527
16695,CITROEN,XM PHASE 2,Berline,7/1/1994,3/31/2001,527
16696,CITROEN,XM PHASE 2 BREAK,Break,7/1/1994,3/31/2001,527
16700,CITROEN,XSARA PHASE 1,Berline,9/1/1997,9/30/2000,506
16702,CITROEN,XSARA PHASE 1 BREAK,Break,9/1/1997,9/30/2000,506
16698,CITROEN,XSARA PHASE 1 COUPE,Coupé,9/1/1997,9/30/2000,506
16699,CITROEN,XSARA PHASE 2,Berline,9/1/2000,12/31/2004,506
16701,CITROEN,XSARA PHASE 2 BREAK,Break,9/1/2000,12/31/2005,506
16697,CITROEN,XSARA PHASE 2 COUPE,Coupé,9/1/2000,12/31/2004,506
19962,CITROEN,XSARA PICASSO PHASE 1,Monospace,12/1/1999,2/29/2004,507
19963,CITROEN,XSARA PICASSO PHASE 2,Monospace,2/1/2004,12/31/2010,507
16704,CITROEN,ZX PHASE 1,Berline,3/1/1991,6/30/1994,528
16707,CITROEN,ZX PHASE 1 BREAK,Break,3/1/1991,6/30/1994,528
16705,CITROEN,ZX PHASE 2,Berline,7/1/1994,6/30/1998,528
16706,CITROEN,ZX PHASE 2 BREAK,Break,7/1/1994,6/30/1998,528
16708,DACIA,DOKKER PHASE 1,Combi,9/1/2012,12/31/2016,558
20480,DACIA,DOKKER PHASE 1,Fourgon,9/1/2012,12/31/2016,558
16709,DACIA,DOKKER PHASE 2,Combi,1/1/2017,,558
19609,DACIA,DOKKER PHASE 2,Fourgon,1/1/2017,,558
16711,DACIA,DUSTER 1 PHASE 1,SUV,3/1/2010,12/31/2013,555
16710,DACIA,DUSTER 1 PHASE 2,SUV,9/1/2013,,555
20031,DACIA,DUSTER 1 PHASE 2,SUV,9/1/2013,10/31/2017,555
16713,DACIA,LODGY PHASE 1,Monospace,1/1/2012,12/31/2016,557
16714,DACIA,LODGY PHASE 2,Monospace,1/1/2017,,557
16716,DACIA,LOGAN 1 PHASE 1,Fourgon,6/1/2005,6/30/2008,552
16715,DACIA,LOGAN 1 PHASE 2,Pickup,7/1/2008,12/31/2012,552
16718,DACIA,LOGAN MCV 1 PHASE 1 BREAK,Break,1/1/2007,10/31/2008,552
16717,DACIA,LOGAN MCV 1 PHASE 2 BREAK,Break,10/1/2008,1/31/2013,552
16723,DACIA,SANDERO 1,Berline,6/1/2008,10/31/2012,554
16724,DACIA,SANDERO 2 PHASE 1,Berline,10/1/2012,1/31/2017,554
16725,DACIA,SANDERO 2 PHASE 2,Berline,2/1/2017,,554
16727,DAEWOO,ESPERO,Berline,1/1/1995,12/31/1998,568
16728,DAEWOO,EVANDA,Berline,5/1/2003,10/31/2004,563
16729,DAEWOO,KALOS,Monospace,8/1/2002,1/31/2005,562
16730,DAEWOO,KORANDO PHASE 1,Tout-Terrain,1/1/1999,8/31/2000,570
16731,DAEWOO,KORANDO PHASE 2,Tout-Terrain,8/1/2000,11/30/2004,570
16732,DAEWOO,LACETTI PHASE 1,Berline,3/1/2004,12/31/2004,567
16733,DAEWOO,LANOS,Berline,5/1/1997,12/31/2002,561
16734,DAEWOO,LEGANZA,Berline,4/1/1997,12/31/2002,565
16735,DAEWOO,MATIZ 1 PHASE 1,Berline,7/1/1998,12/31/2000,559
16736,DAEWOO,MATIZ 1 PHASE 2,Berline,12/1/2000,1/31/2005,559
16737,DAEWOO,MATIZ 2,Berline,1/1/2005,6/30/2010,559
16740,DAEWOO,NEXIA,Berline,1/1/1995,12/31/1999,569
16742,DAEWOO,NUBIRA 1 PHASE 1,Berline,5/1/1997,10/31/1999,560
16741,DAEWOO,NUBIRA 1 PHASE 1 BREAK,Break,5/1/1997,10/31/1999,560
16743,DAEWOO,NUBIRA 1 PHASE 2,Berline,10/1/1999,1/31/2003,560
16744,DAEWOO,NUBIRA 1 PHASE 2 BREAK,Break,10/1/1999,1/31/2003,560
16745,DAEWOO,NUBIRA 2,Berline,1/1/2004,1/31/2005,560
16746,DAEWOO,NUBIRA 2 BREAK,Break,1/1/2004,1/31/2005,560
16749,DAEWOO,TACUMA,Monospace,9/1/2000,12/31/2004,564
16751,DAIHATSU,APPLAUSE PHASE 1,Berline,10/1/1992,6/30/1997,576
16752,DAIHATSU,APPLAUSE PHASE 2,Berline,7/1/1997,12/31/2000,576
16753,DAIHATSU,CHARADE 3,Berline,10/1/1987,1/31/1994,573
16754,DAIHATSU,CHARADE 4,Berline,8/1/1993,3/31/1999,572
16757,DAIHATSU,CUORE 1,Berline,10/1/1999,5/31/2003,585
16758,DAIHATSU,CUORE 2,Berline,5/1/2003,12/31/2007,585
16759,DAIHATSU,CUORE 3,Berline,6/1/2008,,585
16762,DAIHATSU,FEROZA PHASE 1,Tout-Terrain,10/1/1992,6/30/1994,580
16763,DAIHATSU,GRAN MOVE,Monospace,9/1/1997,4/30/2002,584
16764,DAIHATSU,HIJET 2,Chassis,1/1/1994,3/31/1999,582
16767,DAIHATSU,ROCKY,Tout-Terrain,1/1/1994,3/31/1999,581
16768,DAIHATSU,SIRION 1,Berline,3/1/1999,12/31/2004,578
16769,DAIHATSU,SIRION 2,Berline,1/1/2005,,578
16770,DAIHATSU,TERIOS 1,SUV,9/1/1997,9/30/2006,579
16771,DAIHATSU,TERIOS 2,SUV,9/1/2006,,579
19451,DANGEL,AX PHASE 2,Berline,7/1/1991,6/30/1998,536
19443,DANGEL,BERLINGO 1 PHASE 1,Fourgon,7/1/1996,11/30/2002,505
19442,DANGEL,BERLINGO 1 PHASE 2,Fourgon,11/1/2002,9/30/2011,504
19440,DANGEL,BERLINGO 2 PHASE 1,Fourgon,5/1/2008,1/31/2012,503
19441,DANGEL,BERLINGO 2 PHASE 2,Combi,11/1/2002,9/30/2011,504
19438,DANGEL,BERLINGO 2 PHASE 2,Fourgon,2/1/2012,4/30/2015,503
19439,DANGEL,BERLINGO 2 PHASE 3,Fourgon,4/1/2015,,503
19446,DANGEL,BX,Berline,10/1/1982,12/31/1993,529
19447,DANGEL,BX BREAK,Break,7/1/1985,6/30/1994,529
19444,DANGEL,C15,Combi,10/1/1984,12/31/2005,550
19436,DANGEL,C25 PHASE 1,Fourgon,7/1/1981,9/30/1990,533
19437,DANGEL,C25 PHASE 2,Minibus,9/1/1990,6/30/1995,533
19429,DANGEL,DUCATO 2 PHASE 1,Minibus,6/1/1994,3/31/2002,636
19430,DANGEL,DUCATO 2 PHASE 2,Minibus,3/1/2002,6/30/2006,635
19431,DANGEL,DUCATO 3 PHASE 1,Chassis,6/1/2006,6/30/2014,634
19433,DANGEL,JUMPER 1,Fourgon,2/1/1994,2/28/2002,526
19434,DANGEL,JUMPER 2,Chassis,2/1/1994,2/28/2002,526
19435,DANGEL,JUMPER 2,Fourgon,2/1/2002,6/30/2006,525
19449,DANGEL,JUMPER 3 PHASE 1,Fourgon,6/1/2006,6/30/2014,524
19450,DANGEL,JUMPER 3 PHASE 2,Fourgon,6/1/2014,,523
19448,DANGEL,JUMPY 2,Fourgon,1/1/2007,,521
19445,DANGEL,VISA PHASE 2,Berline,7/1/1982,6/30/1988,540
16775,DODGE,AVENGER,Berline,6/1/2007,12/31/2012,619
16776,DODGE,CALIBER,Berline,6/1/2006,5/31/2012,605
16777,DODGE,CARAVAN 1,Monospace,1/1/1983,9/30/1990,611
16778,DODGE,CARAVAN 2,Monospace,1/1/1988,9/30/1995,611
16779,DODGE,CARAVAN 3,Monospace,1/1/1995,3/31/2001,611
16780,DODGE,CARAVAN 4,Monospace,6/1/2000,12/31/2007,611
16782,DODGE,CHALLENGER COUPE,Coupé,1/1/2007,,620
16783,DODGE,CHARGER,Berline,9/1/2005,12/31/2010,621
16784,DODGE,CHARGER COUPE,Coupé,9/1/1971,12/31/1973,621
16785,DODGE,DURANGO,SUV,9/1/1997,12/31/2009,604
19512,DODGE,GRAND CARAVAN 4,Monospace,6/1/2000,12/31/2007,612
16786,DODGE,JOURNEY,Monospace,6/1/2008,,616
16787,DODGE,MAGNUM BREAK,Break,9/1/2004,12/31/2008,614
16788,DODGE,NITRO,SUV,3/1/2007,12/31/2012,613
16789,DODGE,RAM 1500 2,Pickup,1/1/1993,12/31/2002,603
16790,DODGE,RAM 1500 3,Pickup,1/1/2002,12/31/2008,603
16791,DODGE,RAM 1500 4,Pickup,1/1/2009,12/31/2018,603
16792,DODGE,RAM 2500 3,Pickup,1/1/2002,12/31/2008,603
16793,DODGE,VIPER 1 COUPE,Coupé,10/1/1997,9/30/2002,610
16794,DODGE,VIPER 2 CABRIOLET,Cabriolet,9/1/2002,12/31/2017,610
16795,DODGE,VIPER 2 COUPE,Coupé,9/1/2002,12/31/2017,610
20294,FERRARI,550 BARCHETTA COUPE,Coupé,5/1/1997,,631
16812,FIAT,127,Berline,1/1/1971,2/28/1985,661
16813,FIAT,128,Berline,1/1/1976,12/31/1980,666
16814,FIAT,131,Berline,1/1/1976,6/30/1984,669
16815,FIAT,131 BREAK,Break,1/1/1976,6/30/1984,669
16816,FIAT,132,Berline,7/1/1981,6/30/1986,673
16820,FIAT,500 1,Berline,1/1/1965,1/31/1976,665
16823,FIAT,500 2 CABRIO PHASE 1,Cabriolet,7/1/2009,9/30/2015,665
20475,FIAT,500 2 CABRIO PHASE 2,Cabriolet,7/1/2015,,665
16824,FIAT,500 2 CABRIO PHASE 2,Cabriolet,9/1/2015,,665
16819,FIAT,500 2 PHASE 1,Berline,7/1/2007,8/31/2015,665
16818,FIAT,500 2 PHASE 2,Berline,7/1/2015,,665
16831,FIAT,500L LIVING PHASE 1,Monospace,9/1/2013,9/30/2017,685
19578,FIAT,500L LIVING PHASE 2,Monospace,9/1/2017,,685
16829,FIAT,500L PHASE 1,Monospace,7/1/2012,9/30/2017,685
16830,FIAT,500L PHASE 2,Monospace,9/1/2017,,685
16832,FIAT,500L TREKKING PHASE 1,Monospace,7/1/2012,9/30/2017,685
16836,FIAT,ALBEA,Berline,3/1/2003,12/31/2012,682
16837,FIAT,ARGENTA,Berline,6/1/1981,7/31/1986,675
16838,FIAT,BARCHETTA CABRIOLET,Cabriolet,6/1/1995,12/31/2005,655
16839,FIAT,BRAVA,Berline,9/1/1995,12/31/2001,641
16840,FIAT,BRAVO 1,Berline,9/1/1995,12/31/2001,641
16841,FIAT,BRAVO 2,Berline,3/1/2007,,640
16842,FIAT,CINQUECENTO,Berline,7/1/1992,9/30/1998,678
16843,FIAT,COUPE,Coupé,6/1/1994,9/30/2000,653
16844,FIAT,CROMA 1 PHASE 1,Berline,5/1/1986,1/31/1991,652
16845,FIAT,CROMA 1 PHASE 2,Berline,1/1/1991,9/30/1996,652
16846,FIAT,CROMA 2 PHASE 1 BREAK,Break,6/1/2005,12/31/2007,651
16847,FIAT,CROMA 2 PHASE 2 BREAK,Break,1/1/2008,12/31/2011,651
16851,FIAT,DOBLO 2 PHASE 1,Fourgon,1/1/2010,12/31/2014,650
16852,FIAT,DOBLO 2 PHASE 2,Fourgon,12/1/2014,,650
19793,FIAT,DOBLO 2 PHASE 2,Chassis,12/1/2014,,650
19812,FIAT,DOBLO 2 PHASE 2,Pickup,12/1/2014,,650
16853,FIAT,DUCATO 1 PHASE 2,Minibus,6/1/1991,5/31/1994,637
19813,FIAT,DUCATO 1 PHASE 2,Fourgon,6/1/1991,5/31/1994,637
19814,FIAT,DUCATO 1 PHASE 2,Chassis,6/1/1991,5/31/1994,637
16854,FIAT,DUCATO 2 PHASE 1,Fourgon,6/1/1994,3/31/2002,636
16855,FIAT,DUCATO 2 PHASE 2,Fourgon,3/1/2002,6/30/2006,635
16856,FIAT,DUCATO 3 PHASE 1,Chassis,6/1/2006,6/30/2014,634
19815,FIAT,DUCATO 3 PHASE 1,Fourgon,6/1/2006,6/30/2014,634
16860,FIAT,FIORINO 1 PHASE 1,Fourgon,7/1/1982,2/28/1985,672
16861,FIAT,FIORINO 1 PHASE 2,Fourgon,2/1/1985,6/30/1988,672
16862,FIAT,FIORINO 2 PHASE 1,Fourgon,7/1/1988,12/31/1993,672
16863,FIAT,FIORINO 2 PHASE 2,Pickup,1/1/1994,12/31/2001,672
16864,FIAT,FIORINO 3 PHASE 1,Fourgon,1/1/2008,5/31/2016,672
16865,FIAT,FIORINO 3 PHASE 2,Fourgon,5/1/2016,,672
16866,FIAT,FREEMONT,Monospace,6/1/2011,,683
16868,FIAT,GRANDE PUNTO,Berline,9/1/2005,12/31/2013,667
16869,FIAT,GRANDE PUNTO ABARTH,Berline,9/1/2005,12/31/2013,667
16871,FIAT,IDEA PHASE 1,Monospace,1/1/2004,10/31/2005,676
16870,FIAT,IDEA PHASE 2,Monospace,10/1/2005,6/30/2012,676
16872,FIAT,LINEA,Berline,5/1/2007,,687
16873,FIAT,MAREA,Berline,9/1/1996,10/31/2001,642
16874,FIAT,MAREA WEEKEND BREAK,Break,9/1/1996,12/31/2002,642
16876,FIAT,MULTIPLA PHASE 1,Monospace,1/1/1999,9/30/2004,670
16875,FIAT,MULTIPLA PHASE 2,Monospace,9/1/2004,4/30/2010,670
16877,FIAT,PALIO,Berline,11/1/1999,10/31/2001,681
16878,FIAT,PALIO WEEKEND BREAK,Break,3/1/1998,12/31/2002,681
16880,FIAT,PANDA 1 PHASE 1,Berline,6/1/1980,3/31/1986,648
16879,FIAT,PANDA 1 PHASE 2,Berline,3/1/1986,9/30/2003,648
19971,FIAT,PANDA 2,Berline,1/1/2004,12/31/2012,646
19970,FIAT,PANDA 2 PHASE 1,Berline,9/1/2003,10/31/2009,646
19972,FIAT,PANDA 2 PHASE 2,Berline,10/1/2009,12/31/2012,646
19958,FIAT,PUNTO 1 PHASE 1,Berline,11/1/1993,7/31/1997,639
19959,FIAT,PUNTO 1 PHASE 1 CABRIOLET,Cabriolet,11/1/1993,7/31/1997,639
19521,FIAT,PUNTO 1 PHASE 1 CABRIOLET,Cabriolet,7/1/1994,12/31/1997,639
19960,FIAT,PUNTO 1 PHASE 2,Berline,7/1/1997,10/31/1999,639
19961,FIAT,PUNTO 1 PHASE 2,Berline,7/1/1997,12/31/1997,639
19522,FIAT,PUNTO 1 PHASE 2 CABRIOLET,Cabriolet,7/1/1997,10/31/1999,639
16885,FIAT,PUNTO 2 PHASE 1,Berline,10/1/1999,5/31/2003,638
16886,FIAT,PUNTO 2 PHASE 2,Berline,5/1/2003,10/31/2009,638
16889,FIAT,PUNTO EVO 3,Berline,10/1/2009,12/31/2013,679
16890,FIAT,PUNTO EVO 3 ABARTH,Berline,9/1/2010,,679
16892,FIAT,QUBO,Combi,6/1/2008,,680
16893,FIAT,REGATA PHASE 1,Berline,7/1/1983,10/31/1986,663
16894,FIAT,REGATA PHASE 2,Berline,10/1/1986,6/30/1990,662
16895,FIAT,REGATA WEEKEND BREAK,Break,10/1/1986,6/30/1990,662
16896,FIAT,RITMO 1,Berline,10/1/1978,2/28/1983,657
16897,FIAT,RITMO 2,Berline,2/1/1983,11/30/1985,656
16899,FIAT,RITMO 2 ABARTH,Berline,2/1/1983,11/30/1985,656
16898,FIAT,RITMO 2 CABRIOLET,Cabriolet,2/1/1983,11/30/1985,656
16900,FIAT,RITMO 3,Berline,11/1/1985,6/30/1988,656
16901,FIAT,RITMO 3 ABARTH,Berline,11/1/1985,6/30/1988,656
16903,FIAT,SCUDO 1 PHASE 1,Minibus,2/1/1996,12/31/2003,659
16902,FIAT,SCUDO 1 PHASE 2,Chassis,1/1/2004,4/30/2007,659
16904,FIAT,SCUDO 2,Fourgon,4/1/2007,,658
16906,FIAT,SEDICI PHASE 1,SUV,3/1/2006,12/31/2009,684
16905,FIAT,SEDICI PHASE 2,SUV,9/1/2009,12/31/2014,684
16908,FIAT,STILO,Berline,10/1/2001,9/30/2007,643
16909,FIAT,STILO BREAK,Break,3/1/2003,4/30/2008,643
16910,FIAT,STRADA PHASE 1,Pickup,7/1/2006,12/31/2011,644
16911,FIAT,STRADA PHASE 2,Pickup,1/1/2012,,644
16914,FIAT,TEMPRA PHASE 1,Berline,6/1/1990,4/30/1993,664
16913,FIAT,TEMPRA PHASE 1 BREAK,Break,3/1/1991,4/30/1993,664
16915,FIAT,TEMPRA PHASE 2,Berline,4/1/1993,12/31/1996,664
16916,FIAT,TEMPRA PHASE 2 BREAK,Break,4/1/1993,12/31/1996,664
16917,FIAT,TIPO 1 PHASE 1,Berline,7/1/1988,4/30/1993,654
16918,FIAT,TIPO 1 PHASE 2,Berline,4/1/1993,10/31/1995,654
16919,FIAT,TIPO 2 PHASE 1,Berline,12/1/2015,11/30/2020,654
16920,FIAT,TIPO 2 PHASE 1 BREAK,Break,6/1/2016,11/30/2020,654
20374,FIAT,TIPO 2 PHASE 2,Berline,12/1/2020,,654
20365,FIAT,TIPO 2 PHASE 2 BREAK,Break,12/1/2020,,654
20331,FIAT,TIPO CROSS PHASE 2,Berline,12/1/2020,,654
19977,FIAT,ULYSSE 1 PHASE 1,Monospace,6/1/1994,10/31/1998,671
19978,FIAT,ULYSSE 1 PHASE 2,Monospace,10/1/1998,5/31/2002,671
16923,FIAT,ULYSSE 2,Monospace,9/1/2002,6/30/2010,671
20367,FIAT,ULYSSE 3,Minibus,12/1/2021,,671
16924,FIAT,UNO PHASE 1,Berline,5/1/1983,10/31/1989,645
16925,FIAT,UNO PHASE 2,Berline,10/1/1989,10/31/1995,645
16926,FIAT,X1/9 CABRIOLET,Cabriolet,1/1/1972,12/31/1982,677
17077,HONDA,ACCORD 2 PHASE 1,Berline,2/1/1982,6/30/1984,718
17078,HONDA,ACCORD 2 PHASE 2,Berline,7/1/1984,10/31/1985,718
17079,HONDA,ACCORD 3,Berline,10/1/1985,10/31/1989,717
17080,HONDA,ACCORD 3 BREAK,Break,10/1/1985,6/30/1990,717
17081,HONDA,ACCORD 4,Berline,10/1/1989,9/30/1993,716
17082,HONDA,ACCORD 4 BREAK,Break,11/1/1991,4/30/1994,716
17083,HONDA,ACCORD 4 COUPE,Coupé,4/1/1992,4/30/1994,716
17085,HONDA,ACCORD 5 COUPE,Coupé,6/1/1994,4/30/1996,715
17084,HONDA,ACCORD 5 PHASE 1,Berline,9/1/1993,4/30/1996,715
17086,HONDA,ACCORD 5 PHASE 1 BREAK,Break,5/1/1994,6/30/1995,715
17087,HONDA,ACCORD 5 PHASE 2,Berline,1/1/1996,10/31/1998,715
17090,HONDA,ACCORD 6 PHASE 1,Berline,10/1/1998,4/30/2001,714
17088,HONDA,ACCORD 6 PHASE 1 COUPE,Coupé,7/1/1998,4/30/2001,714
17091,HONDA,ACCORD 6 PHASE 2,Berline,1/1/2001,12/31/2002,714
17089,HONDA,ACCORD 6 PHASE 2 COUPE,Coupé,1/1/2001,4/30/2002,714
17093,HONDA,ACCORD 7 PHASE 1,Berline,1/1/2003,4/30/2006,713
17095,HONDA,ACCORD 7 PHASE 1 BREAK,Break,4/1/2003,4/30/2006,713
17092,HONDA,ACCORD 7 PHASE 2,Berline,4/1/2006,6/30/2008,713
17094,HONDA,ACCORD 7 PHASE 2 BREAK,Break,4/1/2006,6/30/2008,713
17097,HONDA,ACCORD 8 PHASE 1,Berline,6/1/2008,12/31/2011,712
17098,HONDA,ACCORD 8 PHASE 1 BREAK,Break,6/1/2008,9/30/2011,712
17096,HONDA,ACCORD 8 PHASE 2,Berline,4/1/2011,,712
17099,HONDA,ACCORD 8 PHASE 2 BREAK,Break,4/1/2011,,712
17102,HONDA,CIVIC 3 PHASE 1,Berline,1/1/1981,1/31/1985,708
17100,HONDA,CIVIC 3 PHASE 2,Berline,1/1/1985,10/31/1987,707
17101,HONDA,CIVIC 3 PHASE 2 COUPE,Coupé,1/1/1985,10/31/1987,707
20302,HONDA,CIVIC 3 SHUTTLE BREAK,Break,7/1/1984,6/30/1988,707
20304,HONDA,CIVIC 4,Berline,10/1/1987,11/30/1991,706
17105,HONDA,CIVIC 4 SHUTTLE BREAK,Break,7/1/1988,9/30/1992,706
17106,HONDA,CIVIC 5,Berline,11/1/1991,4/30/1996,705
17108,HONDA,CIVIC 5 COUPE,Coupé,3/1/1996,6/30/2000,704
20305,HONDA,CIVIC 6 COUPE,Coupé,3/1/1996,6/30/2000,704
17113,HONDA,CIVIC 6 PHASE 1,Berline,3/1/2001,12/31/2003,703
17114,HONDA,CIVIC 6 PHASE 2,Berline,1/1/2004,12/31/2005,703
17111,HONDA,CIVIC 6 PHASE 2 BREAK,Break,4/1/1998,10/31/2000,704
17115,HONDA,CIVIC 7,Berline,4/1/2001,12/31/2005,703
17112,HONDA,CIVIC 7 COUPE,Coupé,10/1/2001,12/31/2005,703
17116,HONDA,CIVIC 7 PHASE 1,Berline,1/1/2006,9/30/2008,703
20306,HONDA,CIVIC 7 PHASE 2,Berline,1/1/2004,12/31/2005,703
20133,HONDA,CIVIC 8 PHASE 1,Berline,1/1/2007,9/30/2008,702
17117,HONDA,CIVIC 8 PHASE 2,Berline,9/1/2008,11/30/2011,702
20307,HONDA,CIVIC 9,Berline,11/1/2011,,701
17119,HONDA,CIVIC 9 PHASE 1,Berline,11/1/2011,12/31/2014,701
17122,HONDA,CIVIC 9 PHASE 1 BREAK,Break,2/1/2014,,701
17120,HONDA,CIVIC 9 PHASE 2,Berline,1/1/2015,,701
17121,HONDA,CIVIC 9 PHASE 2 BREAK,Break,1/1/2015,,701
17124,HONDA,CONCERTO,Berline,5/1/1988,4/30/1996,741
17125,HONDA,CR-V 1,Tout-Terrain,5/1/1997,10/31/2002,723
17126,HONDA,CR-V 2 PHASE 1,Tout-Terrain,4/1/2002,12/31/2004,722
17127,HONDA,CR-V 2 PHASE 2,Tout-Terrain,12/1/2004,12/31/2006,722
17128,HONDA,CR-V 3 PHASE 1,SUV,1/1/2007,2/28/2010,721
17129,HONDA,CR-V 3 PHASE 2,SUV,2/1/2010,8/31/2013,721
17130,HONDA,CR-V 4 PHASE 1,SUV,10/1/2012,2/28/2015,720
17131,HONDA,CR-V 4 PHASE 2,SUV,2/1/2015,,720
17137,HONDA,CR-Z PHASE 1 COUPE,Coupé,3/1/2010,3/31/2013,749
17136,HONDA,CR-Z PHASE 2 COUPE,Coupé,6/1/2012,,749
17135,HONDA,CRX 3 CABRIOLET,Cabriolet,3/1/1992,12/31/1997,729
17138,HONDA,FR-V,Monospace,10/1/2004,6/30/2011,742
17140,HONDA,HR-V 1 PHASE 1,Tout-Terrain,1/1/1999,12/31/2001,739
17139,HONDA,HR-V 1 PHASE 2,Tout-Terrain,10/1/2001,9/30/2005,739
17144,HONDA,INSIGHT 1,Berline,8/1/2000,12/31/2006,747
17143,HONDA,INSIGHT 1 COUPE,Coupé,8/1/2000,12/31/2006,747
17145,HONDA,INSIGHT 2,Berline,1/1/2009,12/31/2014,747
17146,HONDA,INTEGRA 2 COUPE,Coupé,1/1/1998,12/31/2000,745
17147,HONDA,JAZZ 1,Berline,10/1/1983,10/31/1986,735
17148,HONDA,JAZZ 2,Berline,1/1/2002,11/30/2008,734
17149,HONDA,JAZZ 3,Berline,11/1/2008,6/30/2015,733
17153,HONDA,LEGEND 1 COUPE,Coupé,2/1/1988,11/30/1991,732
17152,HONDA,LEGEND 1 PHASE 1,Berline,10/1/1987,10/31/1989,732
17154,HONDA,LEGEND 2,Berline,7/1/1991,4/30/1996,731
17155,HONDA,LEGEND 2 COUPE,Coupé,7/1/1991,4/30/1996,731
17156,HONDA,LEGEND 3 PHASE 1,Berline,7/1/1996,9/30/1998,730
17159,HONDA,LOGO,Berline,7/1/1999,6/30/2001,743
17160,HONDA,NSX 1 PHASE 1 COUPE,Coupé,1/1/1991,6/30/2001,748
17161,HONDA,NSX 1 PHASE 2 COUPE,Coupé,10/1/2004,4/30/2005,748
17162,HONDA,NSX 2 COUPE,Coupé,6/1/2016,,748
19698,HONDA,ODYSSEY,Monospace,3/1/2005,,746
17163,HONDA,PRELUDE 1 COUPE,Coupé,7/1/1981,6/30/1983,728
17165,HONDA,PRELUDE 3 COUPE,Coupé,11/1/1987,4/30/1992,726
17166,HONDA,PRELUDE 4 COUPE,Coupé,4/1/1992,4/30/1996,725
17167,HONDA,PRELUDE 5 COUPE,Coupé,1/1/1997,4/30/2001,724
17168,HONDA,QUINTET,Berline,6/1/1981,6/30/1984,744
17169,HONDA,S2000 CABRIOLET,Cabriolet,7/1/1999,10/31/2009,736
17170,HONDA,SHUTTLE,Monospace,6/1/1995,10/31/2000,737
17171,HONDA,STREAM PHASE 1,Monospace,6/1/2001,4/30/2004,740
17172,HONDA,STREAM PHASE 2,Monospace,4/1/2004,12/31/2004,740
17173,HYUNDAI,ACCENT 1,Berline,11/1/1999,9/30/2001,757
17174,HYUNDAI,ACCENT 2,Berline,9/1/2001,12/31/2005,756
17175,HYUNDAI,ACCENT 3,Berline,1/1/2006,12/31/2010,755
17176,HYUNDAI,ACCENT 4,Berline,1/1/2011,,755
19726,HYUNDAI,ACCENT 4,Berline,1/1/2011,5/31/2015,755
19725,HYUNDAI,ACCENT 4,Berline,6/1/2015,,755
17177,HYUNDAI,ATOS,Berline,3/1/1998,12/31/2001,768
17178,HYUNDAI,ATOS 1 PRIME,Berline,2/1/2000,10/31/2003,767
17179,HYUNDAI,ATOS 2 PRIME,Berline,10/1/2003,3/31/2008,767
17181,HYUNDAI,COUPE 1,Coupé,9/1/1996,9/30/2001,771
17182,HYUNDAI,COUPE 2 PHASE 1,Coupé,1/1/2002,12/31/2004,771
17183,HYUNDAI,COUPE 2 PHASE 2,Coupé,1/1/2005,9/30/2006,771
17184,HYUNDAI,COUPE 2 PHASE 3,Coupé,9/1/2006,10/31/2010,771
17185,HYUNDAI,ELANTRA 1,Berline,10/1/2000,7/31/2006,760
17186,HYUNDAI,ELANTRA 2,Berline,3/1/2011,,759
17188,HYUNDAI,GALLOPER,Tout-Terrain,7/1/1998,12/31/2001,786
17191,HYUNDAI,GENESIS 1,Berline,10/1/2011,2/28/2014,788
17192,HYUNDAI,GENESIS 2,Berline,2/1/2014,,788
17189,HYUNDAI,GENESIS COUPE PHASE 1,Coupé,10/1/2010,4/30/2012,788
17190,HYUNDAI,GENESIS COUPE PHASE 2,Coupé,5/1/2012,12/31/2013,788
17193,HYUNDAI,GETZ PHASE 1,Berline,9/1/2002,11/30/2005,770
17194,HYUNDAI,GETZ PHASE 2,Berline,11/1/2005,10/31/2010,770
17195,HYUNDAI,GRANDEUR,Berline,6/1/2006,12/31/2011,790
17196,HYUNDAI,H 100,Fourgon,11/1/1993,12/31/2001,782
17198,HYUNDAI,H1 1 STAREX PHASE 1,Fourgon,10/1/1997,4/30/2007,773
17199,HYUNDAI,H1 1 STAREX PHASE 2,Fourgon,4/1/2007,9/30/2008,773
17200,HYUNDAI,H1 2 STAREX,Fourgon,3/1/2008,,772
17205,HYUNDAI,I 20 1 PHASE 1,Berline,9/1/2009,6/30/2012,780
17206,HYUNDAI,I 20 1 PHASE 2,Berline,6/1/2012,3/31/2015,780
17210,HYUNDAI,I 30 1 PHASE 1,Berline,7/1/2007,12/31/2010,775
17211,HYUNDAI,I 30 1 PHASE 1 BREAK,Break,3/1/2008,12/31/2010,775
17209,HYUNDAI,I 30 1 PHASE 2,Berline,1/1/2011,5/31/2012,775
17212,HYUNDAI,I 30 1 PHASE 2 BREAK,Break,1/1/2011,5/31/2012,775
17213,HYUNDAI,I 30 2 PHASE 1,Berline,6/1/2012,7/31/2015,774
17216,HYUNDAI,I 30 2 PHASE 1 BREAK,Break,6/1/2012,7/31/2015,774
17214,HYUNDAI,I 30 2 PHASE 2,Berline,7/1/2015,,774
17215,HYUNDAI,I 30 2 PHASE 2 BREAK,Break,7/1/2015,,774
17219,HYUNDAI,I 40 PHASE 1,Berline,11/1/2011,2/28/2015,785
17220,HYUNDAI,I 40 PHASE 1 BREAK,Break,11/1/2011,2/28/2015,785
17222,HYUNDAI,I 40 PHASE 2,Berline,3/1/2015,,785
17221,HYUNDAI,I 40 PHASE 2 BREAK,Break,3/1/2015,,785
17224,HYUNDAI,IX 20 PHASE 1,Monospace,10/1/2010,5/31/2015,787
17225,HYUNDAI,IX 20 PHASE 2,Monospace,6/1/2015,,787
17226,HYUNDAI,IX 35 PHASE 1,SUV,3/1/2010,6/30/2013,783
17227,HYUNDAI,IX 35 PHASE 2,SUV,9/1/2013,,783
17234,HYUNDAI,MATRIX PHASE 1,Monospace,9/1/2001,9/30/2009,776
17235,HYUNDAI,MATRIX PHASE 2,Monospace,9/1/2009,10/31/2010,776
17236,HYUNDAI,PONY 1,Berline,9/1/1992,10/31/1994,789
17237,HYUNDAI,PONY 2,Berline,10/1/1994,12/31/1997,789
17238,HYUNDAI,PONY 3,Berline,1/1/1998,11/30/1999,789
17239,HYUNDAI,SANTA FE 1,Tout-Terrain,10/1/2000,9/30/2006,754
17240,HYUNDAI,SANTA FE 2 PHASE 1,SUV,1/1/2006,12/31/2010,753
17241,HYUNDAI,SANTA FE 2 PHASE 2,SUV,1/1/2010,1/31/2013,753
17242,HYUNDAI,SANTA FE 3 PHASE 1,SUV,6/1/2012,6/30/2015,752
17243,HYUNDAI,SANTA FE 3 PHASE 2,SUV,6/1/2015,,752
17245,HYUNDAI,SATELLITE 1 PHASE 1,Minibus,3/1/1998,12/31/2005,773
17246,HYUNDAI,SATELLITE 1 PHASE 2,Minibus,1/1/2006,12/31/2007,773
17247,HYUNDAI,SATELLITE 2,Fourgon,1/1/2008,,772
17248,HYUNDAI,SCOUPE,Coupé,11/1/1992,12/31/1995,781
17249,HYUNDAI,SONATA 3 PHASE 1,Berline,9/1/1992,6/30/1996,766
17250,HYUNDAI,SONATA 3 PHASE 2,Berline,9/1/1996,9/30/1998,765
17252,HYUNDAI,SONATA 4 PHASE 1,Berline,10/1/1998,6/30/2001,764
17251,HYUNDAI,SONATA 4 PHASE 2,Berline,6/1/2001,12/31/2004,764
17253,HYUNDAI,SONATA 5,Berline,4/1/2005,9/30/2008,763
17254,HYUNDAI,SONATA 6,Berline,10/1/2008,,763
17255,HYUNDAI,TERRACAN,Tout-Terrain,5/1/2001,12/31/2007,779
17256,HYUNDAI,TRAJET,Monospace,10/1/2000,4/30/2007,769
17261,HYUNDAI,XG PHASE 1,Berline,11/1/1999,2/28/2003,784
17262,HYUNDAI,XG PHASE 2,Berline,3/1/2003,12/31/2005,784
17264,INFINITI,FX 1,SUV,1/1/2003,12/31/2008,791
17265,INFINITI,FX 2,SUV,12/1/2008,10/31/2015,791
17266,INFINITI,G 1 COUPE,Coupé,6/1/2002,12/31/2007,793
17267,INFINITI,G 2,Berline,12/1/2007,6/30/2015,792
17269,INFINITI,G 2 CABRIOLET,Cabriolet,1/1/2009,6/30/2015,792
17268,INFINITI,G 2 COUPE,Coupé,1/1/2008,6/30/2015,792
17280,INFINITI,QX56,SUV,1/1/2003,12/31/2010,795
17283,ISUZU,CAMPO,Pickup,1/1/1981,6/30/1994,800
17284,ISUZU,D-MAX 1 PHASE 1,Pickup,9/1/2003,6/30/2007,799
17285,ISUZU,D-MAX 1 PHASE 2,Pickup,6/1/2007,,799
17286,ISUZU,D-MAX 2 PHASE 1,Pickup,3/1/2012,2/28/2017,799
17287,ISUZU,D-MAX 2 PHASE 2,Pickup,2/1/2017,,799
19673,ISUZU,D-MAX 2 PHASE 2,Chassis,2/1/2017,,799
17288,ISUZU,SERIE N,Chassis,10/1/2003,,805
20016,ISUZU,SERIE N,Chassis,4/1/2014,,805
17289,ISUZU,TROOPER,Tout-Terrain,1/1/1991,12/31/2005,801
17307,JAGUAR,S-TYPE PHASE 1,Berline,3/1/1999,12/31/2001,820
17306,JAGUAR,S-TYPE PHASE 2,Berline,1/1/2002,12/31/2007,820
17333,JAGUAR,X-TYPE PHASE 1,Berline,6/1/2001,12/31/2007,821
17334,JAGUAR,X-TYPE PHASE 1 BREAK,Break,3/1/2004,12/31/2007,821
17336,JAGUAR,X-TYPE PHASE 2,Berline,1/1/2008,10/31/2010,821
17335,JAGUAR,X-TYPE PHASE 2 BREAK,Break,1/1/2008,10/31/2010,821
17320,JAGUAR,XJ 3,Berline,10/1/1997,9/30/2002,815
17322,JAGUAR,XJ X300 PHASE 3,Berline,10/1/1994,10/31/1997,816
17323,JAGUAR,XJ X350,Berline,3/1/2003,7/31/2009,814
17325,JAGUAR,XJ X351 PHASE 1,Berline,9/1/2009,5/31/2015,813
17324,JAGUAR,XJ X351 PHASE 2,Berline,6/1/2015,,813
17328,JAGUAR,XJ XJ40 PHASE 1,Berline,3/1/1986,6/30/1989,817
17327,JAGUAR,XJ XJ40 PHASE 2,Berline,7/1/1989,10/31/1994,817
17330,JAGUAR,XK 1 CABRIOLET,Cabriolet,10/1/1996,12/31/2005,823
17329,JAGUAR,XK 1 COUPE,Coupé,10/1/1996,12/31/2005,823
17332,JAGUAR,XK 2 CABRIOLET,Cabriolet,1/1/2006,,822
17331,JAGUAR,XK 2 COUPE,Coupé,1/1/2006,,822
17337,JEEP,CHEROKEE,Tout-Terrain,1/1/1977,12/31/1992,834
17342,JEEP,CHEROKEE 3,Tout-Terrain,1/1/2008,12/31/2013,834
17345,JEEP,COMMANDER,Tout-Terrain,3/1/2006,12/31/2009,838
17346,JEEP,COMPASS 1 PHASE 1,SUV,9/1/2006,5/31/2011,840
17347,JEEP,COMPASS 1 PHASE 2,SUV,6/1/2011,,840
20321,JEEP,COMPASS 2 PHASE 1,SUV,12/1/2016,4/30/2021,840
20334,JEEP,COMPASS 2 PHASE 2,SUV,5/1/2021,,840
17350,JEEP,GRAND CHEROKEE 1 PHASE 1,Tout-Terrain,1/1/1993,10/31/1997,833
17351,JEEP,GRAND CHEROKEE 1 PHASE 2,Tout-Terrain,11/1/1997,6/30/2005,832
17352,JEEP,GRAND CHEROKEE 2 PHASE 1,Tout-Terrain,7/1/2005,11/30/2007,831
17353,JEEP,GRAND CHEROKEE 2 PHASE 2,Tout-Terrain,12/1/2007,9/30/2010,831
17354,JEEP,GRAND CHEROKEE 3 PHASE 1,Tout-Terrain,10/1/2010,6/30/2013,830
17355,JEEP,GRAND CHEROKEE 3 PHASE 2,Tout-Terrain,6/1/2013,12/31/2016,830
17356,JEEP,GRAND CHEROKEE 3 PHASE 3,Tout-Terrain,1/1/2017,,830
17357,JEEP,PATRIOT PHASE 1,Tout-Terrain,11/1/2007,12/31/2010,837
17358,JEEP,PATRIOT PHASE 2,Tout-Terrain,1/1/2011,,837
17361,JEEP,WRANGLER,Tout-Terrain,1/1/1990,12/31/1992,835
17362,JEEP,WRANGLER 1 PHASE 1,Tout-Terrain,1/1/1987,10/31/1996,835
17363,JEEP,WRANGLER 1 PHASE 2,Tout-Terrain,10/1/1996,12/31/2006,835
17364,JEEP,WRANGLER 2,Tout-Terrain,1/1/2007,,835
17365,JEEP,WRANGLER 2 UNLIMITED,Tout-Terrain,1/1/2007,,835
17366,JEEP,WRANGLER 3,Tout-Terrain,7/1/2018,,835
17367,JEEP,WRANGLER 3 UNLIMITED,Tout-Terrain,7/1/2018,,835
17368,KIA,BESTA,Fourgon,10/1/1992,6/30/1999,872
17370,KIA,CARENS 1,Monospace,11/1/2001,7/31/2002,858
17371,KIA,CARENS 2,Monospace,7/1/2002,12/31/2006,858
17372,KIA,CARENS 3,Monospace,9/1/2006,2/28/2013,857
17373,KIA,CARENS 4 PHASE 1,Monospace,2/1/2013,12/31/2016,856
17374,KIA,CARENS 4 PHASE 2,Monospace,12/1/2016,,856
17375,KIA,CARNIVAL 1,Monospace,7/1/1999,6/30/2006,851
17376,KIA,CARNIVAL 2,Monospace,6/1/2006,9/30/2010,851
17378,KIA,CEE-D 1 PHASE 1,Berline,1/1/2007,9/30/2009,842
17380,KIA,CEE-D 1 PHASE 2,Berline,9/1/2009,5/31/2012,842
17379,KIA,CEE-D 1 SPORT WAGON PHASE 1 BREAK,Break,1/1/2007,9/30/2009,842
17381,KIA,CEE-D 1 SPORT WAGON PHASE 2 BREAK,Break,9/1/2009,5/31/2012,842
17382,KIA,CEE-D 2 PHASE 1,Berline,6/1/2012,6/30/2015,841
17383,KIA,CEE-D 2 PHASE 2,Berline,6/1/2015,,841
17384,KIA,CEE-D 2 SPORT WAGON PHASE 1 BREAK,Break,9/1/2012,6/30/2015,841
17385,KIA,CEE-D 2 SPORT WAGON PHASE 2 BREAK,Break,6/1/2015,,841
17388,KIA,CERATO,Berline,7/1/2004,5/31/2007,864
17389,KIA,CLARUS,Berline,9/1/1997,10/31/2000,860
17390,KIA,CLARUS BREAK,Break,5/1/1998,10/31/2000,860
17393,KIA,MAGENTIS 1,Berline,1/1/2002,12/31/2005,863
17394,KIA,MAGENTIS 2 PHASE 1,Berline,1/1/2006,12/31/2009,863
17395,KIA,MAGENTIS 2 PHASE 2,Berline,1/1/2010,,863
17397,KIA,OPIRUS 1,Berline,1/1/2004,11/30/2007,868
17398,KIA,OPIRUS 2,Berline,1/1/2008,12/31/2009,868
17405,KIA,PICANTO 1 PHASE 1,Berline,5/1/2004,12/31/2007,853
17406,KIA,PICANTO 1 PHASE 2,Berline,1/1/2008,3/31/2011,853
17407,KIA,PICANTO 2 PHASE 1,Berline,3/1/2011,3/31/2015,852
17408,KIA,PICANTO 2 PHASE 2,Berline,3/1/2015,,852
17410,KIA,PREGIO,Fourgon,3/1/1998,,866
17411,KIA,PRIDE,Berline,9/1/1997,10/31/2000,861
17412,KIA,PRIDE BREAK,Break,9/1/1997,10/31/2000,861
17420,KIA,RIO 1,Berline,9/1/2001,9/30/2005,850
17421,KIA,RIO 1 BREAK,Break,9/1/2001,9/30/2005,850
17422,KIA,RIO 2 PHASE 1,Berline,9/1/2005,11/30/2009,849
17423,KIA,RIO 2 PHASE 2,Berline,11/1/2009,3/31/2011,849
17424,KIA,RIO 3 PHASE 1,Berline,6/1/2011,4/30/2015,848
17425,KIA,RIO 3 PHASE 2,Berline,4/1/2015,11/30/2016,848
17427,KIA,SEPHIA 1,Berline,9/1/1993,12/31/1999,855
17428,KIA,SEPHIA 2,Berline,7/1/1998,10/31/2000,854
17429,KIA,SHUMA 1,Berline,7/1/1998,9/30/2002,862
17430,KIA,SHUMA 2,Berline,7/1/2001,12/31/2003,862
17431,KIA,SORENTO 1 PHASE 1,SUV,9/1/2002,12/31/2007,847
17432,KIA,SORENTO 1 PHASE 2,SUV,7/1/2006,5/31/2010,847
17433,KIA,SORENTO 2 PHASE 1,SUV,11/1/2009,9/30/2012,846
17434,KIA,SORENTO 2 PHASE 2,SUV,6/1/2012,2/28/2015,846
17436,KIA,SOUL 1 PHASE 1,Monospace,1/1/2009,12/31/2011,867
17437,KIA,SOUL 1 PHASE 2,Monospace,1/1/2012,6/30/2014,867
17438,KIA,SOUL 2 PHASE 1,Monospace,2/1/2014,10/31/2016,867
17439,KIA,SOUL 2 PHASE 2,Monospace,10/1/2016,,867
17440,KIA,SOUL 3,Monospace,1/1/2019,,867
17441,KIA,SPORTAGE 1,SUV,9/1/1994,9/30/2002,845
17442,KIA,SPORTAGE 1 CUTBACK,SUV,1/1/2000,12/31/2003,845
17443,KIA,SPORTAGE 2 PHASE 1,SUV,9/1/2004,11/30/2007,844
17444,KIA,SPORTAGE 2 PHASE 2,SUV,11/1/2007,9/30/2010,844
17445,KIA,SPORTAGE 3 PHASE 1,SUV,9/1/2010,3/31/2014,843
17446,KIA,SPORTAGE 3 PHASE 2,SUV,3/1/2014,2/29/2016,843
17450,KIA,VENGA PHASE 1,Monospace,1/1/2010,12/31/2014,865
17451,KIA,VENGA PHASE 2,Monospace,1/1/2015,,865
17461,LADA,MATRIUSHKA 2104 BREAK,Break,1/1/1985,,877
17463,LADA,NIVA PHASE 1,Tout-Terrain,1/1/1979,9/30/1994,876
17462,LADA,NIVA PHASE 2,Tout-Terrain,9/1/1994,,876
19519,LADA,NIVA SOCIETE PHASE 2,Tout-Terrain,9/1/1994,,876
17467,LADA,SAMARA,Berline,7/1/1986,9/30/1998,875
17469,LANCIA,BETA,Berline,1/1/1980,6/30/1986,889
17468,LANCIA,BETA CABRIOLET,Cabriolet,1/1/1976,6/30/1986,889
17470,LANCIA,BETA COUPE,Coupé,1/1/1976,6/30/1985,889
17471,LANCIA,BETA HPE,Berline,1/1/1973,6/30/1986,889
17472,LANCIA,DEDRA,Berline,11/1/1989,12/31/1999,890
17473,LANCIA,DEDRA BREAK,Break,10/1/1994,12/31/1999,890
17481,LANCIA,KAPPA,Berline,11/1/1994,2/28/2001,895
17482,LANCIA,KAPPA BREAK,Break,8/1/1996,2/28/2001,895
17483,LANCIA,KAPPA COUPE,Coupé,6/1/1997,9/30/2000,895
17484,LANCIA,LYBRA,Berline,9/1/1999,3/31/2005,891
17485,LANCIA,LYBRA BREAK,Break,9/1/1999,3/31/2005,891
17487,LANCIA,MUSA PHASE 1,Monospace,9/1/2004,10/31/2007,897
17486,LANCIA,MUSA PHASE 2,Monospace,10/1/2007,6/30/2014,897
17488,LANCIA,PHEDRA,Monospace,9/1/2002,10/31/2010,894
17489,LANCIA,PRISMA PHASE 1,Berline,5/1/1983,6/30/1986,886
17490,LANCIA,PRISMA PHASE 2,Berline,7/1/1986,6/30/1990,886
17492,LANCIA,THEMA 1 PHASE 1,Berline,1/1/1985,10/31/1988,888
17494,LANCIA,THEMA 1 PHASE 1 BREAK,Break,4/1/1987,10/31/1988,888
17491,LANCIA,THEMA 1 PHASE 2,Berline,11/1/1988,10/31/1994,888
17493,LANCIA,THEMA 1 PHASE 2 BREAK,Break,11/1/1988,10/31/1994,888
17495,LANCIA,THEMA 2,Berline,9/1/2011,,888
17496,LANCIA,THESIS,Berline,9/1/2002,12/31/2008,898
17498,LANCIA,VOYAGER,Monospace,9/1/2011,,892
17499,LANCIA,Y10 1,Berline,7/1/1985,10/31/1992,884
17500,LANCIA,Y10 2,Berline,10/1/1992,6/30/1996,884
17501,LANCIA,YPSILON 3 PHASE 1,Berline,1/1/1996,9/30/2000,896
17502,LANCIA,YPSILON 3 PHASE 2,Berline,9/1/2000,10/31/2003,896
17503,LANCIA,YPSILON 4 PHASE 1,Berline,10/1/2003,10/31/2006,896
17504,LANCIA,YPSILON 4 PHASE 2,Berline,10/1/2006,6/30/2011,896
17505,LANCIA,YPSILON 5,Berline,6/1/2011,,896
19979,LANCIA,ZETA PHASE 1,Monospace,6/1/1994,10/31/1998,893
19980,LANCIA,ZETA PHASE 2,Monospace,10/1/1998,5/31/2002,893
17508,LAND ROVER,DEFENDER 1,Tout-Terrain,1/1/1983,10/31/2001,914
17509,LAND ROVER,DEFENDER 2,Tout-Terrain,10/1/2001,10/31/2002,914
17510,LAND ROVER,DEFENDER 3,Tout-Terrain,10/1/2002,9/30/2003,914
17512,LAND ROVER,DEFENDER 4 PHASE 1,Tout-Terrain,9/1/2003,10/31/2006,914
17511,LAND ROVER,DEFENDER 4 PHASE 2,Pickup,10/1/2006,,913
17514,LAND ROVER,DISCOVERY 1 PHASE 1,Tout-Terrain,1/1/1990,2/28/1994,902
17513,LAND ROVER,DISCOVERY 1 PHASE 2,Tout-Terrain,2/1/1994,9/30/1998,902
17515,LAND ROVER,DISCOVERY 1 PHASE 3,Tout-Terrain,9/1/1998,7/31/2000,902
17518,LAND ROVER,DISCOVERY 2 PHASE 1,Tout-Terrain,7/1/2000,6/30/2002,901
17516,LAND ROVER,DISCOVERY 2 PHASE 2,Tout-Terrain,6/1/2002,6/30/2003,901
17517,LAND ROVER,DISCOVERY 2 PHASE 3,Tout-Terrain,7/1/2003,9/30/2004,901
17519,LAND ROVER,DISCOVERY 3,Tout-Terrain,9/1/2004,9/30/2009,900
17520,LAND ROVER,DISCOVERY 4 PHASE 1,Tout-Terrain,9/1/2009,9/30/2013,899
17521,LAND ROVER,DISCOVERY 4 PHASE 2,Tout-Terrain,9/1/2013,,899
17527,LAND ROVER,FREELANDER 1 PHASE 1,Tout-Terrain,1/1/1998,7/31/2000,904
17525,LAND ROVER,FREELANDER 1 PHASE 2,Tout-Terrain,10/1/2000,10/31/2001,904
17526,LAND ROVER,FREELANDER 1 PHASE 3,Tout-Terrain,10/1/2001,9/30/2002,904
17524,LAND ROVER,FREELANDER 1 PHASE 4,Tout-Terrain,9/1/2002,11/30/2003,904
17528,LAND ROVER,FREELANDER 1 PHASE 5,Tout-Terrain,11/1/2003,12/31/2006,904
17529,LAND ROVER,FREELANDER 2,Tout-Terrain,1/1/2007,,903
17540,LAND ROVER,RANGE ROVER 1 EVOQUE PHASE 1,Tout-Terrain,6/1/2011,6/30/2015,912
17541,LAND ROVER,RANGE ROVER 1 EVOQUE PHASE 2,Tout-Terrain,6/1/2015,,912
17542,LAND ROVER,RANGE ROVER 1 EVOQUE PHASE 2 CABRIOLET,Cabriolet,2/1/2016,,912
17531,LAND ROVER,RANGE ROVER 1 PHASE 1,Tout-Terrain,7/1/1979,11/30/1989,911
17532,LAND ROVER,RANGE ROVER 1 PHASE 2,Tout-Terrain,11/1/1989,2/28/1995,910
17544,LAND ROVER,RANGE ROVER 1 SPORT PHASE 1,Tout-Terrain,5/1/2005,9/30/2009,907
17545,LAND ROVER,RANGE ROVER 1 SPORT PHASE 2,Tout-Terrain,9/1/2009,12/31/2012,907
17533,LAND ROVER,RANGE ROVER 2 PHASE 1,Tout-Terrain,10/1/1994,7/31/2000,909
17534,LAND ROVER,RANGE ROVER 2 PHASE 2,Tout-Terrain,7/1/2000,9/30/2002,909
19474,LAND ROVER,RANGE ROVER 2 SPORT PHASE 1,SUV,11/1/2015,8/31/2019,906
19475,LAND ROVER,RANGE ROVER 2 SPORT PHASE 2,Tout-Terrain,11/1/2017,,906
17537,LAND ROVER,RANGE ROVER 3 PHASE 1,Tout-Terrain,3/1/2002,5/31/2005,908
17535,LAND ROVER,RANGE ROVER 3 PHASE 2,Tout-Terrain,5/1/2005,9/30/2009,908
17536,LAND ROVER,RANGE ROVER 3 PHASE 3,Tout-Terrain,7/1/2009,9/30/2012,908
17538,LAND ROVER,RANGE ROVER 4 PHASE 1,Tout-Terrain,9/1/2012,12/31/2017,905
17539,LAND ROVER,RANGE ROVER 4 PHASE 2,Tout-Terrain,1/1/2018,,905
17550,LEXUS,CT PHASE 1,Berline,1/1/2011,2/28/2014,931
17549,LEXUS,CT PHASE 2,Berline,2/1/2014,12/31/2017,931
17551,LEXUS,CT PHASE 3,Berline,1/1/2018,,931
17555,LEXUS,GS 1,Berline,12/1/1993,12/31/1997,926
17553,LEXUS,GS 2,Berline,1/1/1998,4/30/2005,926
17554,LEXUS,GS 3,Berline,4/1/2005,8/31/2010,925
17561,LEXUS,IS 1,Berline,3/1/1999,12/31/2005,917
17562,LEXUS,IS 1 SPORT CROSS BREAK,Break,1/1/2001,12/31/2005,917
17563,LEXUS,IS 2 PHASE 1,Berline,1/1/2006,8/31/2010,916
17565,LEXUS,IS 2 PHASE 1 CABRIOLET,Cabriolet,7/1/2009,8/31/2010,916
17564,LEXUS,IS 2 PHASE 2,Berline,8/1/2010,2/28/2013,916
17566,LEXUS,IS 2 PHASE 2 CABRIOLET,Cabriolet,8/1/2010,12/31/2012,916
20343,LEXUS,IS 3,Berline,8/1/2015,,915
17567,LEXUS,IS 3 PHASE 1,Berline,3/1/2013,,915
17568,LEXUS,IS 3 PHASE 2,Berline,11/1/2016,,915
17573,LEXUS,LS,Berline,12/1/2000,12/31/2006,922
17571,LEXUS,LS PHASE 1,Berline,7/1/1990,3/31/1995,923
17575,LEXUS,LS PHASE 3,Berline,4/1/2013,,924
17581,LEXUS,NX PHASE 1,SUV,9/1/2014,10/31/2017,932
17582,LEXUS,NX PHASE 2,SUV,10/1/2017,,932
17584,LEXUS,RX 2,SUV,5/1/2003,6/30/2009,920
20182,LEXUS,RX 300,SUV,1/1/1998,2/28/2003,921
17591,LEXUS,SC CABRIOLET,Cabriolet,5/1/2001,8/31/2010,928
20099,LIGIER PROFESSIONAL,NOVA,Berline,8/1/2002,,933
19626,LOTUS,ELISE CABRIOLET,Cabriolet,6/1/2007,,943
19689,LOTUS,ELISE COUPE,Coupé,6/1/2007,,943
19658,MASERATI,QUATTROPORTE,Berline,9/1/2013,,949
17594,MAZDA,121 1,Berline,7/1/1988,6/30/1991,988
17595,MAZDA,121 2,Berline,7/1/1991,3/31/1996,987
17598,MAZDA,45323,Berline,3/1/2003,9/30/2007,991
17599,MAZDA,2 2 PHASE 1,Berline,9/1/2007,2/28/2011,990
17600,MAZDA,2 2 PHASE 2,Berline,3/1/2011,,990
17602,MAZDA,3 1 PHASE 1,Berline,10/1/2003,6/30/2006,980
17603,MAZDA,3 1 PHASE 2,Berline,7/1/2006,6/30/2009,979
17604,MAZDA,3 2 PHASE 1,Berline,6/1/2009,10/31/2011,978
17605,MAZDA,3 2 PHASE 2,Berline,9/1/2011,12/31/2013,978
17606,MAZDA,3 3 PHASE 1,Berline,9/1/2013,10/31/2016,977
17609,MAZDA,323 2,Berline,7/1/1981,6/30/1985,959
17610,MAZDA,323 2 BREAK,Break,7/1/1982,6/30/1986,957
17611,MAZDA,323 3 PHASE 1,Berline,7/1/1985,9/30/1987,956
17614,MAZDA,323 3 PHASE 1 BREAK,Break,7/1/1985,9/30/1987,956
17612,MAZDA,323 3 PHASE 2,Berline,9/1/1987,10/31/1989,956
17613,MAZDA,323 3 PHASE 2 BREAK,Break,9/1/1987,10/31/1989,956
17618,MAZDA,323 4,Berline,10/1/1989,8/31/1994,955
17617,MAZDA,323 4 PHASE 1,Berline,10/1/1989,7/31/1991,955
17620,MAZDA,323 4 PHASE 1 BREAK,Break,1/1/1990,6/30/1991,955
17616,MAZDA,323 4 PHASE 2,Berline,7/1/1991,3/31/1996,955
17619,MAZDA,323 4 PHASE 2 BREAK,Break,7/1/1991,6/30/1995,955
17615,MAZDA,323 4 PHASE 2 COUPE,Coupé,7/1/1991,3/31/1996,955
17622,MAZDA,323 5 PHASE 1,Berline,10/1/1994,5/31/1996,953
17621,MAZDA,323 5 PHASE 2,Berline,6/1/1996,8/31/1998,953
17623,MAZDA,323 5 PHASE 2 COUPE,Coupé,6/1/1996,8/31/1998,953
17624,MAZDA,323 6,Berline,2/1/1997,3/31/2004,950
17626,MAZDA,5 1 PHASE 1,Monospace,6/1/2005,10/31/2008,999
17625,MAZDA,5 1 PHASE 2,Monospace,1/1/2008,10/31/2010,999
17627,MAZDA,45414,Monospace,10/1/2010,,998
17629,MAZDA,6 1 PHASE 1,Berline,4/1/2002,6/30/2005,969
17630,MAZDA,6 1 PHASE 1 BREAK,Break,8/1/2002,6/30/2005,969
17628,MAZDA,6 1 PHASE 2,Berline,6/1/2005,10/31/2008,969
17631,MAZDA,6 1 PHASE 2 BREAK,Break,6/1/2005,10/31/2008,969
17632,MAZDA,6 2 PHASE 1,Berline,1/1/2008,7/31/2010,968
17634,MAZDA,6 2 PHASE 1 BREAK,Break,3/1/2008,7/31/2010,968
17633,MAZDA,6 2 PHASE 2,Berline,3/1/2010,12/31/2012,968
17635,MAZDA,6 2 PHASE 2 BREAK,Break,3/1/2010,12/31/2012,968
17636,MAZDA,6 3 PHASE 1,Berline,1/1/2013,6/30/2017,967
17637,MAZDA,6 3 PHASE 1 BREAK,Break,1/1/2013,6/30/2017,967
17642,MAZDA,626 1 PHASE 1 COUPE,Coupé,9/1/1978,12/31/1982,966
17641,MAZDA,626 1 PHASE 2,Berline,7/1/1981,2/28/1983,966
17643,MAZDA,626 1 PHASE 2 COUPE,Coupé,1/1/1983,10/31/1987,965
17644,MAZDA,626 1 PHASE 3 COUPE,Coupé,10/1/1987,1/31/1992,964
17646,MAZDA,626 2 PHASE 1,Berline,2/1/1983,11/30/1985,965
17645,MAZDA,626 2 PHASE 2,Berline,11/1/1985,11/30/1987,965
17647,MAZDA,626 2 PHASE 3,Berline,11/1/1987,1/31/1992,964
17648,MAZDA,626 3,Berline,1/1/1992,1/31/1997,963
17651,MAZDA,626 3 BREAK,Break,10/1/1988,3/31/1996,964
17649,MAZDA,626 3 PHASE 1,Berline,1/1/1992,12/31/1995,963
17650,MAZDA,626 3 PHASE 2,Berline,1/1/1996,9/30/1997,963
17652,MAZDA,626 4 PHASE 1,Berline,7/1/1997,12/31/1999,962
17654,MAZDA,626 4 PHASE 1 BREAK,Break,11/1/1997,6/30/2000,962
17653,MAZDA,626 4 PHASE 2,Berline,1/1/2000,10/31/2002,962
17655,MAZDA,626 4 PHASE 2 BREAK,Break,7/1/2000,10/31/2002,962
17658,MAZDA,929 1 BREAK,Break,7/1/1981,6/30/1984,993
17657,MAZDA,929 1 COUPE,Coupé,7/1/1982,6/30/1984,993
17659,MAZDA,929 2,Berline,7/1/1984,6/30/1987,993
17660,MAZDA,929 2 COUPE,Coupé,7/1/1984,6/30/1987,993
17661,MAZDA,929 3,Berline,7/1/1987,8/31/1990,993
17662,MAZDA,929 3 PHASE 1,Berline,7/1/1987,8/31/1990,993
17663,MAZDA,929 3 PHASE 2,Berline,1/1/1990,4/30/1992,993
17664,MAZDA,B1800,Pickup,10/1/1981,8/31/1985,974
17665,MAZDA,B2000,Pickup,5/1/1985,7/31/1997,970
17666,MAZDA,B2200,Pickup,9/1/1987,7/31/1997,970
17667,MAZDA,B2500,Pickup,9/1/1987,7/31/1997,972
17668,MAZDA,B2600,Pickup,9/1/1987,7/31/1997,975
17680,MAZDA,DEMIO PHASE 1 BREAK,Break,7/1/1988,6/30/2000,992
17681,MAZDA,DEMIO PHASE 2 BREAK,Break,7/1/2000,8/31/2003,992
17685,MAZDA,MX3 PHASE 1 COUPE,Coupé,7/1/1991,12/31/1994,989
17686,MAZDA,MX3 PHASE 2 COUPE,Coupé,10/1/1994,3/31/1999,989
17687,MAZDA,MX5 1 CABRIOLET,Cabriolet,1/1/1990,2/28/1998,983
17688,MAZDA,MX5 2 PHASE 1 CABRIOLET,Cabriolet,5/1/1998,12/31/2000,982
17689,MAZDA,MX5 2 PHASE 2 CABRIOLET,Cabriolet,1/1/2001,10/31/2005,982
17691,MAZDA,MX5 3 PHASE 1 CABRIOLET,Cabriolet,10/1/2005,10/31/2008,981
17690,MAZDA,MX5 3 PHASE 2 CABRIOLET,Cabriolet,10/1/2008,6/30/2015,981
17694,MAZDA,PREMACY,Monospace,7/1/1999,6/30/2005,996
17695,MAZDA,RX7 1 COUPE,Coupé,3/1/1978,6/30/1985,986
17696,MAZDA,RX7 2 PHASE 1 COUPE,Coupé,7/1/1987,6/30/1989,986
17698,MAZDA,RX7 2 PHASE 2 CABRIOLET,Cabriolet,7/1/1989,1/31/1992,986
17697,MAZDA,RX7 2 PHASE 2 COUPE,Coupé,7/1/1989,1/31/1992,986
17699,MAZDA,RX7 3 COUPE,Coupé,9/1/1992,12/31/1995,986
17701,MAZDA,RX8 PHASE 1 COUPE,Coupé,7/1/2003,10/31/2008,985
17700,MAZDA,RX8 PHASE 2 COUPE,Coupé,10/1/2008,7/31/2010,985
17703,MAZDA,XEDOS 6,Berline,1/1/1993,9/30/1999,997
19484,MAZDA,XEDOS 6 PHASE 1,Berline,2/1/1994,10/31/2000,997
18149,OPEL,ADAM,Berline,9/1/2012,,202
18150,OPEL,AGILA A,Monospace,8/1/2000,12/31/2007,172
18151,OPEL,AGILA B,Monospace,3/1/2008,12/31/2014,173
18153,OPEL,AMPERA E,Berline,2/1/2017,,200
18154,OPEL,ANTARA PHASE 1,SUV,1/1/2007,11/30/2010,191
18155,OPEL,ANTARA PHASE 2,SUV,11/1/2010,,191
20274,OPEL,ANTARA PHASE 2,SUV,11/1/2010,9/30/2014,191
18157,OPEL,ASCONA B,Berline,9/1/1975,7/31/1981,165
18158,OPEL,ASCONA C,Berline,7/1/1981,6/30/1988,166
18159,OPEL,ASCONA C CABRIOLET,Cabriolet,7/1/1981,6/30/1988,166
18169,OPEL,ASTRA G,Berline,4/1/1998,10/31/2005,122
19818,OPEL,ASTRA G,Berline,4/1/1998,4/30/2004,122
18168,OPEL,ASTRA G BREAK,Break,4/1/1998,9/30/2004,122
18170,OPEL,ASTRA G CABRIOLET,Cabriolet,2/1/2001,10/31/2005,122
18167,OPEL,ASTRA G COUPE,Coupé,5/1/2000,2/28/2005,122
18171,OPEL,ASTRA G DELVAN,Fourgon,4/1/1998,4/30/2005,122
18176,OPEL,ASTRA H DELVAN PHASE 2,Fourgon,1/1/2007,4/30/2011,123
18178,OPEL,ASTRA H GTC PHASE 1,Berline,2/1/2005,12/31/2006,123
18177,OPEL,ASTRA H GTC PHASE 2,Berline,1/1/2007,6/30/2011,123
18172,OPEL,ASTRA H PHASE 1,Berline,4/1/2004,12/31/2006,123
19816,OPEL,ASTRA H PHASE 1 BREAK,Break,4/1/2004,12/31/2006,123
18173,OPEL,ASTRA H PHASE 1 BREAK,Break,9/1/2004,12/31/2006,123
18175,OPEL,ASTRA H PHASE 2,Berline,1/1/2007,12/31/2010,123
18174,OPEL,ASTRA H PHASE 2 BREAK,Break,1/1/2007,4/30/2011,123
18179,OPEL,ASTRA H TWINTOP CABRIOLET,Cabriolet,3/1/2006,12/31/2011,123
18185,OPEL,ASTRA J GTC,Berline,7/1/2011,,124
18181,OPEL,ASTRA J PHASE 1,Berline,1/1/2010,6/30/2012,124
18180,OPEL,ASTRA J PHASE 2,Berline,7/1/2012,12/31/2016,124
18184,OPEL,ASTRA J SPORTS TOURER PHASE 1 BREAK,Break,1/1/2010,6/30/2012,124
18183,OPEL,ASTRA J SPORTS TOURER PHASE 2 BREAK,Break,7/1/2012,8/31/2016,124
18188,OPEL,CALIBRA COUPE,Coupé,1/1/1990,6/30/1997,167
18189,OPEL,CAMPO,Pickup,7/1/1992,12/31/2001,177
18191,OPEL,COMBO B,Fourgon,8/1/1993,12/31/2001,148
18192,OPEL,COMBO C PHASE 1,Fourgon,1/1/2002,7/31/2004,149
18193,OPEL,COMBO C PHASE 2,Combi,7/1/2004,12/31/2011,149
18194,OPEL,COMBO D,Combi,1/1/2012,,150
19155,OPEL,COMBO D PHASE 2,Fourgon,7/1/2004,12/31/2012,149
18196,OPEL,COMMODORE,Berline,5/1/1981,12/31/1982,183
18197,OPEL,CORSA A PHASE 1,Berline,10/1/1982,6/30/1990,133
18198,OPEL,CORSA A PHASE 2,Berline,7/1/1990,3/31/1993,133
18199,OPEL,CORSA B PHASE 1,Berline,3/1/1993,4/30/1997,134
18200,OPEL,CORSA B PHASE 2,Berline,4/1/1997,10/31/2000,134
18202,OPEL,CORSA C PHASE 1,Berline,10/1/2000,8/31/2003,135
18203,OPEL,CORSA C PHASE 2,Berline,8/1/2003,9/30/2006,135
18204,OPEL,CORSA D PHASE 1,Berline,9/1/2006,12/31/2010,136
18205,OPEL,CORSA D PHASE 2,Berline,1/1/2011,3/31/2015,136
18206,OPEL,CORSA E,Berline,11/1/2014,,137
18208,OPEL,FRONTERA A PHASE 1,Tout-Terrain,5/1/1992,6/30/1996,151
18209,OPEL,FRONTERA A PHASE 2,Tout-Terrain,7/1/1996,10/31/1998,151
18210,OPEL,FRONTERA B,Tout-Terrain,10/1/1998,2/28/2005,152
18212,OPEL,GT CABRIOLET,Cabriolet,3/1/2007,12/31/2009,197
18213,OPEL,INSIGNIA 1 PHASE 1,Berline,1/1/2009,2/28/2014,178
18215,OPEL,INSIGNIA 1 PHASE 1 BREAK,Break,1/1/2009,10/31/2013,178
18214,OPEL,INSIGNIA 1 PHASE 2,Berline,3/1/2014,,178
18216,OPEL,INSIGNIA 1 PHASE 2 BREAK,Break,10/1/2013,,178
18219,OPEL,KADETT D,Berline,7/1/1979,6/30/1984,145
18220,OPEL,KADETT D BREAK,Break,7/1/1981,6/30/1984,145
18221,OPEL,KADETT E,Berline,7/1/1984,6/30/1993,146
18222,OPEL,KADETT E BREAK,Break,7/1/1984,6/30/1993,146
18223,OPEL,KADETT E CABRIOLET,Cabriolet,7/1/1987,6/30/1991,146
18225,OPEL,MANTA COUPE,Coupé,8/1/1975,6/30/1988,176
18227,OPEL,MERIVA A PHASE 1,Monospace,4/1/2003,12/31/2005,170
18226,OPEL,MERIVA A PHASE 2,Monospace,1/1/2006,9/30/2010,170
18228,OPEL,MERIVA B PHASE 1,Monospace,9/1/2010,3/31/2014,171
18229,OPEL,MERIVA B PHASE 2,Monospace,3/1/2014,,171
19176,OPEL,MOKKA 1 PHASE 1,SUV,10/1/2012,9/30/2016,201
18232,OPEL,MONTEREY A,Tout-Terrain,9/1/1992,6/30/1995,188
18233,OPEL,MONTEREY B,Tout-Terrain,7/1/1996,,188
18234,OPEL,MONZA COUPE,Coupé,9/1/1977,6/30/1987,186
19505,OPEL,MOVANO A,Minibus,11/1/2003,4/30/2010,179
18236,OPEL,MOVANO A PHASE 1,Chassis,1/1/1999,11/30/2003,179
18235,OPEL,MOVANO A PHASE 2,Chassis,11/1/2003,4/30/2010,179
18237,OPEL,MOVANO B,Chassis,4/1/2010,,180
19614,OPEL,MOVANO B,Fourgon,4/1/2010,,180
19923,OPEL,MOVANO B,Minibus,4/1/2010,,180
18238,OPEL,OMEGA A,Berline,10/1/1986,6/30/1994,129
18239,OPEL,OMEGA A BREAK,Break,10/1/1986,6/30/1994,129
18241,OPEL,OMEGA B PHASE 1,Berline,5/1/1994,12/31/1999,131
18240,OPEL,OMEGA B PHASE 1 BREAK,Break,5/1/1994,12/31/1999,131
18243,OPEL,OMEGA B PHASE 2,Berline,1/1/2000,8/31/2003,132
18242,OPEL,OMEGA B PHASE 2 BREAK,Break,1/1/2000,8/31/2003,132
18245,OPEL,REKORD,Berline,1/1/1977,12/31/1986,160
18244,OPEL,REKORD BREAK,Break,1/1/1977,12/31/1986,160
18246,OPEL,SENATOR A,Berline,9/1/1977,6/30/1987,184
18247,OPEL,SENATOR B,Berline,7/1/1987,6/30/1993,185
18249,OPEL,SIGNUM PHASE 1,Berline,6/1/2003,9/30/2005,189
18248,OPEL,SIGNUM PHASE 2,Berline,9/1/2005,12/31/2008,189
18250,OPEL,SINTRA,Monospace,3/1/1997,12/31/1999,174
18251,OPEL,SPEEDSTER CABRIOLET,Cabriolet,10/1/2000,12/31/2006,190
18252,OPEL,TIGRA 1 COUPE,Coupé,9/1/1994,9/30/2000,168
18253,OPEL,TIGRA 2 TWINTOP CABRIOLET,Cabriolet,9/1/2004,,169
18254,OPEL,VECTRA A PHASE 1,Berline,9/1/1988,6/30/1992,125
18255,OPEL,VECTRA A PHASE 2,Berline,7/1/1992,6/30/1995,125
18258,OPEL,VECTRA B PHASE 1,Berline,11/1/1995,2/28/1999,126
18256,OPEL,VECTRA B PHASE 1 BREAK,Break,1/1/1997,2/28/1999,126
18259,OPEL,VECTRA B PHASE 2,Berline,2/1/1999,6/30/2002,126
18257,OPEL,VECTRA B PHASE 2 BREAK,Break,2/1/1999,6/30/2002,126
18262,OPEL,VECTRA C PHASE 1,Berline,6/1/2002,10/31/2005,127
18261,OPEL,VECTRA C PHASE 1 BREAK,Break,10/1/2003,10/31/2005,127
18263,OPEL,VECTRA C PHASE 2,Berline,10/1/2005,8/31/2008,128
18260,OPEL,VECTRA C PHASE 2 BREAK,Break,10/1/2005,8/31/2008,128
18265,OPEL,VIVARO 1 PHASE 1,Chassis,10/1/2002,8/31/2006,162
18264,OPEL,VIVARO 1 PHASE 2,Chassis,8/1/2006,12/31/2014,162
19473,OPEL,VIVARO 1 PHASE 2,Minibus,1/1/2007,5/31/2014,162
18266,OPEL,VIVARO 2,Chassis,6/1/2014,,163
19964,OPEL,ZAFIRA A PHASE 1,Monospace,3/1/1999,7/31/2003,138
19967,OPEL,ZAFIRA A PHASE 2,Monospace,7/1/2003,10/31/2005,138
18269,OPEL,ZAFIRA B PHASE 1,Monospace,7/1/2005,12/31/2007,139
18268,OPEL,ZAFIRA B PHASE 2,Monospace,1/1/2008,12/31/2014,139
18270,OPEL,ZAFIRA TOURER C PHASE 1,Monospace,11/1/2011,10/31/2016,140
18271,OPEL,ZAFIRA TOURER C PHASE 2,Monospace,10/1/2016,,140
18454,RENAULT,AVANTIME,Monospace,9/1/2001,4/30/2003,239
18459,RENAULT,CAPTUR 1 PHASE 1,SUV,2/1/2013,3/31/2017,244
18460,RENAULT,CAPTUR 1 PHASE 2,SUV,4/1/2017,12/31/2019,244
18481,RENAULT,ESPACE 1 PHASE 1,Monospace,7/1/1984,1/31/1988,220
18482,RENAULT,ESPACE 1 PHASE 2,Monospace,1/1/1988,4/30/1991,220
18483,RENAULT,ESPACE 2 PHASE 1,Monospace,4/1/1991,2/28/1995,221
18484,RENAULT,ESPACE 2 PHASE 2,Monospace,3/1/1995,12/31/1996,221
18485,RENAULT,ESPACE 3,Monospace,12/1/1996,9/30/2002,222
18491,RENAULT,EXPRESS PHASE 1,Fourgon,11/1/1985,9/30/1994,234
18492,RENAULT,EXPRESS PHASE 2,Fourgon,9/1/1994,8/31/1999,234
20113,RENAULT,EXPRESS VAN,Fourgon,11/1/2020,,234
18496,RENAULT,GRAND ESPACE 3,Monospace,12/1/1996,9/30/2002,222
18497,RENAULT,GRAND ESPACE 4 PHASE 1,Monospace,9/1/2002,3/31/2006,223
18498,RENAULT,GRAND ESPACE 4 PHASE 2,Monospace,3/1/2006,7/31/2012,223
20327,RENAULT,GRAND ESPACE 4 PHASE 2,Monospace,3/1/2006,10/31/2010,223
20328,RENAULT,GRAND ESPACE 4 PHASE 4,Monospace,6/1/2012,6/30/2015,223
18500,RENAULT,GRAND MODUS PHASE 2,Monospace,1/1/2008,12/31/2012,233
18502,RENAULT,GRAND SCENIC 2 PHASE 2,Monospace,9/1/2006,4/30/2009,210
18503,RENAULT,GRAND SCENIC 3 PHASE 1,Monospace,4/1/2009,11/30/2011,211
18504,RENAULT,GRAND SCENIC 3 PHASE 2,Monospace,12/1/2011,3/31/2013,211
18505,RENAULT,GRAND SCENIC 3 PHASE 3,Monospace,4/1/2013,,211
18513,RENAULT,KOLEOS 1 PHASE 1,SUV,6/1/2008,12/31/2011,235
18514,RENAULT,KOLEOS 1 PHASE 2,SUV,1/1/2012,5/31/2013,235
18515,RENAULT,KOLEOS 1 PHASE 3,SUV,6/1/2013,9/30/2016,235
18534,RENAULT,MASCOTT,Chassis,6/1/1999,10/31/2010,238
19478,RENAULT,MASCOTT PHASE 2,Chassis,11/1/2003,10/31/2006,238
18535,RENAULT,MASTER 1 PHASE 1,Fourgon,4/1/1980,4/30/1989,213
18536,RENAULT,MASTER 1 PHASE 2,Minibus,5/1/1989,9/30/1997,213
18538,RENAULT,MASTER 2 PHASE 1,Chassis,9/1/1997,11/30/2003,214
18537,RENAULT,MASTER 2 PHASE 2,Fourgon,11/1/2003,10/31/2006,215
20066,RENAULT,MASTER 2 PHASE 2,Chassis,11/1/2003,10/31/2006,215
18539,RENAULT,MASTER 2 PHASE 3,Chassis,6/1/2006,4/30/2010,215
20442,RENAULT,MASTER 2 PHASE 3,Minibus,6/1/2006,4/30/2010,215
20364,RENAULT,MASTER 3 BENNE PHASE 2,Chassis,6/1/2014,9/30/2019,216
18540,RENAULT,MASTER 3 PHASE 1,Minibus,4/1/2010,6/30/2014,216
20439,RENAULT,MASTER 3 PHASE 1,Chassis,4/1/2010,6/30/2014,216
18541,RENAULT,MASTER 3 PHASE 2,Minibus,6/1/2014,,216
19586,RENAULT,MASTER 3 PHASE 2,Fourgon,6/1/2014,9/30/2019,216
19608,RENAULT,MASTER 3 PHASE 2,Chassis,6/1/2014,9/30/2019,216
20118,RENAULT,MASTER 3 PHASE 2,Minibus,6/1/2014,9/30/2019,216
19530,RENAULT,MASTER 3 PHASE 3,Minibus,9/1/2019,,216
19564,RENAULT,MASTER 3 PHASE 3,Fourgon,9/1/2019,,216
19606,RENAULT,MASTER 3 PHASE 3,Chassis,9/1/2019,,216
18550,RENAULT,MEGANE 2 PHASE 1,Berline,9/1/2002,12/31/2005,205
18554,RENAULT,MEGANE 2 PHASE 1 BREAK,Break,9/1/2003,12/31/2005,205
18552,RENAULT,MEGANE 2 PHASE 1 CABRIOLET,Cabriolet,9/1/2003,12/31/2005,205
18551,RENAULT,MEGANE 2 PHASE 2,Berline,1/1/2006,6/30/2009,206
18555,RENAULT,MEGANE 2 PHASE 2 BREAK,Break,1/1/2006,9/30/2009,206
18553,RENAULT,MEGANE 2 PHASE 2 CABRIOLET,Cabriolet,1/1/2006,8/31/2009,206
18558,RENAULT,MEGANE 3 PHASE 1,Berline,11/1/2008,1/31/2012,207
18560,RENAULT,MEGANE 3 PHASE 1 BREAK,Break,6/1/2009,1/31/2012,207
19527,RENAULT,MEGANE 3 PHASE 1 CABRIOLET,Cabriolet,1/1/2012,6/30/2014,207
18556,RENAULT,MEGANE 3 PHASE 1 COUPE,Coupé,11/1/2008,6/30/2014,207
18557,RENAULT,MEGANE 3 PHASE 2,Berline,1/1/2012,6/30/2014,207
18561,RENAULT,MEGANE 3 PHASE 2 BREAK,Break,1/1/2012,6/30/2014,207
19528,RENAULT,MEGANE 3 PHASE 2 CABRIOLET,Cabriolet,6/1/2014,12/31/2015,207
18562,RENAULT,MEGANE 3 PHASE 2 COUPE,Coupé,1/1/2012,12/31/2015,207
18559,RENAULT,MEGANE 3 PHASE 3,Berline,6/1/2014,3/31/2017,207
18563,RENAULT,MEGANE 3 PHASE 3 BREAK,Break,6/1/2014,3/31/2017,207
18564,RENAULT,MEGANE 3 PHASE 3 COUPE,Coupé,6/1/2014,3/31/2017,207
18567,RENAULT,MODUS PHASE 1,Monospace,9/1/2004,12/31/2007,231
18568,RENAULT,MODUS PHASE 2,Monospace,1/1/2008,12/31/2012,232
18569,RENAULT,R11,Berline,4/1/1983,6/30/1989,241
18579,RENAULT,R19 PHASE 1,Berline,7/1/1988,4/30/1992,225
18580,RENAULT,R19 PHASE 1 CABRIOLET,Cabriolet,7/1/1991,4/30/1992,225
18577,RENAULT,R19 PHASE 2,Berline,4/1/1992,3/31/1996,225
18578,RENAULT,R19 PHASE 2 CABRIOLET,Cabriolet,4/1/1992,4/30/1997,225
18589,RENAULT,R4,Berline,1/1/1978,12/31/1992,236
18590,RENAULT,R4 FOURGONNETTE,Fourgon,1/1/1966,12/31/1992,236
18591,RENAULT,R5 PHASE 2,Berline,7/1/1979,6/30/1986,230
18593,RENAULT,R9,Berline,7/1/1981,6/30/1989,242
18595,RENAULT,SAFRANE PHASE 1,Berline,4/1/1992,9/30/1996,237
18596,RENAULT,SAFRANE PHASE 2,Berline,9/1/1996,8/31/2000,237
18597,RENAULT,SCENIC 1 PHASE 1,Monospace,9/1/1996,8/31/1999,208
18598,RENAULT,SCENIC 1 PHASE 2,Monospace,8/1/1999,6/30/2003,208
18599,RENAULT,SCENIC 2 PHASE 1,Monospace,6/1/2003,9/30/2006,209
18600,RENAULT,SCENIC 2 PHASE 2,Monospace,9/1/2006,4/30/2009,210
18601,RENAULT,SCENIC 3 PHASE 1,Monospace,4/1/2009,11/30/2011,211
18602,RENAULT,SCENIC 3 PHASE 2,Monospace,12/1/2011,3/31/2013,211
18603,RENAULT,SCENIC 3 PHASE 3,Monospace,4/1/2013,,211
18611,RENAULT,TRAFIC 1 PHASE 1,Chassis,6/1/1981,5/31/1989,217
18613,RENAULT,TRAFIC 1 PHASE 2,Fourgon,5/1/1989,9/30/1994,217
18612,RENAULT,TRAFIC 1 PHASE 3,Fourgon,9/1/1994,9/30/2001,217
18615,RENAULT,TRAFIC 2 PHASE 1,Fourgon,10/1/2001,8/31/2006,218
18614,RENAULT,TRAFIC 2 PHASE 2,Fourgon,8/1/2006,6/30/2014,218
20443,RENAULT,TRAFIC 2 PHASE 2,Minibus,8/1/2006,6/30/2014,218
20136,RENAULT,TRAFIC 3 COURT PHASE 1,Fourgon,6/1/2014,6/30/2019,219
20444,RENAULT,TRAFIC 3 COURT PHASE 1,Minibus,6/1/2014,6/30/2019,219
20137,RENAULT,TRAFIC 3 COURT PHASE 2,Chassis,7/1/2019,,219
20231,RENAULT,TRAFIC 3 COURT PHASE 2,Minibus,7/1/2019,,219
20276,RENAULT,TRAFIC 3 COURT PHASE 2,Fourgon,7/1/2019,,219
20158,RENAULT,TRAFIC 3 LONG PHASE 1,Fourgon,6/1/2014,6/30/2019,219
20284,RENAULT,TRAFIC 3 LONG PHASE 1,Minibus,6/1/2014,6/30/2019,219
20166,RENAULT,TRAFIC 3 LONG PHASE 2,Minibus,7/1/2019,,219
20232,RENAULT,TRAFIC 3 LONG PHASE 2,Fourgon,7/1/2019,,219
20135,RENAULT,TRAFIC 3 MOYEN PHASE 2,Minibus,7/1/2019,,219
20280,RENAULT,TRAFIC 3 MOYEN PHASE 2,Fourgon,7/1/2019,,219
18619,RENAULT,TWINGO 1 PHASE 1,Berline,4/1/1993,8/31/1998,226
18618,RENAULT,TWINGO 1 PHASE 2,Berline,8/1/1998,8/31/2000,227
18617,RENAULT,TWINGO 1 PHASE 3,Berline,8/1/2000,6/30/2007,227
18620,RENAULT,TWINGO 2 PHASE 1,Berline,3/1/2007,11/30/2011,228
18621,RENAULT,TWINGO 2 PHASE 2,Berline,12/1/2011,12/31/2014,228
20155,RENAULT,TWINGO 3 PHASE 1,Berline,6/1/2014,5/31/2019,229
20165,RENAULT,TWINGO 3 PHASE 2,Berline,6/1/2019,,229
18624,RENAULT,VEL SATIS PHASE 1,Berline,1/1/2002,4/30/2005,243
18623,RENAULT,VEL SATIS PHASE 2,Berline,4/1/2005,12/31/2009,243
18625,RENAULT,WIND CABRIOLET,Cabriolet,6/1/2010,12/31/2013,245
19116,VAUXHALL,ADAM,Berline,10/1/2012,,202
19117,VAUXHALL,AGILA A,Monospace,1/1/2000,12/31/2007,172
19118,VAUXHALL,AGILA B,Monospace,3/1/2008,12/31/2014,173
19121,VAUXHALL,ANTARA PHASE 1,SUV,1/1/2007,11/30/2010,191
19120,VAUXHALL,ANTARA PHASE 2,SUV,11/1/2010,9/30/2014,191
19834,VAUXHALL,ASTRA G,Berline,4/1/1998,4/30/2004,122
19835,VAUXHALL,ASTRA G,Berline,8/1/1998,7/31/2007,122
19833,VAUXHALL,ASTRA G BREAK,Break,4/1/1998,9/30/2004,122
19128,VAUXHALL,ASTRA G CABRIOLET,Cabriolet,2/1/2001,10/31/2005,122
19129,VAUXHALL,ASTRA G COUPE,Coupé,5/1/2000,2/28/2005,122
19130,VAUXHALL,ASTRA G DELVAN,Fourgon,4/1/1998,4/30/2005,122
19135,VAUXHALL,ASTRA H DELVAN PHASE 2,Fourgon,1/1/2007,12/31/2011,123
19136,VAUXHALL,ASTRA H GTC PHASE 1,Berline,2/1/2005,12/31/2006,123
19137,VAUXHALL,ASTRA H GTC PHASE 2,Berline,1/1/2007,6/30/2011,123
19131,VAUXHALL,ASTRA H PHASE 1,Berline,4/1/2004,12/31/2006,123
19132,VAUXHALL,ASTRA H PHASE 1 BREAK,Break,9/1/2004,12/31/2006,123
19133,VAUXHALL,ASTRA H PHASE 2,Berline,1/1/2007,6/30/2011,123
19836,VAUXHALL,ASTRA H PHASE 2,Berline,1/1/2007,12/31/2010,123
19134,VAUXHALL,ASTRA H PHASE 2 BREAK,Break,1/1/2007,4/30/2011,123
19138,VAUXHALL,ASTRA H TWINTOP CABRIOLET,Cabriolet,3/1/2006,12/31/2011,123
19143,VAUXHALL,ASTRA J GTC,Berline,7/1/2011,,124
19139,VAUXHALL,ASTRA J PHASE 1,Berline,1/1/2010,6/30/2012,124
19140,VAUXHALL,ASTRA J PHASE 2,Berline,7/1/2012,6/30/2016,124
19843,VAUXHALL,ASTRA J SPORTS TOURER PHASE 1 BREAK,Break,10/1/2010,6/30/2012,124
19842,VAUXHALL,ASTRA J SPORTS TOURER PHASE 2 BREAK,Break,7/1/2012,12/31/2016,124
19146,VAUXHALL,CALIBRA COUPE,Coupé,1/1/1990,6/30/1997,167
19147,VAUXHALL,CAMPO,Pickup,7/1/1992,12/31/2001,177
19152,VAUXHALL,COMBO B,Combi,8/1/1993,12/31/2001,148
19154,VAUXHALL,COMBO C PHASE 2,Combi,7/1/2004,12/31/2012,149
19844,VAUXHALL,COMBO D PHASE 2,Fourgon,7/1/2004,12/31/2012,149
19156,VAUXHALL,CORSA B PHASE 1,Berline,3/1/1993,4/30/1997,134
19157,VAUXHALL,CORSA B PHASE 2,Berline,4/1/1997,10/31/2000,134
19158,VAUXHALL,CORSA C PHASE 1,Berline,10/1/2000,10/31/2003,135
19837,VAUXHALL,CORSA C PHASE 1,Berline,10/1/2000,8/31/2003,135
19159,VAUXHALL,CORSA C PHASE 2,Berline,8/1/2003,12/31/2006,135
19865,VAUXHALL,CORSA D PHASE 1,Berline,9/1/2006,12/31/2010,136
19160,VAUXHALL,CORSA D PHASE 1,Berline,10/1/2006,12/31/2010,136
19161,VAUXHALL,CORSA D PHASE 2,Berline,1/1/2011,12/31/2014,136
19866,VAUXHALL,CORSA D PHASE 2,Berline,1/1/2011,3/31/2015,136
19901,VAUXHALL,CORSA D PHASE 2,Fourgon,1/1/2011,3/31/2015,136
19162,VAUXHALL,CORSA E,Berline,11/1/2014,,137
19165,VAUXHALL,FRONTERA A PHASE 1,Tout-Terrain,4/1/1992,6/30/1996,151
19850,VAUXHALL,FRONTERA A PHASE 1,Tout-Terrain,5/1/1992,6/30/1996,151
19164,VAUXHALL,FRONTERA A PHASE 2,Tout-Terrain,7/1/1996,10/31/1998,151
19166,VAUXHALL,FRONTERA B,Tout-Terrain,10/1/1998,2/28/2005,152
19893,VAUXHALL,GT CABRIOLET,Cabriolet,3/1/2007,12/31/2009,197
19167,VAUXHALL,INSIGNIA 1 PHASE 1,Berline,1/1/2009,6/30/2013,178
19884,VAUXHALL,INSIGNIA 1 PHASE 1,Berline,1/1/2009,2/28/2014,178
19168,VAUXHALL,INSIGNIA 1 PHASE 1 BREAK,Break,1/1/2009,6/30/2013,178
19886,VAUXHALL,INSIGNIA 1 PHASE 1 BREAK,Break,1/1/2009,10/31/2013,178
19170,VAUXHALL,INSIGNIA 1 PHASE 2,Berline,7/1/2013,12/31/2017,178
19885,VAUXHALL,INSIGNIA 1 PHASE 2,Berline,3/1/2014,,178
19169,VAUXHALL,INSIGNIA 1 PHASE 2 BREAK,Break,7/1/2013,12/31/2017,178
19887,VAUXHALL,INSIGNIA 1 PHASE 2 BREAK,Break,10/1/2013,,178
19858,VAUXHALL,KADETT D,Berline,7/1/1979,6/30/1984,145
19895,VAUXHALL,KADETT D,Fourgon,7/1/1981,6/30/1984,145
19859,VAUXHALL,KADETT D BREAK,Break,7/1/1981,6/30/1984,145
19857,VAUXHALL,KADETT E,Berline,7/1/1984,10/31/1991,146
19875,VAUXHALL,KADETT E,Fourgon,7/1/1985,6/30/1993,146
19861,VAUXHALL,KADETT E,Berline,12/1/1985,6/30/1991,146
19860,VAUXHALL,KADETT E BREAK,Break,7/1/1984,6/30/1991,146
19876,VAUXHALL,KADETT E BREAK,Break,7/1/1985,6/30/1993,146
19897,VAUXHALL,KADETT E CABRIOLET,Cabriolet,7/1/1987,6/30/1991,146
19892,VAUXHALL,MANTA COUPE,Coupé,8/1/1975,6/30/1988,176
19172,VAUXHALL,MERIVA A PHASE 1,Monospace,4/1/2003,12/31/2005,170
19173,VAUXHALL,MERIVA A PHASE 2,Monospace,1/1/2006,9/30/2010,170
19174,VAUXHALL,MERIVA B PHASE 1,Monospace,9/1/2010,3/31/2014,171
19175,VAUXHALL,MERIVA B PHASE 2,Monospace,3/1/2014,,171
19840,VAUXHALL,MOKKA 1 PHASE 1,SUV,10/1/2012,9/30/2016,201
19178,VAUXHALL,MONTEREY A,Tout-Terrain,9/1/1992,6/30/1995,188
19898,VAUXHALL,MONTEREY B,Tout-Terrain,7/1/1996,,188
19872,VAUXHALL,MONZA COUPE,Coupé,9/1/1977,6/30/1987,186
19883,VAUXHALL,MOVANO A,Minibus,11/1/2003,4/30/2010,179
19179,VAUXHALL,MOVANO A PHASE 1,Fourgon,1/1/1999,11/30/2003,179
19851,VAUXHALL,MOVANO A PHASE 1,Chassis,1/1/1999,11/30/2003,179
19882,VAUXHALL,MOVANO A PHASE 1,Minibus,1/1/1999,11/30/2003,179
19180,VAUXHALL,MOVANO A PHASE 2,Chassis,11/1/2003,4/30/2010,179
19848,VAUXHALL,MOVANO A PHASE 2,Fourgon,11/1/2003,4/30/2010,179
19889,VAUXHALL,MOVANO A PHASE 2,Minibus,11/1/2003,4/30/2010,179
19181,VAUXHALL,MOVANO B,Fourgon,4/1/2010,,180
19853,VAUXHALL,MOVANO B,Chassis,4/1/2010,,180
19894,VAUXHALL,MOVANO B,Minibus,4/1/2010,,180
19899,VAUXHALL,OMEGA A,Berline,10/1/1986,6/30/1994,129
19900,VAUXHALL,OMEGA A BREAK,Break,10/1/1986,6/30/1994,129
19183,VAUXHALL,OMEGA B PHASE 1,Berline,5/1/1994,12/31/1999,131
19182,VAUXHALL,OMEGA B PHASE 1 BREAK,Break,5/1/1994,12/31/1999,131
19184,VAUXHALL,OMEGA B PHASE 2,Berline,1/1/2000,8/31/2003,132
19185,VAUXHALL,OMEGA B PHASE 2 BREAK,Break,1/1/2000,8/31/2003,132
19871,VAUXHALL,REKORD,Berline,1/1/1977,12/31/1986,160
19862,VAUXHALL,REKORD BREAK,Break,1/1/1977,12/31/1986,160
19854,VAUXHALL,SENATOR A,Berline,9/1/1977,6/30/1987,184
19855,VAUXHALL,SENATOR B,Berline,7/1/1987,6/30/1993,185
19187,VAUXHALL,SIGNUM PHASE 1,Berline,6/1/2003,9/30/2005,189
19186,VAUXHALL,SIGNUM PHASE 2,Berline,9/1/2005,12/31/2008,189
19188,VAUXHALL,SINTRA,Monospace,3/1/1997,12/31/1999,174
19189,VAUXHALL,SPEEDSTER CABRIOLET,Cabriolet,10/1/2000,12/31/2006,190
19190,VAUXHALL,TIGRA 1 COUPE,Coupé,9/1/1994,9/30/2000,168
19191,VAUXHALL,TIGRA 2 TWINTOP CABRIOLET,Cabriolet,9/1/2004,,169
19890,VAUXHALL,VECTRA A PHASE 1,Berline,9/1/1988,6/30/1992,125
19891,VAUXHALL,VECTRA A PHASE 2,Berline,7/1/1992,6/30/1995,125
19192,VAUXHALL,VECTRA B PHASE 1,Berline,11/1/1995,2/28/1999,126
19193,VAUXHALL,VECTRA B PHASE 1 BREAK,Break,1/1/1997,2/28/1999,126
19194,VAUXHALL,VECTRA B PHASE 2,Berline,2/1/1999,6/30/2002,126
19195,VAUXHALL,VECTRA B PHASE 2 BREAK,Break,2/1/1999,5/31/2002,126
19856,VAUXHALL,VECTRA B PHASE 2 BREAK,Break,2/1/1999,6/30/2002,126
19196,VAUXHALL,VECTRA C PHASE 1,Berline,6/1/2002,10/31/2005,127
19838,VAUXHALL,VECTRA C PHASE 1,Berline,9/1/2002,10/31/2005,127
19197,VAUXHALL,VECTRA C PHASE 1 BREAK,Break,10/1/2003,10/31/2005,127
19198,VAUXHALL,VECTRA C PHASE 2,Berline,10/1/2005,12/31/2008,128
19868,VAUXHALL,VECTRA C PHASE 2,Berline,10/1/2005,8/31/2008,128
19869,VAUXHALL,VECTRA C PHASE 2,Berline,10/1/2005,6/30/2007,128
19867,VAUXHALL,VECTRA C PHASE 2 BREAK,Break,10/1/2005,8/31/2008,128
19199,VAUXHALL,VECTRA C PHASE 2 BREAK,Break,11/1/2005,12/31/2008,128
19202,VAUXHALL,VIVARO 1 PHASE 1,Minibus,10/1/2002,12/31/2006,162
19852,VAUXHALL,VIVARO 1 PHASE 1,Fourgon,10/1/2002,12/31/2006,162
19878,VAUXHALL,VIVARO 1 PHASE 1,Chassis,10/1/2002,8/31/2006,162
19880,VAUXHALL,VIVARO 1 PHASE 1,Fourgon,10/1/2002,8/31/2006,162
19888,VAUXHALL,VIVARO 1 PHASE 1,Minibus,10/1/2002,8/31/2006,162
19201,VAUXHALL,VIVARO 1 PHASE 2,Minibus,8/1/2006,5/31/2014,162
19877,VAUXHALL,VIVARO 1 PHASE 2,Chassis,8/1/2006,12/31/2014,162
19879,VAUXHALL,VIVARO 1 PHASE 2,Fourgon,8/1/2006,12/31/2014,162
19881,VAUXHALL,VIVARO 1 PHASE 2,Minibus,8/1/2006,12/31/2014,162
19839,VAUXHALL,VIVARO 1 PHASE 2,Minibus,1/1/2007,5/31/2014,162
19841,VAUXHALL,VIVARO 1 PHASE 2,Fourgon,1/1/2007,5/31/2014,162
19203,VAUXHALL,VIVARO 2,Fourgon,6/1/2014,,163
19845,VAUXHALL,VIVARO 2,Minibus,6/1/2014,,163
19870,VAUXHALL,VIVARO 2,Chassis,6/1/2014,,163
19966,VAUXHALL,ZAFIRA A PHASE 1,Monospace,3/1/1999,7/31/2003,138
19965,VAUXHALL,ZAFIRA A PHASE 1,Monospace,5/1/1999,7/31/2003,138
19968,VAUXHALL,ZAFIRA A PHASE 2,Monospace,7/1/2003,10/31/2005,138
19969,VAUXHALL,ZAFIRA A PHASE 2,Monospace,7/1/2003,7/31/2005,138
19864,VAUXHALL,ZAFIRA B PHASE 1,Monospace,7/1/2005,12/31/2007,139
19206,VAUXHALL,ZAFIRA B PHASE 1,Monospace,9/1/2005,12/31/2007,139
19205,VAUXHALL,ZAFIRA B PHASE 2,Monospace,1/1/2008,6/30/2014,139
19863,VAUXHALL,ZAFIRA B PHASE 2,Monospace,1/1/2008,12/31/2014,139
19896,VAUXHALL,ZAFIRA TOURER C PHASE 1,Monospace,11/1/2011,10/31/2016,140
19904,VAUXHALL,ZAFIRA TOURER C PHASE 2,Monospace,10/1/2016,,140
19209,VOLKSWAGEN,AMAROK PHASE 1,Pickup,9/1/2010,9/30/2016,111
19210,VOLKSWAGEN,AMAROK PHASE 2,Pickup,10/1/2016,,111
19225,VOLKSWAGEN,CORRADO COUPE,Coupé,2/1/1989,12/31/1995,106
19226,VOLKSWAGEN,CRAFTER 1 PHASE 1,Chassis,6/1/2006,5/31/2011,105
19227,VOLKSWAGEN,CRAFTER 1 PHASE 2,Fourgon,6/1/2011,9/30/2016,105
19830,VOLKSWAGEN,CRAFTER 1 PHASE 2,Chassis,6/1/2011,9/30/2016,105
19831,VOLKSWAGEN,CRAFTER 1 PHASE 2,Minibus,6/1/2011,9/30/2016,105
19229,VOLKSWAGEN,EOS CABRIO PHASE 1,Cabriolet,4/1/2006,1/31/2011,117
19230,VOLKSWAGEN,EOS CABRIO PHASE 2,Cabriolet,1/1/2011,,116
19231,VOLKSWAGEN,FOX,Berline,6/1/2005,9/30/2011,114
19287,VOLKSWAGEN,PHAETON PHASE 1,Berline,10/1/2002,7/31/2010,112
19288,VOLKSWAGEN,PHAETON PHASE 2,Berline,7/1/2010,,112
19307,VOLKSWAGEN,SCIROCCO 1 COUPE,Coupé,1/1/1974,6/30/1981,108
19308,VOLKSWAGEN,SCIROCCO 2 COUPE,Coupé,7/1/1981,7/31/1988,109
19309,VOLKSWAGEN,SCIROCCO 3 PHASE 1 COUPE,Coupé,7/1/2008,9/30/2014,110
19310,VOLKSWAGEN,SCIROCCO 3 PHASE 2 COUPE,Coupé,9/1/2014,,110
19317,VOLKSWAGEN,TARO,Pickup,12/1/1992,3/31/1997,107
19339,VOLKSWAGEN,UP PHASE 1,Berline,9/1/2011,10/31/2016,119
19340,VOLKSWAGEN,UP PHASE 2,Berline,10/1/2016,,119
19343,VOLVO,240,Berline,8/1/1974,6/30/1990,262
19344,VOLVO,240 BREAK,Break,8/1/1974,12/31/1992,262
19345,VOLVO,260,Berline,8/1/1974,12/31/1985,295
19346,VOLVO,260 BREAK,Break,8/1/1974,12/31/1985,295
19347,VOLVO,340,Berline,1/1/1976,6/30/1991,286
19348,VOLVO,360,Berline,7/1/1982,6/30/1989,286
19350,VOLVO,440 PHASE 1,Berline,10/1/1988,6/30/1993,281
19349,VOLVO,440 PHASE 2,Berline,7/1/1993,12/31/1996,281
19352,VOLVO,460 PHASE 1,Berline,1/1/1990,6/30/1993,280
19351,VOLVO,460 PHASE 2,Berline,7/1/1993,12/31/1996,280
19353,VOLVO,480 COUPE,Coupé,7/1/1988,8/31/1995,292
19355,VOLVO,740 PHASE 1,Berline,2/1/1984,6/30/1989,252
19356,VOLVO,740 PHASE 2,Berline,7/1/1989,6/30/1990,253
19358,VOLVO,740 PHASE 2 BREAK,Break,7/1/1985,6/30/1990,252
19357,VOLVO,740 PHASE 3,Berline,7/1/1990,6/30/1991,253
19359,VOLVO,740 PHASE 3 BREAK,Break,7/1/1990,6/30/1991,253
19360,VOLVO,760 PHASE 1,Berline,2/1/1982,6/30/1987,278
19362,VOLVO,760 PHASE 1 BREAK,Break,1/1/1985,6/30/1987,278
19361,VOLVO,760 PHASE 2,Berline,7/1/1987,6/30/1990,279
19363,VOLVO,760 PHASE 2 BREAK,Break,7/1/1987,6/30/1990,279
19364,VOLVO,780 COUPE,Coupé,11/1/1986,6/30/1990,299
19366,VOLVO,850 PHASE 1,Berline,3/1/1992,6/30/1993,250
19365,VOLVO,850 PHASE 2,Berline,7/1/1993,12/31/1996,250
19367,VOLVO,850 PHASE 2 BREAK,Break,7/1/1993,12/31/1996,250
19368,VOLVO,940,Berline,7/1/1990,12/31/1997,251
19369,VOLVO,940 BREAK,Break,7/1/1990,12/31/1997,251
19371,VOLVO,960 PHASE 1,Berline,7/1/1990,6/30/1994,274
19370,VOLVO,960 PHASE 1 BREAK,Break,7/1/1990,6/30/1994,274
19372,VOLVO,960 PHASE 2,Berline,7/1/1994,12/31/1996,274
19373,VOLVO,960 PHASE 2 BREAK,Break,7/1/1994,12/31/1996,274
19375,VOLVO,C 30 PHASE 1,Berline,12/1/2006,12/31/2009,284
19374,VOLVO,C 30 PHASE 2,Berline,1/1/2010,12/31/2013,285
19376,VOLVO,C 70 1 CABRIOLET,Cabriolet,4/1/1999,12/31/2005,275
19377,VOLVO,C 70 1 COUPE,Coupé,6/1/1997,12/31/2002,275
19378,VOLVO,C 70 2 PHASE 1 CABRIOLET,Cabriolet,1/1/2006,12/31/2009,276
19379,VOLVO,C 70 2 PHASE 2 CABRIOLET,Cabriolet,10/1/2009,3/31/2013,276
19381,VOLVO,S 40 1 PHASE 1,Berline,3/1/1996,6/30/2000,246
19380,VOLVO,S 40 1 PHASE 2,Berline,6/1/2000,12/31/2003,246
19383,VOLVO,S 40 2 PHASE 1,Berline,1/1/2004,6/30/2007,247
19382,VOLVO,S 40 2 PHASE 2,Berline,6/1/2007,3/31/2012,248
19385,VOLVO,S 60 1 PHASE 1,Berline,9/1/2000,6/30/2004,258
19384,VOLVO,S 60 1 PHASE 2,Berline,6/1/2004,4/30/2009,259
19387,VOLVO,S 60 2 PHASE 1,Berline,6/1/2010,6/30/2013,260
19386,VOLVO,S 60 2 PHASE 2,Berline,6/1/2013,,261
19388,VOLVO,S 70,Berline,1/1/1997,2/29/2000,301
19390,VOLVO,S 80 1 PHASE 1,Berline,7/1/1998,12/31/2002,254
19389,VOLVO,S 80 1 PHASE 2,Berline,1/1/2003,6/30/2006,255
19393,VOLVO,S 80 2 PHASE 1,Berline,6/1/2006,6/30/2009,256
19391,VOLVO,S 80 2 PHASE 2,Berline,6/1/2009,6/30/2013,256
19392,VOLVO,S 80 2 PHASE 3,Berline,6/1/2013,,257
19394,VOLVO,S 90 1,Berline,12/1/1996,12/31/1997,289
19396,VOLVO,V 40 1 PHASE 1 BREAK,Break,3/1/1996,6/30/2000,246
19397,VOLVO,V 40 1 PHASE 2 BREAK,Break,6/1/2000,12/31/2003,246
19398,VOLVO,V 40 2 PHASE 1 BREAK,Break,6/1/2012,3/31/2017,249
19548,VOLVO,V 40 2 PHASE 2 BREAK,Break,3/1/2017,,249
19400,VOLVO,V 40 CROSS COUNTRY PHASE 1 BREAK,Break,11/1/2012,4/30/2016,300
19581,VOLVO,V 40 CROSS COUNTRY PHASE 2 BREAK,Break,4/1/2016,,300
19520,VOLVO,V 40 CROSS COUNTRY PHASE 2 BREAK,Break,3/1/2017,,300
19403,VOLVO,V 50 PHASE 1 BREAK,Break,1/1/2004,6/30/2007,266
19402,VOLVO,V 50 PHASE 2 BREAK,Break,6/1/2007,3/31/2012,267
19404,VOLVO,V 60 2 PHASE 1 BREAK,Break,9/1/2010,2/28/2013,290
19405,VOLVO,V 60 2 PHASE 2 BREAK,Break,2/1/2013,,291
19407,VOLVO,V 60 CROSS COUNTRY BREAK,Break,6/1/2015,,291
19410,VOLVO,V 70 1 PHASE 1 BREAK,Break,1/1/1997,2/29/2000,254
19409,VOLVO,V 70 1 PHASE 2 BREAK,Break,2/1/2000,6/30/2004,302
19408,VOLVO,V 70 1 PHASE 3 BREAK,Break,6/1/2004,6/30/2007,303
19411,VOLVO,V 70 2 PHASE 1 BREAK,Break,10/1/2007,9/30/2013,304
19412,VOLVO,V 70 2 PHASE 2 BREAK,Break,9/1/2013,,305
19413,VOLVO,V 90 1 BREAK,Break,12/1/1996,12/31/1997,289
19417,VOLVO,XC 60 1 PHASE 1,SUV,10/1/2008,9/30/2013,287
19418,VOLVO,XC 60 1 PHASE 2,SUV,9/1/2013,3/31/2017,288
19421,VOLVO,XC 70 1 PHASE 1 BREAK,Break,5/1/2002,6/30/2004,268
19420,VOLVO,XC 70 1 PHASE 2 BREAK,Break,6/1/2004,3/31/2007,269
19423,VOLVO,XC 70 2 PHASE 1 BREAK,Break,3/1/2007,6/30/2013,270
19422,VOLVO,XC 70 2 PHASE 2 BREAK,Break,6/1/2013,,271
19424,VOLVO,XC 90 1 PHASE 1,SUV,5/1/2002,6/30/2006,272
19425,VOLVO,XC 90 1 PHASE 2,SUV,6/1/2006,2/28/2014,273
20075,ADDAX MOTORS,MTN-7,Chassis,6/1/2020,,3461
20283,ADDAX MOTORS,MTN-7,Fourgon,6/1/2020,,3461
20005,AIWAYS,U5,SUV,7/1/2019,,3130
20472,AIWAYS,U5,SUV,9/1/2020,,3130
16008,ALFA ROMEO,166,Berline,1/1/2004,7/31/2007,1662
16018,ALFA ROMEO,4C CABRIOLET,Cabriolet,11/1/2014,,2894
16017,ALFA ROMEO,4C COUPE,Coupé,10/1/2013,,2894
16019,ALFA ROMEO,6,Berline,6/1/1979,1/31/1986,2279
16031,ALFA ROMEO,GIULIA 1,Berline,1/1/1962,12/31/1978,3205
20132,ALFA ROMEO,GIULIA 2,Berline,1/1/2016,,1987
16040,ALFA ROMEO,RZ CABRIOLET,Cabriolet,7/1/1993,6/30/1994,3421
16046,ALFA ROMEO,STELVIO,SUV,2/1/2017,,1970
16047,ALFA ROMEO,SZ COUPE,Coupé,1/1/1990,6/30/1993,2282
20388,ALFA ROMEO,TONALE,SUV,4/1/2022,,3237
20447,ALFA ROMEO,TONALE EDIZIONE SPECIALE TCT,SUV,5/1/2022,,3237
19799,ALKE,ATX,Chassis,9/1/2010,,3462
19613,ALPINE,A110 2 COUPE,Coupé,12/1/2017,,2945
19643,ASTON MARTIN,DB11 CABRIOLET,Cabriolet,10/1/2017,,2901
19657,ASTON MARTIN,DB11 COUPE,Coupé,1/1/2016,,2901
19764,ASTON MARTIN,DBS CABRIOLET,Cabriolet,9/1/2018,,3467
19654,ASTON MARTIN,DBS COUPE,Coupé,9/1/2018,,3467
20011,ASTON MARTIN,DBX,SUV,11/1/2019,,3264
19651,ASTON MARTIN,RAPIDE,Berline,3/1/2010,,2376
20282,ASTON MARTIN,SPEEDSTER CABRIOLET,Cabriolet,12/1/2020,,3468
19669,ASTON MARTIN,VANTAGE CABRIOLET,Cabriolet,4/1/2007,,2378
20063,ASTON MARTIN,VANTAGE CABRIOLET,Cabriolet,10/1/2017,,3291
19668,ASTON MARTIN,VANTAGE COUPE,Coupé,10/1/2005,,2378
19763,ASTON MARTIN,VANTAGE COUPE,Coupé,10/1/2017,,3291
16058,AUDI,200 1,Berline,7/1/1981,6/30/1983,2203
16059,AUDI,200 2 PHASE 1,Berline,7/1/1983,5/31/1988,2203
16060,AUDI,200 2 PHASE 2,Berline,5/1/1988,2/28/1991,2203
20473,AUDI,A1 2 ALLSTREET,Berline,8/1/2019,,2175
19610,AUDI,A1 2 CITY CARVER,Berline,8/1/2019,,2175
16073,AUDI,A1 2 SPORTBACK,Berline,8/1/2018,,2175
16091,AUDI,A3 2 SPORTBACK RS3 PHASE 2,Berline,6/1/2008,7/31/2012,3139
16100,AUDI,A3 3 LIMOUSINE RS3 PHASE 2,Berline,8/1/2016,,2803
16105,AUDI,A3 3 SPORTBACK RS3 PHASE 1,Berline,10/1/2012,8/31/2016,2803
16106,AUDI,A3 3 SPORTBACK RS3 PHASE 2,Berline,8/1/2016,,2803
20267,AUDI,A3 4,Berline,3/1/2020,,2877
19932,AUDI,A3 4 LIMOUSINE,Berline,3/1/2020,,2877
20239,AUDI,A3 4 LIMOUSINE RS3,Berline,3/1/2020,,2877
20027,AUDI,A3 4 LIMOUSINE S3,Berline,3/1/2020,,2877
19931,AUDI,A3 4 SPORTBACK,Berline,3/1/2020,,2877
20316,AUDI,A3 4 SPORTBACK G-TRON,Berline,3/1/2020,,2877
20235,AUDI,A3 4 SPORTBACK RS3,Berline,3/1/2020,,2927
20004,AUDI,A3 4 SPORTBACK S3,Berline,3/1/2020,,2877
19827,AUDI,A4 2 AVANT RS4 PHASE 2 BREAK,Break,9/1/2004,4/30/2008,2961
19828,AUDI,A4 2 CABRIO RS4 PHASE 2,Cabriolet,9/1/2004,4/30/2008,2961
19820,AUDI,A4 2 RS4 PHASE 2,Berline,9/1/2004,4/30/2008,2961
16132,AUDI,A4 3 AVANT RS4 PHASE 2 BREAK,Break,10/1/2011,9/30/2015,2963
19909,AUDI,A4 4 AVANT PHASE 2 BREAK,Break,9/1/2019,,2847
19583,AUDI,A4 4 AVANT PHASE 2 BREAK,Break,10/1/2019,,2847
16140,AUDI,A4 4 AVANT RS4 PHASE 1 BREAK,Break,10/1/2015,9/30/2019,2962
19920,AUDI,A4 4 AVANT RS4 PHASE 2 BREAK,Break,9/1/2019,,2962
19917,AUDI,A4 4 AVANT S4 PHASE 2 BREAK,Break,9/1/2019,,2847
19910,AUDI,A4 4 PHASE 2,Berline,9/1/2019,,2847
19912,AUDI,A4 4 S4 PHASE 2,Berline,9/1/2019,,2847
16145,AUDI,A5 1 CABRIO RS5 PHASE 2,Cabriolet,9/1/2011,,2082
16150,AUDI,A5 1 COUPE RS5 PHASE 2,Coupé,8/1/2011,6/30/2016,2082
16153,AUDI,A5 1 SPORTBACK PHASE 1,Berline,7/1/2009,11/30/2011,2867
16154,AUDI,A5 1 SPORTBACK PHASE 2,Berline,11/1/2011,6/30/2016,2867
16155,AUDI,A5 1 SPORTBACK S5 PHASE 1,Berline,7/1/2009,11/30/2011,2867
16156,AUDI,A5 1 SPORTBACK S5 PHASE 2,Berline,11/1/2011,5/31/2016,2867
19536,AUDI,A5 2 CABRIO S5 PHASE 1,Cabriolet,2/1/2017,9/30/2019,2176
19999,AUDI,A5 2 CABRIO S5 PHASE 2,Cabriolet,9/1/2019,,2176
19534,AUDI,A5 2 CABRIOLET PHASE 1,Cabriolet,2/1/2017,9/30/2019,2176
19914,AUDI,A5 2 CABRIOLET PHASE 2,Cabriolet,9/1/2019,,2176
16158,AUDI,A5 2 COUPE PHASE 1,Coupé,7/1/2016,5/31/2019,2176
19913,AUDI,A5 2 COUPE PHASE 2,Coupé,9/1/2019,,2176
19918,AUDI,A5 2 COUPE RS5,Coupé,9/1/2019,,2081
16159,AUDI,A5 2 COUPE RS5 PHASE 1,Coupé,8/1/2016,5/31/2019,2081
16160,AUDI,A5 2 COUPE S5 PHASE 1,Coupé,2/1/2017,5/31/2019,2176
19915,AUDI,A5 2 COUPE S5 PHASE 2,Coupé,9/1/2019,,2176
19533,AUDI,A5 2 SPORTBACK PHASE 1,Berline,10/1/2016,9/30/2019,2176
19911,AUDI,A5 2 SPORTBACK PHASE 2,Berline,9/1/2019,,2176
16162,AUDI,A5 2 SPORTBACK RS5 PHASE 1,Berline,10/1/2016,9/30/2019,2081
19919,AUDI,A5 2 SPORTBACK RS5 PHASE 2,Berline,9/1/2019,,2081
19535,AUDI,A5 2 SPORTBACK S5 PHASE 1,Berline,10/1/2016,9/30/2019,2176
19772,AUDI,A5 2 SPORTBACK S5 PHASE 1,Berline,2/1/2017,9/30/2019,2176
19916,AUDI,A5 2 SPORTBACK S5 PHASE 2,Berline,9/1/2019,,2176
19822,AUDI,A6 2 AVANT RS6 PHASE 2 BREAK,Break,7/1/2001,5/31/2004,2807
19821,AUDI,A6 2 RS6 PHASE 2,Berline,7/1/2001,5/31/2004,2807
19824,AUDI,A6 3 AVANT RS6 PHASE 2 BREAK,Break,10/1/2008,12/31/2010,2808
19823,AUDI,A6 3 RS6 PHASE 2,Berline,10/1/2008,12/31/2010,2808
16190,AUDI,A6 4 AVANT RS6 PHASE 1 BREAK,Break,1/1/2011,2/28/2015,2809
16191,AUDI,A6 4 AVANT RS6 PHASE 2 BREAK,Break,9/1/2014,,2809
16196,AUDI,A6 5,Berline,2/1/2018,,2108
19769,AUDI,A6 5 ALLROAD BREAK,Break,5/1/2018,,2947
16197,AUDI,A6 5 AVANT BREAK,Break,5/1/2018,,2108
19707,AUDI,A6 5 AVANT RS6 BREAK,Break,5/1/2018,,2108
19588,AUDI,A6 5 AVANT S6 BREAK,Break,5/1/2018,,2108
19706,AUDI,A6 5 S6,Berline,2/1/2018,,2108
16202,AUDI,A7 1 SPORTBACK RS7 PHASE 1,Berline,10/1/2010,12/31/2014,2098
16201,AUDI,A7 1 SPORTBACK RS7 PHASE 2,Berline,1/1/2015,,2098
16198,AUDI,A7 2 SPORTBACK,Berline,10/1/2017,,1919
19721,AUDI,A7 2 SPORTBACK RS7,Berline,10/1/2017,,2871
19630,AUDI,A7 2 SPORTBACK S7,Berline,10/1/2017,,1919
16216,AUDI,A8 4,Berline,6/1/2017,,2137
20459,AUDI,A8 4 PHASE 2,Berline,2/1/2022,,2137
19926,AUDI,A8 4 S8,Berline,6/1/2017,,2137
16217,AUDI,CABRIOLET,Cabriolet,1/1/1992,7/31/2000,2788
16220,AUDI,COUPE GT PHASE 1,Coupé,7/1/1982,7/31/1984,2204
16219,AUDI,COUPE GT PHASE 2,Coupé,7/1/1982,12/31/1995,2204
16218,AUDI,COUPE PHASE 2,Coupé,10/1/1990,12/31/1995,2204
16221,AUDI,COUPE QUATTRO,Coupé,7/1/1981,2/28/1990,2204
19479,AUDI,COUPE S2 PHASE 2,Coupé,10/1/1990,12/31/1995,2204
19770,AUDI,E-TRON,SUV,9/1/2018,,2042
19929,AUDI,E-TRON SPORTBACK,SUV,1/1/2020,,2042
16222,AUDI,Q2 PHASE 1,SUV,10/1/2016,12/31/2020,2034
20028,AUDI,Q2 PHASE 2,SUV,1/1/2021,,2034
16244,AUDI,Q2 SQ2 PHASE 1,SUV,10/1/2016,12/31/2020,3245
20110,AUDI,Q2 SQ2 PHASE 2,SUV,1/1/2021,,3245
16227,AUDI,Q3 1 RS PHASE 2,SUV,2/1/2015,,3140
16225,AUDI,Q3 2,SUV,8/1/2018,,2802
19710,AUDI,Q3 2 RS,SUV,8/1/2018,,3141
19708,AUDI,Q3 2 SPORTBACK,SUV,8/1/2018,,2802
19709,AUDI,Q3 2 SPORTBACK RS,SUV,8/1/2018,,3141
20191,AUDI,Q4 E-TRON,SUV,7/1/2021,,3048
20220,AUDI,Q4 E-TRON SPORTBACK,SUV,7/1/2021,,3048
16231,AUDI,Q5 2 PHASE 1,SUV,10/1/2016,12/31/2020,2052
20167,AUDI,Q5 2 PHASE 2,SUV,1/1/2021,,2052
20029,AUDI,Q5 2 SPORTBACK PHASE 2,SUV,1/1/2021,,2052
16232,AUDI,Q5 2 SQ5 PHASE 1,SUV,10/1/2016,12/31/2020,2052
20109,AUDI,Q5 2 SQ5 PHASE 2,SUV,1/1/2021,,2052
20216,AUDI,Q5 2 SQ5 SPORTBACK PHASE 2,SUV,1/1/2021,,2052
16236,AUDI,Q7 2 SQ7 PHASE 1,SUV,4/1/2015,10/31/2019,2870
19996,AUDI,Q7 2 SQ7 PHASE 2,SUV,10/1/2019,,2870
16237,AUDI,Q8,SUV,2/1/2018,,2066
19771,AUDI,Q8 RS8,SUV,2/1/2018,,3034
19704,AUDI,Q8 SQ8,SUV,2/1/2018,,2066
16238,AUDI,R8 2 CABRIOLET,Cabriolet,9/1/2018,,2260
16239,AUDI,R8 2 COUPE,Coupé,9/1/2018,,2260
20142,AUDI,R8 2 COUPE PHASE 2,Coupé,9/1/2018,,2260
19997,AUDI,R8 2 SPYDER CABRIOLET,Cabriolet,9/1/2018,,2260
16262,AUSTIN,MINI PHASE 1,Berline,9/1/1978,6/30/1982,2428
19737,BEE BEE,XS CABRIOLET,Cabriolet,1/1/2016,,3465
19619,BENTLEY,BENTAYGA,SUV,10/1/2015,,2127
19679,BENTLEY,CONTINENTAL CABRIOLET,Cabriolet,6/1/2006,,1914
19632,BENTLEY,CONTINENTAL CABRIOLET,Cabriolet,12/1/2018,,1915
19678,BENTLEY,CONTINENTAL COUPE,Coupé,6/1/2003,,1914
19631,BENTLEY,CONTINENTAL COUPE,Coupé,9/1/2017,,1915
20449,BENTLEY,CONTINENTAL GT COUPE,Coupé,1/1/2010,,1914
19653,BENTLEY,FLYING SPUR,Berline,3/1/2013,,2002
20111,BENTLEY,FLYING SPUR,Berline,4/1/2019,,2002
19647,BENTLEY,MULSANNE,Berline,9/1/2009,,2319
16263,BMW,1600 E10 GT COUPE,Coupé,10/1/1967,5/31/1969,2360
16460,BMW,ALPINA F25,SUV,7/1/2013,,1387
19593,BMW,ALPINA G02,SUV,4/1/2018,,2049
16266,BMW,I3 PHASE 1,Berline,8/1/2013,12/31/2017,1959
16267,BMW,I3 PHASE 2,Berline,1/1/2018,,1959
16268,BMW,I8 PHASE 1 COUPE,Coupé,3/1/2014,4/30/2018,2139
16270,BMW,I8 PHASE 2 CABRIOLET,Cabriolet,5/1/2018,,2139
16269,BMW,I8 PHASE 2 COUPE,Coupé,5/1/2018,,2139
20222,BMW,IX I20,SUV,8/1/2021,,3028
16271,BMW,M1 COUPE,Coupé,5/1/1979,5/31/1983,2363
16272,BMW,SERIE 1 E81,Berline,1/1/2007,7/31/2011,1398
16273,BMW,SERIE 1 E82 COUPE,Coupé,11/1/2007,6/30/2013,1399
16275,BMW,SERIE 1 E87 PHASE 1,Berline,5/1/2004,12/31/2006,1398
16274,BMW,SERIE 1 E87 PHASE 2,Berline,1/1/2007,7/31/2011,1398
16276,BMW,SERIE 1 E88 CABRIO,Cabriolet,3/1/2008,6/30/2013,1399
16277,BMW,SERIE 1 F20 PHASE 1,Berline,8/1/2011,6/30/2015,1400
16278,BMW,SERIE 1 F20 PHASE 2,Berline,6/1/2015,,1400
16279,BMW,SERIE 1 F21 PHASE 1,Berline,8/1/2011,6/30/2015,1400
16280,BMW,SERIE 1 F21 PHASE 2,Berline,6/1/2015,,1400
19591,BMW,SERIE 1 F40,Berline,7/1/2019,,2070
16283,BMW,SERIE 2 F22/F87 COUPE PHASE 1,Coupé,9/1/2013,5/31/2017,1543
16284,BMW,SERIE 2 F22/F87 COUPE PHASE 2,Coupé,6/1/2017,,2830
16285,BMW,SERIE 2 F23 CABRIO PHASE 1,Cabriolet,11/1/2014,5/31/2017,1543
16286,BMW,SERIE 2 F23 CABRIO PHASE 2,Cabriolet,6/1/2017,,2830
19782,BMW,SERIE 2 F44 GRAN COUPE,Coupé,10/1/2019,,2813
16281,BMW,SERIE 2 F45 ACTIVE TOURER PHASE 1,Monospace,6/1/2014,4/30/2018,1544
16282,BMW,SERIE 2 F45 ACTIVE TOURER PHASE 2,Monospace,5/1/2018,,1544
16287,BMW,SERIE 2 F46 GRAN TOURER PHASE 1,Monospace,3/1/2015,4/30/2018,1545
16288,BMW,SERIE 2 F46 GRAN TOURER PHASE 2,Monospace,5/1/2018,,1545
20297,BMW,SERIE 2 G42 COUPE,Coupé,8/1/2021,,2872
20287,BMW,SERIE 2 U06 ACTIVE TOURER,Monospace,10/1/2021,,2956
16292,BMW,SERIE 3 ALPINA E21,Berline,3/1/1978,8/31/1981,2286
16320,BMW,SERIE 3 ALPINA E90,Berline,9/1/2010,,1549
16322,BMW,SERIE 3 ALPINA E91 BREAK,Break,9/1/2010,2/28/2014,1549
16326,BMW,SERIE 3 ALPINA E92 COUPE,Coupé,9/1/2010,,1550
16331,BMW,SERIE 3 ALPINA E93 CABRIOLET,Cabriolet,9/1/2010,,1550
19592,BMW,SERIE 3 ALPINA F30,Berline,4/1/2013,,1551
16335,BMW,SERIE 3 ALPINA F30,Berline,11/1/2015,,1551
16341,BMW,SERIE 3 ALPINA F31 BREAK,Break,4/1/2013,,1551
20081,BMW,SERIE 3 ALPINA G21 TOURING BREAK,Break,1/1/2019,,2014
16291,BMW,SERIE 3 E21,Berline,1/1/1975,1/31/1983,2286
16293,BMW,SERIE 3 E30,Berline,1/1/1983,1/31/1991,1546
20323,BMW,SERIE 3 E30 CABRIO,Cabriolet,1/1/1983,1/31/1991,1546
16289,BMW,SERIE 3 E30 CABRIO,Cabriolet,7/1/1986,4/30/1993,1546
16294,BMW,SERIE 3 E30 CABRIOLET,Cabriolet,1/1/1983,1/31/1991,1546
16296,BMW,SERIE 3 E30 TOURING BREAK,Break,7/1/1988,2/28/1994,1546
16297,BMW,SERIE 3 E36,Berline,1/1/1991,4/30/1998,1547
16299,BMW,SERIE 3 E36 CABRIO,Cabriolet,5/1/1993,4/30/2000,1547
16301,BMW,SERIE 3 E36 COMPACT,Berline,3/1/1994,12/31/2000,1547
16302,BMW,SERIE 3 E36 COUPE,Coupé,2/1/1992,4/30/1999,1547
16298,BMW,SERIE 3 E36 PHASE 1,Berline,5/1/1998,9/30/2001,1547
16305,BMW,SERIE 3 E36 TOURING BREAK,Break,4/1/1995,6/30/1999,1547
16310,BMW,SERIE 3 E46 CABRIO,Cabriolet,4/1/2000,3/31/2003,1547
16308,BMW,SERIE 3 E46 CABRIO PHASE 1,Cabriolet,4/1/2000,3/31/2003,1547
16309,BMW,SERIE 3 E46 CABRIO PHASE 2,Cabriolet,3/1/2003,12/31/2006,1547
16311,BMW,SERIE 3 E46 COMPACT PHASE 1,Berline,3/1/2001,3/31/2003,1547
16312,BMW,SERIE 3 E46 COMPACT PHASE 2,Berline,3/1/2003,12/31/2004,1547
16315,BMW,SERIE 3 E46 COUPE,Coupé,3/1/2003,12/31/2006,1547
16314,BMW,SERIE 3 E46 COUPE PHASE 1,Coupé,4/1/1999,3/31/2003,1547
16313,BMW,SERIE 3 E46 COUPE PHASE 2,Coupé,3/1/2003,12/31/2006,1547
16306,BMW,SERIE 3 E46 PHASE 1,Berline,5/1/1998,9/30/2001,1547
16307,BMW,SERIE 3 E46 PHASE 2,Berline,9/1/2001,3/31/2005,1547
16316,BMW,SERIE 3 E46 TOURING PHASE 1 BREAK,Break,7/1/1999,9/30/2001,1547
16317,BMW,SERIE 3 E46 TOURING PHASE 2 BREAK,Break,9/1/2001,9/30/2005,1547
16321,BMW,SERIE 3 E90,Berline,9/1/2008,12/31/2011,1549
16319,BMW,SERIE 3 E90 PHASE 1,Berline,3/1/2005,9/30/2008,1549
16318,BMW,SERIE 3 E90 PHASE 2,Berline,9/1/2008,12/31/2011,1549
16325,BMW,SERIE 3 E91 TOURING PHASE 1 BREAK,Break,9/1/2005,9/30/2008,1549
16324,BMW,SERIE 3 E91 TOURING PHASE 2 BREAK,Break,10/1/2008,12/31/2011,1549
16329,BMW,SERIE 3 E92 COUPE PHASE 1,Coupé,9/1/2006,3/31/2010,1550
16328,BMW,SERIE 3 E92 COUPE PHASE 2,Coupé,3/1/2010,,1550
16334,BMW,SERIE 3 E93 CABRIO,Cabriolet,1/1/2007,3/31/2010,1550
16332,BMW,SERIE 3 E93 CABRIO PHASE 1,Cabriolet,1/1/2007,3/31/2010,1550
16333,BMW,SERIE 3 E93 CABRIO PHASE 2,Cabriolet,3/1/2010,4/30/2014,1550
16337,BMW,SERIE 3 F30/F80 PHASE 1,Berline,11/1/2011,5/31/2015,1551
16338,BMW,SERIE 3 F30/F80 PHASE 2,Berline,5/1/2015,,1551
16343,BMW,SERIE 3 F31 TOURING PHASE 1 BREAK,Break,6/1/2012,5/31/2015,1551
16344,BMW,SERIE 3 F31 TOURING PHASE 2 BREAK,Break,6/1/2015,,1551
16345,BMW,SERIE 3 F34 GRAN TURISMO PHASE 1,Berline,3/1/2013,12/31/2016,1552
16347,BMW,SERIE 3 F34 GRAN TURISMO PHASE 2,Berline,1/1/2017,,1552
16348,BMW,SERIE 3 G20,Berline,11/1/2018,,2014
16349,BMW,SERIE 3 G21 TOURING BREAK,Break,11/1/2018,,2014
19590,BMW,SERIE 3 G21 TOURING BREAK,Break,1/1/2019,,2014
20243,BMW,SERIE 3 G80,Berline,5/1/2021,,3043
16351,BMW,SERIE 4 ALPINA F32 COUPE,Coupé,7/1/2013,,1554
16356,BMW,SERIE 4 ALPINA F33 CABRIOLET,Cabriolet,7/1/2013,,1554
16352,BMW,SERIE 4 F32/F82 COUPE PHASE 1,Coupé,7/1/2013,2/28/2017,1554
16353,BMW,SERIE 4 F32/F82 COUPE PHASE 2,Coupé,3/1/2017,,1554
16358,BMW,SERIE 4 F33/F83 CABRIO PHASE 1,Cabriolet,1/1/2014,2/28/2017,1554
16359,BMW,SERIE 4 F33/F83 CABRIO PHASE 2,Cabriolet,3/1/2017,,1554
16362,BMW,SERIE 4 F36 GRAN COUPE PHASE 1,Coupé,1/1/2014,2/28/2017,1556
16363,BMW,SERIE 4 F36 GRAN COUPE PHASE 2,Coupé,3/1/2017,,2831
20052,BMW,SERIE 4 G22 COUPE,Coupé,7/1/2020,,2287
20149,BMW,SERIE 4 G22 COUPE PHASE 2,Coupé,3/1/2017,,2287
20068,BMW,SERIE 4 G23 CABRIOLET,Cabriolet,11/1/2020,,2287
20214,BMW,SERIE 4 G26 COUPE,Coupé,7/1/2020,,2287
20213,BMW,SERIE 4 G26 GRAN COUPE,Coupé,7/1/2020,,2287
20251,BMW,SERIE 4 G26 GRAN COUPE,Coupé,7/1/2021,,2287
20318,BMW,SERIE 4 G26 GRAN COUPE PHASE 2,Coupé,3/1/2017,,2287
20219,BMW,SERIE 4 G82 COUPE,Coupé,3/1/2017,,3044
20150,BMW,SERIE 4 G82 COUPE,Coupé,7/1/2020,,3044
20218,BMW,SERIE 4 G83 CABRIOLET,Cabriolet,11/1/2020,,3044
16386,BMW,SERIE 5 ALPINA F10,Berline,6/1/2010,,1392
16390,BMW,SERIE 5 ALPINA F11 BREAK,Break,6/1/2010,,1392
16394,BMW,SERIE 5 ALPINA G30,Berline,3/1/2017,,1888
20285,BMW,SERIE 5 ALPINA G30,Berline,6/1/2020,,1888
20286,BMW,SERIE 5 ALPINA G31 TOURING BREAK,Break,6/1/2020,,1888
16431,BMW,SERIE 5 ALPINA G31 TOURING PHASE 1 BREAK,Break,4/1/2017,6/30/2020,1888
16364,BMW,SERIE 5 E12,Berline,8/1/1972,8/31/1981,2288
16365,BMW,SERIE 5 E28,Berline,7/1/1981,2/29/1988,1844
16373,BMW,SERIE 5 E39,Berline,12/1/1995,7/31/2000,1390
16371,BMW,SERIE 5 E39 PHASE 1,Berline,12/1/1995,7/31/2000,1390
16372,BMW,SERIE 5 E39 PHASE 2,Berline,7/1/2000,7/31/2003,1390
16374,BMW,SERIE 5 E39 TOURING PHASE 1 BREAK,Break,3/1/1997,7/31/2000,1390
16375,BMW,SERIE 5 E39 TOURING PHASE 2 BREAK,Break,7/1/2000,3/31/2004,1390
16378,BMW,SERIE 5 E60,Berline,7/1/2003,3/31/2007,1391
16376,BMW,SERIE 5 E60 PHASE 1,Berline,7/1/2003,3/31/2007,1391
16377,BMW,SERIE 5 E60 PHASE 2,Berline,3/1/2007,12/31/2009,1391
16381,BMW,SERIE 5 E61 TOURING BREAK,Break,3/1/2007,5/31/2010,1391
16379,BMW,SERIE 5 E61 TOURING PHASE 1 BREAK,Break,3/1/2004,3/31/2007,1391
16380,BMW,SERIE 5 E61 TOURING PHASE 2 BREAK,Break,3/1/2007,5/31/2010,1391
16383,BMW,SERIE 5 F07 GRAN TURISMO PHASE 1,Berline,9/1/2009,12/31/2013,1393
16382,BMW,SERIE 5 F07 GRAN TURISMO PHASE 2,Berline,7/1/2013,,1393
16385,BMW,SERIE 5 F10 PHASE 1,Berline,1/1/2010,5/31/2013,1392
16384,BMW,SERIE 5 F10 PHASE 2,Berline,5/1/2013,,1392
16393,BMW,SERIE 5 F11 TOURING PHASE 1 BREAK,Break,1/1/2010,5/31/2013,1392
16392,BMW,SERIE 5 F11 TOURING PHASE 2,Berline,5/1/2013,,1392
16391,BMW,SERIE 5 F11 TOURING PHASE 2 BREAK,Break,5/1/2013,,1392
16395,BMW,SERIE 5 G30/F90 PHASE 1,Berline,1/1/2017,6/30/2020,1888
20034,BMW,SERIE 5 G30/F90 PHASE 2,Berline,6/1/2020,,1888
20047,BMW,SERIE 5 G30/F90 PHASE 2,Berline,7/1/2020,,1888
16397,BMW,SERIE 5 G31 TOURING PHASE 1 BREAK,Break,4/1/2017,6/30/2020,1888
19925,BMW,SERIE 5 G31 TOURING PHASE 2 BREAK,Break,7/1/2020,,1888
20145,BMW,SERIE 6 ALPINA F13 COUPE,Coupé,6/1/2014,,1559
16398,BMW,SERIE 6 E24 COUPE,Coupé,1/1/1976,6/30/1989,1557
16401,BMW,SERIE 6 E63 COUPE,Coupé,9/1/2003,9/30/2007,1558
16400,BMW,SERIE 6 E63 COUPE PHASE 1,Coupé,9/1/2003,9/30/2007,1558
16399,BMW,SERIE 6 E63 COUPE PHASE 2,Coupé,9/1/2007,8/31/2011,1558
16404,BMW,SERIE 6 E64 CABRIO,Cabriolet,9/1/2007,1/31/2011,1558
16403,BMW,SERIE 6 E64 CABRIO PHASE 1,Cabriolet,4/1/2004,9/30/2007,1558
16402,BMW,SERIE 6 E64 CABRIO PHASE 2,Cabriolet,9/1/2007,1/31/2011,1558
16418,BMW,SERIE 6 F06 GRAN COUPE,Coupé,4/1/2011,2/28/2015,1560
16415,BMW,SERIE 6 F06 GRAN COUPE PHASE 1,Coupé,4/1/2012,5/31/2015,1560
16416,BMW,SERIE 6 F06 GRAN COUPE PHASE 2,Coupé,5/1/2015,,1560
16406,BMW,SERIE 6 F12 CABRIO PHASE 1,Cabriolet,4/1/2011,2/28/2015,1559
16405,BMW,SERIE 6 F12 CABRIO PHASE 2,Cabriolet,2/1/2015,,1559
16411,BMW,SERIE 6 F13 COUPE,Coupé,6/1/2014,,1559
16410,BMW,SERIE 6 F13 COUPE PHASE 1,Coupé,4/1/2011,5/31/2015,1559
16409,BMW,SERIE 6 F13 COUPE PHASE 2,Coupé,5/1/2015,,1559
16414,BMW,SERIE 6 G32 GRAN TURISMO,Berline,7/1/2017,,1897
19504,BMW,SERIE 7 ALPINA G12,Berline,10/1/2016,,1889
16434,BMW,SERIE 7 G11 PHASE 1,Berline,9/1/2015,12/31/2018,1889
16435,BMW,SERIE 7 G11 PHASE 2,Berline,1/1/2019,,1889
16436,BMW,SERIE 7 G12 LIMOUSINE PHASE 1,Berline,9/1/2015,12/31/2018,1889
19555,BMW,SERIE 7 G12 LIMOUSINE PHASE 2,Berline,1/1/2019,,1889
16437,BMW,SERIE 8 E31 COUPE,Coupé,7/1/1990,4/30/2000,1569
16438,BMW,SERIE 8 G14 CABRIOLET,Cabriolet,11/1/2018,,2168
16439,BMW,SERIE 8 G15 COUPE,Coupé,7/1/2018,,2028
19781,BMW,SERIE 8 G15 COUPE,Coupé,12/1/2019,,2028
19778,BMW,SERIE 8 G16 GRAN COUPE,Coupé,7/1/2018,,2869
19777,BMW,SERIE 8 G16 GRAN COUPE,Coupé,12/1/2019,,2869
16440,BMW,X1 E84 PHASE 1,SUV,7/1/2009,5/31/2012,1562
16441,BMW,X1 E84 PHASE 2,SUV,6/1/2012,,1562
19542,BMW,X1 F48 PHASE 1,SUV,9/1/2015,4/30/2019,1563
19557,BMW,X1 F48 PHASE 2,SUV,4/1/2019,,1563
20474,BMW,X1 U11,SUV,7/1/2022,,3165
16443,BMW,X2 F39,SUV,1/1/2018,,1994
16444,BMW,X3 E83 PHASE 1,SUV,1/1/2004,8/31/2006,1386
16445,BMW,X3 E83 PHASE 2,SUV,8/1/2006,8/31/2010,1386
16446,BMW,X3 F25 PHASE 1,SUV,9/1/2010,6/30/2014,1387
16447,BMW,X3 F25 PHASE 2,SUV,6/1/2014,,1387
20217,BMW,X3 F97,SUV,1/1/2018,,3006
16448,BMW,X3 G01,SUV,1/1/2018,,1945
16449,BMW,X4 F26,SUV,3/1/2014,3/31/2018,1564
16450,BMW,X4 G02,SUV,4/1/2018,,2049
16451,BMW,X5 E53,SUV,4/1/2000,12/31/2006,1379
16452,BMW,X5 E70 PHASE 1,SUV,2/1/2007,3/31/2010,1388
16453,BMW,X5 E70 PHASE 2,SUV,3/1/2010,,1388
16454,BMW,X5 F15,SUV,9/1/2013,,1389
16455,BMW,X5 G05,SUV,7/1/2018,,1995
16457,BMW,X6 E71/E72 PHASE 1,SUV,6/1/2008,4/30/2012,1565
16456,BMW,X6 E71/E72 PHASE 2,SUV,4/1/2012,12/31/2014,1565
16458,BMW,X6 F16,SUV,9/1/2014,,1566
19617,BMW,X6 G06,SUV,12/1/2019,,2191
16459,BMW,X7 G07,SUV,3/1/2019,,2192
19711,BMW,XD3 G01 ALPINA,SUV,1/1/2018,,1945
16461,BMW,Z1 CABRIO,Cabriolet,1/1/1989,6/30/1994,2102
16462,BMW,Z3 E36 COUPE,Coupé,7/1/1988,12/31/2002,1570
16463,BMW,Z3 E36 ROADSTER CABRIOLET,Cabriolet,1/1/1996,12/31/2002,1570
16464,BMW,Z4 E85 ROADSTER PHASE 1 CABRIOLET,Cabriolet,2/1/2003,12/31/2005,1571
16465,BMW,Z4 E85 ROADSTER PHASE 2 CABRIOLET,Cabriolet,1/1/2006,4/30/2009,1571
16466,BMW,Z4 E86 COUPE,Coupé,3/1/2006,4/30/2009,1571
16467,BMW,Z4 E89 ROADSTER CABRIOLET,Cabriolet,3/1/2009,,1572
16468,BMW,Z4 G29 ROADSTER CABRIOLET,Cabriolet,1/1/2019,,2838
16469,BMW,Z8 E52 CABRIO,Cabriolet,4/1/2000,12/31/2003,1568
19665,BUGATTI,CHIRON COUPE,Coupé,4/1/2016,,3422
16475,BUICK,RENDEZVOUS,Berline,4/1/2000,9/30/2006,2772
20428,BYD,E6,Monospace,10/1/2011,,3433
16478,CADILLAC,ATS,Berline,2/1/2013,,2333
16479,CADILLAC,ATS COUPE,Coupé,2/1/2013,,2333
16482,CADILLAC,CT6,Berline,1/1/2016,,3472
16499,CADILLAC,STS 1,Berline,5/1/2005,10/31/2007,2791
16500,CADILLAC,STS 2,Berline,10/1/2007,12/31/2012,2791
20082,CADILLAC,XT4,SUV,3/1/2018,,3159
16502,CADILLAC,XT5,SUV,10/1/2016,,2013
20295,CATERHAM,SEVEN CABRIOLET,Cabriolet,4/1/1993,,2452
19693,CATERHAM,SEVEN CABRIOLET,Cabriolet,7/1/2012,,2452
19675,CATERHAM,SEVEN CABRIOLET,Cabriolet,5/1/2015,,2452
16523,CHEVROLET,CORVETTE 5 CABRIOLET,Cabriolet,1/1/1998,9/30/2004,3146
16522,CHEVROLET,CORVETTE 5 COUPE,Coupé,1/1/1998,9/30/2004,3146
16546,CHEVROLET,REZZO,Monospace,1/1/2005,7/31/2008,2667
16553,CHEVROLET,VOLT,Berline,9/1/2011,,1853
16561,CHRYSLER,DAYTONA GS COUPE,Coupé,9/1/1987,12/31/1991,2463
16563,CHRYSLER,GRAND VOYAGER 3,Monospace,10/1/1996,3/31/2001,2907
16564,CHRYSLER,GRAND VOYAGER 4 PHASE 1,Monospace,3/1/2001,4/30/2004,2908
16565,CHRYSLER,GRAND VOYAGER 4 PHASE 2,Monospace,5/1/2004,3/31/2008,2908
16566,CHRYSLER,GRAND VOYAGER 5,Monospace,6/1/2008,,2909
16577,CHRYSLER,SEBRING 1,Berline,2/1/2001,12/31/2005,1878
16578,CHRYSLER,SEBRING 2,Berline,1/1/2007,12/31/2008,1879
16580,CHRYSLER,SEBRING 2 PHASE 1 CABRIOLET,Cabriolet,1/1/2007,12/31/2008,1879
16579,CHRYSLER,SEBRING 2 PHASE 2 CABRIOLET,Cabriolet,10/1/2007,12/31/2010,1879
16591,CITROEN,2CV,Berline,9/1/1970,6/30/1990,2340
16592,CITROEN,ACADIANE,Fourgon,3/1/1978,6/30/1988,2341
20078,CITROEN,AMI,Berline,6/1/2020,,3331
16593,CITROEN,AMI8,Berline,7/1/1969,12/31/1977,2342
16594,CITROEN,AMI8 BREAK,Break,7/1/1969,12/31/1977,2342
16597,CITROEN,AXEL,Berline,7/1/1984,6/30/1990,3440
19511,CITROEN,BERLINGO 3 M,Combi,6/1/2018,,2109
19572,CITROEN,BERLINGO 3 M,Fourgon,6/1/2018,,2109
20125,CITROEN,BERLINGO 3 XL,Fourgon,6/1/2018,,2109
20193,CITROEN,BERLINGO 3 XL,Combi,6/1/2018,,2109
16650,CITROEN,C-ELYSEE PHASE 1,Berline,6/1/2012,12/31/2016,2134
16651,CITROEN,C-ELYSEE PHASE 2,Berline,1/1/2017,,2134
16654,CITROEN,C-ZERO,Berline,10/1/2010,,2458
19532,CITROEN,C3 3 PHASE 1,Berline,12/1/2016,9/30/2020,1993
20006,CITROEN,C3 3 PHASE 2,Berline,9/1/2020,,1993
19517,CITROEN,C3 3 SOCIETE PHASE 1,Berline,12/1/2016,9/30/2020,1993
20084,CITROEN,C3 3 SOCIETE PHASE 2,Berline,9/1/2020,,1993
16621,CITROEN,C3 AIRCROSS PHASE 1,Berline,9/1/2017,7/31/2021,2060
20281,CITROEN,C3 AIRCROSS PHASE 2,Berline,8/1/2021,,2060
16626,CITROEN,C35,Fourgon,1/1/1974,9/30/1990,2343
19941,CITROEN,C4 3,Berline,7/1/2020,,2997
19476,CITROEN,C4 GRAND PICASSO 2 PHASE 1,Monospace,4/1/2013,9/30/2016,2039
19477,CITROEN,C4 GRAND PICASSO 2 PHASE 2,Monospace,9/1/2016,,2039
20144,CITROEN,C4 GRAND SPACETOURER,Monospace,6/1/2018,,2911
16639,CITROEN,C4 SPACETOURER,Monospace,6/1/2018,,2911
20470,CITROEN,C4 X,Berline,7/1/2021,,3441
16646,CITROEN,C5 AIRCROSS,SUV,4/1/2018,,2159
20209,CITROEN,C5 X,Berline,7/1/2021,,3250
16656,CITROEN,DS,Berline,1/1/1955,12/31/1975,3442
16655,CITROEN,DYANE,Berline,3/1/1963,7/31/1983,2348
16664,CITROEN,E-MEHARI CABRIOLET,Cabriolet,4/1/2016,,3276
19810,CITROEN,JUMPY 3,Chassis,3/1/2016,,2061
19490,CITROEN,JUMPY 3 M,Fourgon,3/1/2016,,2061
20375,CITROEN,JUMPY 3 M,Combi,3/1/2016,,2061
20124,CITROEN,JUMPY 3 XL,Fourgon,3/1/2016,,2061
19491,CITROEN,JUMPY 3 XS,Fourgon,3/1/2016,,2061
16678,CITROEN,LN,Berline,11/1/1978,12/31/1985,2344
16679,CITROEN,LNA,Berline,11/1/1978,12/31/1985,2344
16680,CITROEN,MEHARI CABRIOLET,Cabriolet,9/1/1970,1/31/1983,2459
16684,CITROEN,SM COUPE,Coupé,6/1/1970,12/31/1974,2461
19488,CITROEN,SPACE TOURER M,Minibus,10/1/2016,,3279
19551,CITROEN,SPACE TOURER XL,Minibus,10/1/2016,,3277
19489,CITROEN,SPACE TOURER XS,Minibus,10/1/2016,,3278
20161,CUPRA,ATECA PHASE 1,SUV,6/1/2016,7/31/2020,3364
20170,CUPRA,ATECA PHASE 2,SUV,7/1/2020,,3364
20248,CUPRA,BORN V,Berline,9/1/2021,,3029
20314,CUPRA,FORMENTOR,SUV,7/1/2020,,2882
20022,CUPRA,FORMENTOR VZ,SUV,7/1/2020,,2882
20062,CUPRA,LEON 4,Berline,2/1/2020,,3308
20207,CUPRA,LEON 4,Berline,10/1/2020,,3308
20176,CUPRA,LEON SPORTWAGON 4 SPORTWAGON BREAK,Break,10/1/2020,,3308
16712,DACIA,DUSTER 2 PHASE 1,SUV,10/1/2017,9/30/2021,2935
20236,DACIA,DUSTER 2 PHASE 2,SUV,9/1/2021,,2935
20201,DACIA,DUSTER 2 SOCIETE PHASE 1,SUV,10/1/2017,9/30/2021,2935
20260,DACIA,DUSTER 2 SOCIETE PHASE 2,SUV,9/1/2021,,2935
20272,DACIA,JOGGER BREAK,Break,12/1/2021,,3100
16720,DACIA,LOGAN 2 PHASE 1,Berline,10/1/2012,1/31/2017,1881
16719,DACIA,LOGAN 2 PHASE 2,Berline,2/1/2017,,1881
16721,DACIA,LOGAN MCV 2 PHASE 1 BREAK,Break,6/1/2013,1/31/2017,1881
16722,DACIA,LOGAN MCV 2 PHASE 2 BREAK,Break,2/1/2017,,1881
20025,DACIA,SANDERO 3,Berline,1/1/2021,,3412
20313,DACIA,SANDERO 3 STEPWAY,Berline,1/1/2021,,3412
16726,DACIA,SOLENZA,Berline,7/1/2003,5/31/2006,2284
20026,DACIA,SPRING,SUV,1/1/2021,,3083
16738,DAEWOO,MUSSO PHASE 1,Tout-Terrain,5/1/1999,12/31/2000,2620
16739,DAEWOO,MUSSO PHASE 2,Tout-Terrain,12/1/2000,9/30/2004,2620
16748,DAEWOO,REZZO,Monospace,7/1/2000,1/31/2005,2624
16750,DAEWOO,TICO,Berline,2/1/1995,12/31/2000,2359
16755,DAIHATSU,CHARADE 5,Berline,3/1/2011,,3280
16756,DAIHATSU,COPEN CABRIOLET,Cabriolet,9/1/2006,,2324
16760,DAIHATSU,DOMINO,Berline,7/1/1994,10/31/1999,3470
16761,DAIHATSU,EXTOL,Minibus,9/1/2000,1/31/2001,3471
16765,DAIHATSU,MATERIA,Monospace,1/1/2007,,2033
16766,DAIHATSU,MOVE,Monospace,9/1/1997,4/30/2002,2326
16772,DAIHATSU,TREVIS,Berline,9/1/2006,12/31/2011,2609
16773,DAIHATSU,YRV,Monospace,2/1/2001,12/31/2007,2046
19756,DALLARA,STRADALE CABRIOLET,Cabriolet,7/1/2019,,3460
19459,DANGEL,504,Pickup,1/1/1983,12/31/1996,1207
19458,DANGEL,504 BREAK,Break,1/1/1982,12/31/1986,1207
19460,DANGEL,505 BREAK,Break,7/1/1985,6/30/1992,1203
19453,DANGEL,BERLINGO 3,Fourgon,6/1/2018,,2109
19454,DANGEL,BOXER 1,Fourgon,2/1/1994,2/28/2002,1187
19455,DANGEL,BOXER 2,Fourgon,2/1/2002,6/30/2006,1186
19468,DANGEL,BOXER 3 PHASE 1,Fourgon,6/1/2006,6/30/2014,1185
19469,DANGEL,BOXER 3 PHASE 2,Fourgon,6/1/2014,,2123
20019,DANGEL,COMBO E,Fourgon,4/1/2018,,2173
19432,DANGEL,DUCATO 3 PHASE 2,Chassis,6/1/2014,,1932
19467,DANGEL,EXPERT 2,Monospace,1/1/2007,3/31/2016,1190
19466,DANGEL,EXPERT 3,Fourgon,3/1/2016,,2199
19456,DANGEL,J5 PHASE 1,Fourgon,6/1/1985,6/30/1990,1200
19457,DANGEL,J5 PHASE 2,Fourgon,7/1/1990,6/30/1995,1200
19577,DANGEL,JUMPY 3,Fourgon,3/1/2016,,2061
19461,DANGEL,PARTNER 1 PHASE 1,Fourgon,7/1/1996,12/31/2002,1182
19462,DANGEL,PARTNER 1 PHASE 2,Fourgon,11/1/2002,1/31/2012,1181
19464,DANGEL,PARTNER 2 PHASE 1,Fourgon,5/1/2008,3/31/2012,1180
19463,DANGEL,PARTNER 2 PHASE 2,Fourgon,2/1/2012,4/30/2015,1180
19465,DANGEL,PARTNER 2 PHASE 3,Fourgon,4/1/2015,,1920
20346,DANGEL,PARTNER 3,Fourgon,6/1/2018,,3010
19470,DANGEL,PARTNER 3,Fourgon,9/1/2018,,3010
19471,DANGEL,PROACE 2,Minibus,8/1/2016,,2065
20355,DANGEL,PROACE 2,Fourgon,8/1/2016,,2065
20174,DANGEL,PROACE 3 CITY,Fourgon,1/1/2020,,3000
19671,DANGEL,RIFTER,Combi,3/1/2018,,2148
19452,DANGEL,SPACE TOURER,Minibus,10/1/2016,,2911
20035,DANGEL,SPACE TOURER SOCIETE,Minibus,10/1/2016,,2911
19576,DANGEL,TRAVELLER,Minibus,3/1/2016,,2197
20341,DFSK,EC35,Fourgon,2/1/2018,,3494
20130,DFSK,SERES 3,SUV,9/1/2020,,3495
16774,DODGE,ARIES,Berline,2/1/1981,12/31/1989,3423
16781,DODGE,GRAND CARAVAN 5,Monospace,6/1/2007,,2792
20476,DONKERVOORT,GT0-JD CABRIOLET,Cabriolet,1/1/2018,,3466
19797,DONKERVOORT,GTO-RS CABRIOLET,Cabriolet,1/1/2018,,3466
16801,DS,DS3 CROSSBACK,SUV,10/1/2018,,2886
16802,DS,DS4 1 PHASE 2,Berline,4/1/2016,4/30/2021,3175
20195,DS,DS4 2,Berline,5/1/2021,,3176
16806,DS,DS7 CROSSBACK,SUV,9/1/2017,,2967
20071,DS,DS9,Berline,9/1/2020,,3246
20371,FERRARI,296 COUPE,Coupé,9/1/2021,,3322
19652,FERRARI,488 CABRIOLET,Cabriolet,10/1/2015,,3072
19625,FERRARI,488 COUPE,Coupé,4/1/2015,,3072
20204,FERRARI,812 CABRIOLET,Cabriolet,3/1/2017,,3116
19623,FERRARI,812 COUPE,Coupé,3/1/2017,,3116
19661,FERRARI,CALIFORNIA CABRIOLET,Cabriolet,6/1/2014,,3019
19685,FERRARI,F12 COUPE,Coupé,10/1/2012,,3004
20205,FERRARI,F8 SPIDER CABRIOLET,Cabriolet,3/1/2019,,3369
19765,FERRARI,F8 TRIBUTO COUPE,Coupé,3/1/2019,,3157
19690,FERRARI,FF COUPE,Coupé,6/1/2011,2/29/2016,3111
19618,FERRARI,GTC4 LUSSO COUPE,Coupé,10/1/2016,,3122
19768,FERRARI,MONZA CABRIOLET,Cabriolet,2/1/2018,,3429
19633,FERRARI,PORTOFINO CABRIOLET,Cabriolet,8/1/2018,,3077
20020,FERRARI,ROMA COUPE,Coupé,4/1/2020,,3121
20175,FERRARI,SF90 STRADALE CABRIOLET,Cabriolet,5/1/2019,,3156
20072,FERRARI,SF90 STRADALE COUPE,Coupé,5/1/2019,,3156
16807,FIAT,124 1 CABRIOLET,Cabriolet,1/1/1967,12/31/1975,2291
20044,FIAT,124 1 COUPE,Coupé,1/1/1967,12/31/1975,2291
16808,FIAT,124 1 COUPE,Coupé,8/1/1972,12/31/1975,2291
16810,FIAT,124 2 SPIDER ABARTH CABRIOLET,Cabriolet,3/1/2016,,2198
16809,FIAT,124 2 SPIDER CABRIOLET,Cabriolet,3/1/2016,,2198
16811,FIAT,126,Berline,1/1/1973,1/31/1993,2290
16817,FIAT,238,Minibus,1/1/1968,12/31/1984,3443
16827,FIAT,500 ABARTH 2 CABRIO PHASE 1,Cabriolet,9/1/2010,5/31/2016,2796
16828,FIAT,500 ABARTH 2 CABRIO PHASE 2,Cabriolet,6/1/2016,,2796
19694,FIAT,500 ABARTH 2 PHASE 1,Berline,7/1/2007,8/31/2015,2796
16821,FIAT,500 ABARTH 2 PHASE 1,Berline,5/1/2008,5/31/2016,2796
16822,FIAT,500 ABARTH 2 PHASE 2,Berline,7/1/2015,,2796
19579,FIAT,500 ABARTH 2 PHASE 2,Berline,6/1/2016,,2796
20037,FIAT,500E,Berline,10/1/2020,,3045
16833,FIAT,500X PHASE 1,SUV,11/1/2014,5/31/2018,1886
16834,FIAT,500X PHASE 2,SUV,9/1/2018,,1886
16835,FIAT,900T,Minibus,1/1/1977,12/31/1983,3444
16848,FIAT,DOBLO 1 PHASE 1,Combi,3/1/2001,12/31/2005,1938
16849,FIAT,DOBLO 1 PHASE 2,Combi,1/1/2006,12/31/2009,1938
16857,FIAT,DUCATO 3 PHASE 2,Chassis,6/1/2014,,1932
19598,FIAT,DUCATO 3 PHASE 2,Fourgon,6/1/2014,,1932
20241,FIAT,DUCATO 3 PHASE 2,Minibus,6/1/2014,,1932
16858,FIAT,DUNA,Berline,4/1/1985,12/31/2000,2478
16859,FIAT,DUNA BREAK,Break,4/1/1985,12/31/2000,2478
16867,FIAT,FULLBACK,Pickup,1/1/2016,,2256
20153,FIAT,PANDA 3 PHASE 1,Berline,1/1/2012,7/31/2021,2926
20154,FIAT,PANDA 3 PHASE 2,Berline,7/1/2021,,2926
20138,FIAT,PANDA CROSS 3,Berline,7/1/2021,,2926
20471,FIAT,PANDA CROSS 3 PHASE 2,Berline,7/1/2021,,2926
16887,FIAT,PUNTO 3,Berline,1/1/2012,,2181
16888,FIAT,PUNTO 3 ABARTH,Berline,9/1/2010,,2181
20344,FIAT,SCUDO 3,Fourgon,1/1/2022,,3252
16907,FIAT,SEICENTO,Berline,3/1/1998,12/31/2008,2205
19809,FIAT,SEICENTO SOCIETE,Berline,3/1/1998,12/31/2008,2205
16912,FIAT,TALENTO,Fourgon,6/1/2016,,2826
19567,FIAT,TALENTO,Minibus,6/1/2016,,2826
20438,FISKER,KARMA,Berline,2/1/2012,,3060
16927,FORD,AEROSTAR,Monospace,1/1/1990,6/30/1995,2933
16928,FORD,B-MAX,Monospace,6/1/2012,,1960
16931,FORD,C-MAX 1 PHASE 1,Monospace,9/1/2003,3/31/2007,1481
16930,FORD,C-MAX 1 PHASE 2,Monospace,3/1/2007,9/30/2010,1481
16932,FORD,C-MAX 2 PHASE 1,Monospace,9/1/2010,9/30/2015,1482
16933,FORD,C-MAX 2 PHASE 2,Monospace,6/1/2015,,1482
16929,FORD,CAPRI 3 COUPE,Coupé,1/1/1978,4/30/1987,2295
16934,FORD,COUGAR COUPE,Coupé,10/1/1998,7/31/2001,2007
16935,FORD,COURRIER 3 PHASE 1,Fourgon,2/1/1990,1/31/1994,1540
16936,FORD,COURRIER 4,Fourgon,10/1/1996,9/30/2002,1540
16937,FORD,COURRIER 5,Fourgon,4/1/2000,9/30/2002,1540
16938,FORD,ECONOLINE,Fourgon,3/1/1986,3/31/1992,1530
16940,FORD,ECOSPORT PHASE 1,SUV,9/1/2013,5/31/2015,1965
16941,FORD,ECOSPORT PHASE 2,SUV,5/1/2015,10/31/2017,1965
16939,FORD,ECOSPORT PHASE 3,SUV,10/1/2017,,1996
16942,FORD,EDGE,SUV,2/1/2016,,1909
16943,FORD,ESCORT 2,Berline,12/1/1974,8/31/1980,1402
16944,FORD,ESCORT 3,Berline,7/1/1980,1/31/1986,1403
16948,FORD,ESCORT 3 BREAK,Break,7/1/1980,1/31/1986,1403
16946,FORD,ESCORT 3 CABRIOLET,Cabriolet,9/1/1983,1/31/1986,1403
16945,FORD,ESCORT 4,Berline,1/1/1986,9/30/1990,1404
16949,FORD,ESCORT 4 BREAK,Break,1/1/1986,9/30/1990,1404
16947,FORD,ESCORT 4 CABRIOLET,Cabriolet,1/1/1986,9/30/1990,1404
16950,FORD,ESCORT 5 PHASE 1,Berline,10/1/1990,9/30/1992,1405
16954,FORD,ESCORT 5 PHASE 1 BREAK,Break,10/1/1990,9/30/1992,1405
16953,FORD,ESCORT 5 PHASE 1 CABRIOLET,Cabriolet,10/1/1990,2/28/1993,1405
16951,FORD,ESCORT 5 PHASE 2,Berline,10/1/1992,1/31/1995,1405
16955,FORD,ESCORT 5 PHASE 2 BREAK,Break,10/1/1992,1/31/1995,1405
16952,FORD,ESCORT 5 PHASE 2 CABRIOLET,Cabriolet,2/1/1993,1/31/1995,1405
16957,FORD,ESCORT 6,Berline,1/1/1995,8/31/2000,1406
16956,FORD,ESCORT 6 BREAK,Break,1/1/1995,8/31/2000,1406
16958,FORD,ESCORT 6 CABRIOLET,Cabriolet,1/1/1995,12/31/1997,1406
20183,FORD,EVEREST,SUV,9/1/2006,,3445
20014,FORD,EXPLORER,Tout-Terrain,7/1/2019,,3387
16959,FORD,EXPLORER 1,Tout-Terrain,3/1/1993,6/30/1995,1503
16960,FORD,EXPLORER 2,Tout-Terrain,5/1/1997,7/31/2001,1503
16961,FORD,FIESTA 1,Berline,9/1/1976,8/31/1983,3446
16962,FORD,FIESTA 2,Berline,9/1/1983,2/28/1989,1491
16963,FORD,FIESTA 3 PHASE 1,Berline,3/1/1989,1/31/1994,1484
16964,FORD,FIESTA 3 PHASE 2,Berline,1/1/1994,10/31/1996,1484
16965,FORD,FIESTA 4 PHASE 1,Berline,9/1/1995,9/30/1999,1485
16966,FORD,FIESTA 4 PHASE 2,Berline,9/1/1999,9/30/2002,1486
16967,FORD,FIESTA 5 PHASE 1,Berline,5/1/2002,10/31/2005,1487
16968,FORD,FIESTA 5 PHASE 2,Berline,10/1/2005,10/31/2008,1488
16970,FORD,FIESTA 6 PHASE 1,Berline,10/1/2008,11/30/2012,1489
16969,FORD,FIESTA 6 PHASE 2,Berline,11/1/2012,,1490
16971,FORD,FIESTA 7 PHASE 1,Berline,6/1/2017,8/31/2021,1992
20349,FORD,FIESTA 7 PHASE 2,Berline,9/1/2021,,1992
19508,FORD,FIESTA 7 SOCIETE PHASE 1,Berline,6/1/2017,8/31/2021,1992
20363,FORD,FIESTA 7 SOCIETE PHASE 2,Berline,9/1/2021,,1992
16972,FORD,FOCUS 1,Berline,10/1/1998,9/30/2004,1477
16973,FORD,FOCUS 1 BREAK,Break,10/1/1998,12/31/2004,1477
16974,FORD,FOCUS 2 PHASE 1,Berline,9/1/2004,12/31/2007,1478
16977,FORD,FOCUS 2 PHASE 1 BREAK,Break,9/1/2004,12/31/2007,1478
16979,FORD,FOCUS 2 PHASE 1 CABRIOLET,Cabriolet,10/1/2006,12/31/2007,1478
16975,FORD,FOCUS 2 PHASE 2,Berline,1/1/2008,12/31/2010,1478
16976,FORD,FOCUS 2 PHASE 2 BREAK,Break,1/1/2008,12/31/2010,1478
16978,FORD,FOCUS 2 PHASE 2 CABRIOLET,Cabriolet,1/1/2008,12/31/2010,1478
16981,FORD,FOCUS 3 PHASE 1,Berline,1/1/2011,4/30/2015,1479
16983,FORD,FOCUS 3 PHASE 1 BREAK,Break,1/1/2011,4/30/2015,1479
16980,FORD,FOCUS 3 PHASE 2,Berline,11/1/2014,,1479
16982,FORD,FOCUS 3 PHASE 2 BREAK,Break,11/1/2014,,1479
16984,FORD,FOCUS 4,Berline,9/1/2018,,2062
16985,FORD,FOCUS 4 BREAK,Break,9/1/2018,,2062
16986,FORD,FUSION PHASE 1,Berline,9/1/2002,10/31/2005,2059
16987,FORD,FUSION PHASE 2,Berline,10/1/2005,9/30/2011,1515
16989,FORD,GALAXY 1 PHASE 1,Monospace,11/1/1995,8/31/2000,1408
16988,FORD,GALAXY 1 PHASE 2,Monospace,8/1/2000,6/30/2006,1409
16990,FORD,GALAXY 2 PHASE 1,Monospace,6/1/2006,3/31/2010,1410
16991,FORD,GALAXY 2 PHASE 2,Monospace,3/1/2010,9/30/2015,1410
16992,FORD,GALAXY 3 PHASE 1,Monospace,6/1/2015,3/31/2019,1411
20053,FORD,GALAXY 3 PHASE 2,Monospace,3/1/2019,,1411
16993,FORD,GRANADA 2,Berline,8/1/1977,6/30/1985,2577
16994,FORD,GRANADA 2 BREAK,Break,8/1/1977,6/30/1985,2577
16995,FORD,GRAND C-MAX 2 PHASE 1,Monospace,9/1/2010,10/31/2015,1483
16996,FORD,GRAND C-MAX 2 PHASE 2,Monospace,6/1/2015,,1483
16997,FORD,GT,Berline,9/1/2016,,3447
16998,FORD,KA 1 PHASE 1,Berline,10/1/1996,10/31/2008,1507
16999,FORD,KA 2 PHASE 2,Berline,10/1/2008,,1508
17000,FORD,KA+,Berline,6/1/2016,,2957
17001,FORD,KUGA 1,SUV,3/1/2008,12/31/2012,1538
17003,FORD,KUGA 2 PHASE 1,SUV,9/1/2012,10/31/2016,1539
17002,FORD,KUGA 2 PHASE 2,SUV,10/1/2016,,1539
19785,FORD,KUGA 3,SUV,7/1/2019,,2296
17005,FORD,MAVERICK 1 PHASE 1,Tout-Terrain,6/1/1993,6/30/1996,1789
17004,FORD,MAVERICK 1 PHASE 2,Tout-Terrain,7/1/1996,7/31/2000,1789
17006,FORD,MAVERICK 2,Tout-Terrain,7/1/2000,,1790
17008,FORD,MONDEO 1 PHASE 1,Berline,1/1/1993,9/30/1996,1473
17010,FORD,MONDEO 1 PHASE 1 BREAK,Break,1/1/1993,9/30/1996,1473
17007,FORD,MONDEO 1 PHASE 2,Berline,10/1/1996,9/30/2000,1474
17009,FORD,MONDEO 1 PHASE 2 BREAK,Break,10/1/1996,9/30/2000,1474
17011,FORD,MONDEO 2,Berline,9/1/2000,6/30/2007,1407
17012,FORD,MONDEO 2 BREAK,Break,9/1/2000,6/30/2007,1407
17013,FORD,MONDEO 3 PHASE 1,Berline,6/1/2007,9/30/2010,1475
17016,FORD,MONDEO 3 PHASE 1 BREAK,Break,6/1/2007,9/30/2010,1475
17014,FORD,MONDEO 3 PHASE 2,Berline,9/1/2010,3/31/2015,1475
17015,FORD,MONDEO 3 PHASE 2 BREAK,Break,9/1/2010,3/31/2015,1475
17017,FORD,MONDEO 4 PHASE 1,Berline,3/1/2015,12/31/2018,1476
17018,FORD,MONDEO 4 PHASE 1 BREAK,Break,3/1/2015,12/31/2018,1476
17019,FORD,MONDEO 4 PHASE 2,Berline,1/1/2019,,1476
17020,FORD,MONDEO 4 PHASE 2 BREAK,Break,1/1/2019,,1476
17021,FORD,MUSTANG 5 CABRIOLET,Cabriolet,12/1/2005,12/31/2010,1501
17023,FORD,MUSTANG 7 CABRIOLET,Cabriolet,7/1/2015,,1502
17022,FORD,MUSTANG 7 COUPE,Coupé,7/1/2015,,1502
20054,FORD,MUSTANG MACH-E COUPE,Coupé,8/1/2020,,3137
17024,FORD,ORION 1 PHASE 1,Berline,10/1/1983,1/31/1986,1521
17025,FORD,ORION 1 PHASE 2,Berline,2/1/1986,10/31/1990,1522
17026,FORD,ORION 2 PHASE 1,Berline,11/1/1990,9/30/1992,1523
17027,FORD,ORION 2 PHASE 2,Berline,10/1/1992,1/31/1994,1523
17028,FORD,PROBE COUPE,Coupé,9/1/1989,9/30/1998,1514
19803,FORD,PUMA 2,SUV,9/1/2019,,3091
17029,FORD,PUMA COUPE,Coupé,6/1/1997,9/30/2002,1524
17030,FORD,RANGER 1,Pickup,9/1/2000,9/30/2002,1509
17031,FORD,RANGER 2,Pickup,9/1/2002,12/31/2006,1509
17033,FORD,RANGER 3 PHASE 1,Pickup,1/1/2007,5/31/2009,1510
17032,FORD,RANGER 3 PHASE 2,Pickup,5/1/2009,11/30/2011,1510
17034,FORD,RANGER 4 PHASE 1,Pickup,1/1/2012,12/31/2015,1511
17035,FORD,RANGER 4 PHASE 2,Pickup,5/1/2015,,1511
20017,FORD,RANGER 4 PHASE 3,Pickup,2/1/2019,,2777
17048,FORD,S-MAX 1 PHASE 1,Monospace,5/1/2006,3/31/2010,1512
17047,FORD,S-MAX 1 PHASE 2,Monospace,3/1/2010,5/31/2015,1512
17049,FORD,S-MAX 2,Monospace,6/1/2015,,1513
17036,FORD,SCORPIO 1 PHASE 1,Berline,7/1/1985,2/29/1992,1492
17037,FORD,SCORPIO 1 PHASE 2,Berline,2/1/1992,9/30/1994,1493
17038,FORD,SCORPIO 1 PHASE 2 BREAK,Break,2/1/1992,9/30/1994,1493
17039,FORD,SCORPIO 2,Berline,10/1/1994,9/30/1998,1494
17040,FORD,SCORPIO 2 BREAK,Break,10/1/1994,9/30/1998,1494
17042,FORD,SIERRA PHASE 1,Berline,9/1/1982,1/31/1987,1495
17043,FORD,SIERRA PHASE 1 BREAK,Break,9/1/1982,1/31/1987,1495
17041,FORD,SIERRA PHASE 2,Berline,2/1/1987,6/30/1993,1496
17044,FORD,SIERRA PHASE 2 BREAK,Break,2/1/1987,6/30/1991,1496
17045,FORD,SIERRA PHASE 3,Berline,7/1/1991,1/31/1993,1496
17046,FORD,SIERRA PHASE 3 BREAK,Break,7/1/1991,1/31/1993,1496
17050,FORD,STREETKA CABRIOLET,Cabriolet,1/1/2003,12/31/2005,2578
17051,FORD,TAUNUS,Berline,6/1/1981,9/30/1982,3255
17052,FORD,TAUNUS BREAK,Break,6/1/1981,9/30/1982,3255
17053,FORD,TOURNEO 2,Combi,10/1/1994,8/31/2000,1541
17056,FORD,TOURNEO CONNECT 1 PHASE 1,Minibus,3/1/2003,4/30/2009,1504
17054,FORD,TOURNEO CONNECT 1 PHASE 2,Minibus,12/1/2005,12/31/2013,1504
17055,FORD,TOURNEO CONNECT 1 PHASE 3,Minibus,4/1/2009,12/31/2013,1505
17057,FORD,TOURNEO CONNECT 2 PHASE 1,Minibus,9/1/2013,2/28/2019,1506
19908,FORD,TOURNEO CONNECT 2 PHASE 2,Minibus,2/1/2019,,1506
20386,FORD,TOURNEO CONNECT 3,Minibus,1/1/2022,,3219
19544,FORD,TOURNEO COURIER PHASE 1,Monospace,2/1/2014,10/31/2018,2063
19547,FORD,TOURNEO COURIER PHASE 2,Monospace,10/1/2018,,2063
17059,FORD,TOURNEO CUSTOM PHASE 1,Minibus,10/1/2012,2/28/2019,2129
19558,FORD,TOURNEO CUSTOM PHASE 2,Minibus,3/1/2019,,2129
17062,FORD,TRANSIT 1,Fourgon,11/1/1977,10/31/1986,2299
17061,FORD,TRANSIT 1 PHASE 1,Fourgon,4/1/1971,3/31/1978,2298
17060,FORD,TRANSIT 1 PHASE 2,Minibus,3/1/1978,2/28/1986,2299
17064,FORD,TRANSIT 2 PHASE 1,Fourgon,1/1/1986,12/31/1991,1468
17063,FORD,TRANSIT 2 PHASE 2,Fourgon,10/1/1991,8/31/2000,1468
17065,FORD,TRANSIT 3,Chassis,8/1/2000,12/31/2006,1470
17066,FORD,TRANSIT 4,Fourgon,9/1/2006,,1471
20372,FORD,TRANSIT 5 E-TRANSIT PHASE 2,Fourgon,5/1/2019,,2781
19537,FORD,TRANSIT 5 PHASE 1,Chassis,2/1/2014,5/31/2019,1472
19559,FORD,TRANSIT 5 PHASE 1,Minibus,2/1/2014,5/31/2019,1472
19585,FORD,TRANSIT 5 PHASE 1,Fourgon,2/1/2014,5/31/2019,1472
19607,FORD,TRANSIT 5 PHASE 2,Chassis,5/1/2019,,2781
19776,FORD,TRANSIT 5 PHASE 2,Fourgon,5/1/2019,,2781
19801,FORD,TRANSIT 5 PHASE 2,Minibus,5/1/2019,,2781
17070,FORD,TRANSIT CONNECT 1 PHASE 1,Fourgon,1/1/2003,12/31/2005,1504
17069,FORD,TRANSIT CONNECT 1 PHASE 2,Fourgon,12/1/2005,4/30/2009,1504
17068,FORD,TRANSIT CONNECT 1 PHASE 3,Fourgon,4/1/2009,12/31/2013,1505
17072,FORD,TRANSIT CONNECT 2 LONG PHASE 1,Fourgon,9/1/2013,2/28/2019,1506
19773,FORD,TRANSIT CONNECT 2 LONG PHASE 2,Fourgon,3/1/2019,,1506
19541,FORD,TRANSIT CONNECT 2 PHASE 1,Fourgon,9/1/2013,2/28/2019,1506
19513,FORD,TRANSIT CONNECT 2 PHASE 2,Fourgon,3/1/2019,,1506
19545,FORD,TRANSIT COURIER PHASE 1,Fourgon,2/1/2014,10/31/2018,2853
19546,FORD,TRANSIT COURIER PHASE 2,Fourgon,10/1/2018,,2853
20069,FORD,TRANSIT COURIER PHASE 2,Combi,10/1/2018,,2853
17074,FORD,TRANSIT CUSTOM PHASE 1,Minibus,10/1/2012,12/31/2017,2128
19556,FORD,TRANSIT CUSTOM PHASE 2,Fourgon,12/1/2017,,2128
19601,FORD,TRANSIT CUSTOM PHASE 2,Minibus,12/1/2017,,2128
17075,FORD,WINDSTAR,Monospace,9/1/1993,2/28/1999,1840
19744,GAC GONOW,GA500,Chassis,6/1/2015,,3510
19742,GAC GONOW,WAY,Chassis,1/1/2014,,3509
19743,GAC GONOW,WAY,Fourgon,1/1/2014,,3509
20036,GOUPIL,G4,Chassis,1/1/2016,,3431
20042,GOUPIL,G4,Fourgon,1/1/2016,,3431
20043,GOUPIL,G4 BENNE,Benne,1/1/2016,,3431
19757,GOUPIL,G4L,Fourgon,1/1/2016,,3431
19761,GOUPIL,G4L,Chassis,1/1/2016,,3431
19760,GOUPIL,G4L BENNE,Benne,1/1/2016,,3431
19680,GREAT WALL,STEED 6,Chassis,12/1/2016,,3489
19942,HONDA,CITY,Berline,1/1/2006,9/30/2008,2497
19943,HONDA,CITY,Berline,10/1/2008,11/30/2011,2498
20320,HONDA,CIVIC 10 PHASE 1,Berline,2/1/2017,1/31/2020,2104
20326,HONDA,CIVIC 10 PHASE 2,Berline,2/1/2020,,3041
17132,HONDA,CR-V 5,SUV,6/1/2018,,2119
17133,HONDA,CRX 1 COUPE,Coupé,7/1/1984,10/31/1987,2499
17134,HONDA,CRX 2 COUPE,Coupé,10/1/1987,3/31/1993,2500
19938,HONDA,E,Berline,1/1/2020,,2849
17141,HONDA,HR-V 2 PHASE 1,SUV,6/1/2015,11/30/2018,1941
17142,HONDA,HR-V 2 PHASE 2,SUV,11/1/2018,,1941
17150,HONDA,JAZZ 4 PHASE 1,Berline,6/1/2015,,1999
17151,HONDA,JAZZ 4 PHASE 2,Berline,8/1/2017,,1999
17157,HONDA,LEGEND 3 PHASE 2,Berline,10/1/1998,3/31/2001,1834
17158,HONDA,LEGEND 4,Berline,9/1/2006,10/31/2009,2090
20197,HYUNDAI,BAYON,SUV,6/1/2021,,3090
17180,HYUNDAI,CENTENNIAL,Berline,8/1/2000,11/30/2008,3099
20254,HYUNDAI,ELANTRA 3,Berline,2/1/2016,,2924
17187,HYUNDAI,EQUUS,Berline,6/1/2011,,3295
17197,HYUNDAI,H 350,Fourgon,6/1/2015,,3210
17202,HYUNDAI,I 10 1 PHASE 1,Berline,3/1/2008,12/31/2010,2253
17201,HYUNDAI,I 10 1 PHASE 2,Berline,1/1/2011,12/31/2013,2253
17203,HYUNDAI,I 10 2 PHASE 1,Berline,10/1/2013,9/30/2016,2254
17204,HYUNDAI,I 10 2 PHASE 2,Berline,9/1/2016,,2254
19800,HYUNDAI,I 10 3,Berline,9/1/2019,,2255
17207,HYUNDAI,I 20 2 PHASE 1,Berline,3/1/2015,7/31/2018,1904
17208,HYUNDAI,I 20 2 PHASE 2,Berline,7/1/2018,,1904
20143,HYUNDAI,I 20 3,Berline,8/1/2020,,2250
17217,HYUNDAI,I 30 3,Berline,1/1/2017,,1942
17218,HYUNDAI,I 30 3 BREAK,Break,1/1/2017,,1942
19510,HYUNDAI,I 30 3 FASTBACK,Berline,1/1/2017,,3407
17223,HYUNDAI,IONIQ,Berline,3/1/2016,,1916
20199,HYUNDAI,IONIQ 5,SUV,6/1/2021,,3071
17228,HYUNDAI,IX 55,SUV,9/1/2008,12/31/2012,1880
20325,HYUNDAI,KONA PHASE 1,SUV,7/1/2017,12/31/2020,1957
20332,HYUNDAI,KONA PHASE 2,SUV,1/1/2021,,1957
17231,HYUNDAI,LANTRA 1,Berline,10/1/1990,11/30/1995,1846
17232,HYUNDAI,LANTRA 2,Berline,9/1/1992,12/31/1998,1847
17233,HYUNDAI,LANTRA 2 BREAK,Break,1/1/1996,10/31/2000,1847
20067,HYUNDAI,NEXO,SUV,5/1/2018,,2910
20039,HYUNDAI,SANTA FE 4,SUV,7/1/2018,,2055
17244,HYUNDAI,SANTAMO,Monospace,12/1/1998,12/31/2003,2146
17257,HYUNDAI,TUCSON 1,Tout-Terrain,9/1/2004,10/31/2010,2219
17258,HYUNDAI,TUCSON 2 PHASE 1,SUV,9/1/2015,6/30/2018,2220
17259,HYUNDAI,TUCSON 2 PHASE 2,SUV,6/1/2018,,2220
20065,HYUNDAI,TUCSON 3,SUV,10/1/2020,,2801
17260,HYUNDAI,VELOSTER COUPE,Coupé,5/1/2011,,2301
17263,INFINITI,EX,SUV,10/1/2008,2/28/2014,1887
17270,INFINITI,M,Berline,10/1/2010,10/31/2015,2083
17271,INFINITI,Q30,SUV,10/1/2015,,2881
17272,INFINITI,Q50 PHASE 1,Berline,1/1/2013,1/31/2017,2031
17273,INFINITI,Q50 PHASE 2,Berline,1/1/2017,,2031
17275,INFINITI,Q60 1 CABRIOLET,Cabriolet,1/1/2014,9/30/2016,2193
17274,INFINITI,Q60 1 COUPE,Coupé,1/1/2014,9/30/2016,2193
17276,INFINITI,Q60 2 COUPE,Coupé,9/1/2016,,2193
17277,INFINITI,Q70,Berline,1/1/2014,,2797
17278,INFINITI,QX30,SUV,6/1/2016,,1980
17279,INFINITI,QX50,SUV,12/1/2013,,2158
17281,INFINITI,QX70,SUV,11/1/2013,,2382
17282,INFINITI,QX80,SUV,9/1/2013,,2855
17290,IVECO,DAILY 1,Fourgon,9/1/1978,5/31/1989,3281
17291,IVECO,DAILY 2 PHASE 1,Minibus,5/1/1989,5/31/1996,3281
17292,IVECO,DAILY 2 PHASE 2,Minibus,5/1/1996,5/31/1999,3281
17293,IVECO,DAILY 3,Minibus,5/1/1999,4/30/2006,2864
17295,IVECO,DAILY 4 PHASE 1,Fourgon,4/1/2006,4/30/2009,2863
17294,IVECO,DAILY 4 PHASE 2,Fourgon,4/1/2009,8/31/2011,2863
17296,IVECO,DAILY 5,Fourgon,8/1/2011,6/30/2014,2974
17297,IVECO,DAILY 6,Fourgon,6/1/2014,,1991
19565,IVECO,DAILY 6,Chassis,6/1/2014,,1991
17298,IVECO,MASSIF,Chassis,10/1/2008,,3492
20163,JAGUAR,E-PACE PHASE 1,SUV,9/1/2017,3/31/2021,1976
20162,JAGUAR,E-PACE PHASE 2,SUV,4/1/2021,,1976
20319,JAGUAR,F-PACE PHASE 1,SUV,2/1/2016,10/31/2020,1977
20333,JAGUAR,F-PACE PHASE 2,SUV,11/1/2020,,1977
17302,JAGUAR,F-TYPE PHASE 1 CABRIOLET,Cabriolet,1/1/2013,7/31/2017,2147
17301,JAGUAR,F-TYPE PHASE 1 COUPE,Coupé,1/1/2014,7/31/2017,2147
17303,JAGUAR,F-TYPE PHASE 2 CABRIOLET,Cabriolet,7/1/2017,,2147
17304,JAGUAR,F-TYPE PHASE 2 COUPE,Coupé,7/1/2017,,2147
17305,JAGUAR,I-PACE PHASE 1,SUV,2/1/2018,8/31/2020,2008
20382,JAGUAR,I-PACE PHASE 2,SUV,9/1/2020,,2008
17308,JAGUAR,XE,Berline,6/1/2015,,2092
17309,JAGUAR,XF 1 BREAK,Break,10/1/2012,,2827
17311,JAGUAR,XF 1 PHASE 1,Berline,4/1/2008,5/31/2011,2827
17310,JAGUAR,XF 1 PHASE 2,Berline,5/1/2011,6/30/2015,2827
17312,JAGUAR,XF 2,Berline,6/1/2015,,2828
17313,JAGUAR,XF 2 BREAK,Break,8/1/2017,,2828
20088,JAGUAR,XF SPORTBRAKE 2 BREAK,Break,1/1/2021,,2828
17339,JEEP,CHEROKEE 1 PHASE 1,Tout-Terrain,1/1/1993,4/30/1997,3220
17338,JEEP,CHEROKEE 1 PHASE 2,Tout-Terrain,5/1/1997,10/31/2001,3220
17340,JEEP,CHEROKEE 2 PHASE 1,Tout-Terrain,10/1/2001,9/30/2004,3049
17341,JEEP,CHEROKEE 2 PHASE 2,Tout-Terrain,9/1/2004,12/31/2007,3049
17343,JEEP,CHEROKEE 4,Tout-Terrain,1/1/2014,,2024
17344,JEEP,CJ,Tout-Terrain,1/1/1983,12/31/1987,3424
20269,JEEP,GLADIATOR,Tout-Terrain,8/1/2020,,2960
17359,JEEP,RENEGADE PHASE 1,SUV,9/1/2014,5/31/2018,1975
17360,JEEP,RENEGADE PHASE 2,SUV,5/1/2018,,1975
17377,KIA,CARSTAR,Monospace,7/1/1999,12/31/2002,3451
17386,KIA,CEE-D 3 PHASE 1,Berline,3/1/2018,9/30/2021,1948
20226,KIA,CEE-D 3 PHASE 2,Berline,10/1/2021,,1948
17387,KIA,CEE-D 3 SPORT WAGON PHASE 1 BREAK,Break,3/1/2018,9/30/2021,1948
20227,KIA,CEE-D 3 SPORT WAGON PHASE 2 BREAK,Break,10/1/2021,,1948
20230,KIA,EV6,SUV,8/1/2021,,3033
17392,KIA,K 2,Chassis,1/1/2009,,3450
20299,KIA,NIRO 1,SUV,6/1/2016,,2026
20298,KIA,NIRO 1 PHASE 1,SUV,1/1/2016,,2026
20446,KIA,NIRO 1 PHASE 2,SUV,6/1/2016,,2026
20436,KIA,NIRO 1 PHASE 2,SUV,6/1/2019,,2026
20385,KIA,NIRO 2,SUV,3/1/2022,,3335
17400,KIA,OPTIMA 1 PHASE 1,Berline,1/1/2011,12/31/2013,1951
17401,KIA,OPTIMA 1 PHASE 2,Berline,12/1/2013,12/31/2015,1951
17404,KIA,OPTIMA 2 PHASE 1,Berline,12/1/2015,12/31/2018,1952
17402,KIA,OPTIMA 2 PHASE 1 BREAK,Break,10/1/2016,12/31/2018,1952
17399,KIA,OPTIMA 2 PHASE 2,Berline,11/1/2018,,1952
19549,KIA,OPTIMA 2 PHASE 2 BREAK,Break,11/1/2018,,1952
17409,KIA,PICANTO 3,Berline,3/1/2017,,1946
17413,KIA,PRO-CEED 1 PHASE 1,Berline,1/1/2008,3/31/2011,3001
17414,KIA,PRO-CEED 1 PHASE 2,Berline,9/1/2009,2/28/2013,3001
17415,KIA,PRO-CEED 2 PHASE 1 COUPE,Coupé,3/1/2013,6/30/2015,2932
17416,KIA,PRO-CEED 2 PHASE 2 COUPE,Coupé,6/1/2015,,2932
17418,KIA,PRO-CEED 3 BREAK,Break,1/1/2019,,3032
17419,KIA,RETONA,Tout-Terrain,5/1/1999,,2303
17426,KIA,RIO 4 PHASE 1,Berline,11/1/2016,10/31/2020,1947
20288,KIA,RIO 4 PHASE 2,Berline,11/1/2020,,1947
17435,KIA,SORENTO 3 PHASE 1,SUV,2/1/2015,7/31/2017,1978
20087,KIA,SORENTO 4,SUV,3/1/2020,,3053
17447,KIA,SPORTAGE 4,SUV,2/1/2016,,1928
20273,KIA,SPORTAGE 5,SUV,1/1/2022,,3046
17448,KIA,STINGER,Berline,9/1/2017,,1931
17449,KIA,STONIC,SUV,6/1/2017,,2072
19599,KIA,XCEE-D,SUV,7/1/2019,,2775
19732,KTM,X-BOW CABRIOLET,Cabriolet,7/1/2008,,3125
17452,LADA,110,Berline,10/1/1998,12/31/2005,2384
17453,LADA,111 BREAK,Break,10/1/1998,12/31/2007,2385
17454,LADA,112,Berline,10/1/2000,12/31/2007,2384
17455,LADA,1200,Berline,1/1/1971,6/30/1988,3363
17456,LADA,1200 BREAK,Break,1/1/1971,6/30/1985,3363
17458,LADA,KALINA 1117 BREAK,Break,1/1/2010,,2959
17459,LADA,KALINA 1118,Berline,9/1/2006,,2959
17460,LADA,KALINA 1119,Berline,1/1/2007,,2959
17464,LADA,PRIORA 2171 BREAK,Break,1/1/2010,,3497
17465,LADA,PRIORA 2172,Berline,1/1/2010,,3497
17466,LADA,SAGONA,Berline,10/1/1991,12/31/2003,3496
19639,LAMBORGHINI,AVENTADOR CABRIOLET,Cabriolet,4/1/2013,,3119
19638,LAMBORGHINI,AVENTADOR COUPE,Coupé,3/1/2011,,3119
20358,LAMBORGHINI,AVENTADOR TARGA CABRIOLET,Cabriolet,4/1/2013,,3119
19628,LAMBORGHINI,HURACAN CABRIOLET,Cabriolet,7/1/2015,,2888
19627,LAMBORGHINI,HURACAN COUPE,Coupé,5/1/2014,,2888
19612,LAMBORGHINI,URUS COUPE,Coupé,2/1/2018,,2898
17474,LANCIA,DELTA 1 PHASE 1,Berline,7/1/1979,6/30/1986,3353
17475,LANCIA,DELTA 1 PHASE 2,Berline,7/1/1986,12/31/1995,3353
17476,LANCIA,DELTA 2,Berline,9/1/1993,12/31/1999,3354
17477,LANCIA,DELTA 3,Berline,7/1/2008,,3355
17478,LANCIA,FLAVIA CABRIOLET,Cabriolet,6/1/2012,6/30/2014,3293
17479,LANCIA,GAMMA,Berline,1/1/1978,6/30/1985,2308
17480,LANCIA,GAMMA COUPE,Coupé,1/1/1978,6/30/1985,2308
17497,LANCIA,TREVI,Berline,7/1/1981,6/30/1986,3425
17507,LAND ROVER,88/109,Tout-Terrain,9/1/1963,12/31/1986,3498
19988,LAND ROVER,DEFENDER 5 LIMITED,Tout-Terrain,1/1/2020,,2165
17522,LAND ROVER,DISCOVERY 5,Tout-Terrain,10/1/2016,,1982
17523,LAND ROVER,DISCOVERY SPORT PHASE 1,Tout-Terrain,9/1/2014,5/31/2019,1989
19717,LAND ROVER,DISCOVERY SPORT PHASE 2,Tout-Terrain,6/1/2019,,1989
17543,LAND ROVER,RANGE ROVER 2 EVOQUE,Tout-Terrain,12/1/2018,,2248
20359,LAND ROVER,RANGE ROVER 5,Tout-Terrain,10/1/2021,,3253
17548,LAND ROVER,RANGE ROVER VELAR,Tout-Terrain,3/1/2017,,2010
17552,LEXUS,ES,Berline,7/1/2018,,3416
17556,LEXUS,GS 4 PHASE 1,Berline,10/1/2013,2/29/2016,1864
17557,LEXUS,GS 4 PHASE 2,Berline,2/1/2016,,1864
20184,LEXUS,GX 470,SUV,11/1/2001,11/30/2009,3075
20021,LEXUS,LC CABRIOLET,Cabriolet,1/1/2018,,2162
17569,LEXUS,LC COUPE,Coupé,1/1/2018,,2162
17572,LEXUS,LS PHASE 2,Berline,3/1/1995,12/31/2000,3235
17583,LEXUS,RC COUPE,Coupé,11/1/2014,,2812
17586,LEXUS,RX 1,SUV,12/1/2000,5/31/2003,3233
17585,LEXUS,RX 3 PHASE 1,SUV,6/1/2009,3/31/2013,3232
17589,LEXUS,RX 3 PHASE 2,SUV,1/1/2013,,3232
17590,LEXUS,RX 4 PHASE 1,SUV,11/1/2015,8/31/2019,2944
19990,LEXUS,RX 4 PHASE 2,SUV,8/1/2019,,2944
17592,LEXUS,UX,SUV,12/1/2018,,2169
20098,LIGIER PROFESSIONAL,AMBRA,Berline,8/1/1999,12/31/2006,3093
19791,LIGIER PROFESSIONAL,PULSE 4,Fourgon,10/1/2014,,3464
19792,LIGIER PROFESSIONAL,PULSE 4,Chassis,10/1/2014,,3464
19789,LIGIER PROFESSIONAL,PULSE 4,Fourgon,4/1/2019,,3464
19790,LIGIER PROFESSIONAL,PULSE 4,Chassis,4/1/2019,,3464
19648,LOTUS,EVORA COUPE,Coupé,5/1/2009,,3023
19691,LOTUS,EXIGE CABRIOLET,Cabriolet,6/1/2012,,3270
19611,LOTUS,EXIGE COUPE,Coupé,6/1/2012,,3270
20261,LOTUS,EXIGE SPORT 390 COUPE,Coupé,3/1/2021,,3270
20259,LOTUS,EXIGE SPORT 420 COUPE,Coupé,11/1/2017,,3270
20198,LYNK&CO,1,SUV,7/1/2018,,3356
17593,MAN,TGE,Fourgon,5/1/2017,,2936
19762,MAN,TGE,Chassis,5/1/2017,,2936
19683,MASERATI,GHIBLI 3 PHASE 1,Berline,8/1/2013,9/30/2017,1964
19629,MASERATI,GHIBLI 3 PHASE 2,Berline,9/1/2017,,1964
19646,MASERATI,GRANCABRIO CABRIOLET,Cabriolet,2/1/2013,,3303
19741,MASERATI,GRANTURISMO COUPE,Coupé,5/1/2012,,2179
20465,MASERATI,GRECALE,SUV,6/1/2022,,3123
19624,MASERATI,LEVANTE,SUV,6/1/2016,,1990
20250,MASERATI,MC20 COUPE,Coupé,9/1/2020,,3070
19759,MAXUS,V80,Fourgon,4/1/2018,,3022
17596,MAZDA,121 3 PHASE 1,Berline,3/1/1996,6/30/1997,2336
17597,MAZDA,121 3 PHASE 2,Berline,6/1/1997,8/31/2002,2336
17601,MAZDA,2 3 PHASE 1,Berline,1/1/2015,7/31/2019,2053
19982,MAZDA,2 3 PHASE 2,Berline,7/1/2019,,2951
17607,MAZDA,3 3 PHASE 2,Berline,10/1/2016,,2815
17608,MAZDA,45355,Berline,1/1/2019,,2257
17638,MAZDA,6 3 PHASE 2,Berline,6/1/2017,,1933
17639,MAZDA,6 3 PHASE 2 BREAK,Break,6/1/2017,,1933
17640,MAZDA,616,Berline,6/1/1973,2/28/1978,1008
17669,MAZDA,BONGO SERIE E,Chassis,6/1/1989,,3490
17670,MAZDA,BT 50 1,Pickup,1/1/2007,10/31/2008,1002
17671,MAZDA,BT 50 2,Pickup,10/1/2008,1/31/2012,1002
19594,MAZDA,CX-30,SUV,7/1/2019,,2138
20469,MAZDA,CX-60,SUV,6/1/2022,,3212
17672,MAZDA,CX3 PHASE 1,SUV,4/1/2015,8/31/2019,1927
19705,MAZDA,CX3 PHASE 2,SUV,9/1/2019,,1927
17674,MAZDA,CX5 1 PHASE 1,SUV,1/1/2012,4/30/2015,1010
17675,MAZDA,CX5 1 PHASE 2,SUV,4/1/2015,,1010
17676,MAZDA,CX5 2 PHASE 1,SUV,3/1/2017,9/30/2021,3018
20348,MAZDA,CX5 2 PHASE 2,SUV,10/1/2021,,3018
17677,MAZDA,CX7 PHASE 1,SUV,4/1/2007,12/31/2009,1005
17678,MAZDA,CX7 PHASE 2,SUV,10/1/2009,,1005
17679,MAZDA,CX9,SUV,10/1/2009,,1011
17682,MAZDA,E 2200,Chassis,3/1/1991,7/31/2004,1000
17683,MAZDA,MPV 1,Monospace,10/1/1996,9/30/1999,1001
17684,MAZDA,MPV 2,Monospace,1/1/2000,3/31/2005,2805
20018,MAZDA,MX 30,SUV,5/1/2020,,2917
17692,MAZDA,MX5 4 CABRIOLET,Cabriolet,6/1/2015,,1944
17693,MAZDA,MX6 COUPE,Coupé,1/1/1992,12/31/1995,1004
17702,MAZDA,TRIBUTE,Tout-Terrain,1/1/2002,3/31/2005,1003
17704,MAZDA,XEDOS 9 PHASE 1,Berline,2/1/1994,10/31/2000,1837
17705,MAZDA,XEDOS 9 PHASE 2,Berline,10/1/2000,8/31/2002,1837
19672,MC LAREN,540C COUPE,Coupé,4/1/2015,,3434
19681,MC LAREN,570GT COUPE,Coupé,6/1/2016,,3120
19663,MC LAREN,570S CABRIOLET,Cabriolet,7/1/2017,,3120
19664,MC LAREN,570S COUPE,Coupé,4/1/2015,,3120
19634,MC LAREN,600LT CABRIOLET,Cabriolet,2/1/2019,,3240
19636,MC LAREN,600LT COUPE,Coupé,9/1/2018,,3240
19687,MC LAREN,650S CABRIOLET,Cabriolet,2/1/2014,,2938
19637,MC LAREN,720S CABRIOLET,Cabriolet,2/1/2019,,3050
19645,MC LAREN,720S COUPE,Coupé,3/1/2017,,3050
20064,MC LAREN,765LT COUPE,Coupé,3/1/2020,,3437
19989,MC LAREN,GT COUPE,Coupé,7/1/2018,,3254
19635,MC LAREN,SENNA COUPE,Coupé,7/1/2018,,3438
17707,MERCEDES,190 W201 PHASE 1,Berline,4/1/1983,9/30/1988,1591
17706,MERCEDES,190 W201 PHASE 2,Berline,9/1/1988,6/30/1993,1591
17708,MERCEDES,200 T123 BREAK,Break,2/1/1978,2/28/1986,2368
17709,MERCEDES,200 T124 PHASE 1 BREAK,Break,1/1/1986,9/30/1993,1573
17710,MERCEDES,200 W123,Berline,1/1/1974,11/30/1985,2368
17711,MERCEDES,200 W124 PHASE 1,Berline,2/1/1985,9/30/1993,1573
17716,MERCEDES,220 C124 PHASE 1 COUPE,Coupé,7/1/1987,9/30/1993,1573
17717,MERCEDES,220 W123,Berline,1/1/1974,11/30/1985,2368
17718,MERCEDES,220 W124 PHASE 1,Berline,2/1/1985,9/30/1993,1573
17719,MERCEDES,230 C123 COUPE,Coupé,1/1/1977,1/31/1986,2368
17720,MERCEDES,230 C124 PHASE 1 COUPE,Coupé,7/1/1987,9/30/1993,1573
17721,MERCEDES,230 T123 BREAK,Break,2/1/1978,1/31/1986,2368
17722,MERCEDES,230 T124 PHASE 1 BREAK,Break,1/1/1986,9/30/1993,1573
17723,MERCEDES,230 W123,Berline,1/1/1974,11/30/1985,2368
17724,MERCEDES,230 W124 PHASE 1,Berline,2/1/1985,9/30/1993,1573
17725,MERCEDES,240 T123 BREAK,Break,2/1/1978,1/31/1986,2368
17726,MERCEDES,240 W115,Berline,8/1/1974,11/30/1976,1626
17727,MERCEDES,240 W123,Berline,1/1/1974,11/30/1985,2368
17728,MERCEDES,240 W124 PHASE 1,Berline,2/1/1985,9/30/1993,1573
17729,MERCEDES,250 T123 BREAK,Break,5/1/1978,8/31/1982,2368
17730,MERCEDES,250 T124 PHASE 1 BREAK,Break,1/1/1986,9/30/1993,1573
17731,MERCEDES,250 W123,Berline,1/1/1974,11/30/1985,2368
17732,MERCEDES,250 W124 PHASE 1,Berline,2/1/1985,9/30/1993,1573
17733,MERCEDES,260 W124 PHASE 1,Berline,2/1/1985,9/30/1993,1573
17734,MERCEDES,280 C123 COUPE,Coupé,1/1/1977,1/31/1986,2368
17735,MERCEDES,280 T124 PHASE 1 BREAK,Break,1/1/1986,9/30/1993,1573
17736,MERCEDES,280 W123,Berline,1/1/1974,11/30/1985,2368
17737,MERCEDES,280 W124 PHASE 1,Berline,2/1/1985,9/30/1993,1573
17739,MERCEDES,300 C124 PHASE 1 COUPE,Coupé,7/1/1987,9/30/1993,1573
17740,MERCEDES,300 T123 BREAK,Break,2/1/1978,1/31/1986,2368
17741,MERCEDES,300 T124 PHASE 1 BREAK,Break,1/1/1986,9/30/1993,1573
17742,MERCEDES,300 W123,Berline,1/1/1974,11/30/1985,2368
17743,MERCEDES,300 W124 PHASE 1,Berline,2/1/1985,9/30/1993,1573
17751,MERCEDES,320 C124 PHASE 1 COUPE,Coupé,7/1/1987,9/30/1993,1573
17752,MERCEDES,320 T124 PHASE 1 BREAK,Break,1/1/1986,9/30/1993,1573
17753,MERCEDES,320 W124 PHASE 1,Berline,2/1/1985,9/30/1993,1573
17754,MERCEDES,407,Chassis,8/1/1981,1/31/1989,2745
17755,MERCEDES,408,Chassis,11/1/1988,6/30/1995,2745
17756,MERCEDES,409,Fourgon,4/1/1982,1/31/1989,2745
17759,MERCEDES,420 W124 PHASE 1,Berline,2/1/1985,9/30/1993,1573
17762,MERCEDES,500 W124 PHASE 1,Berline,2/1/1985,9/30/1993,1573
17765,MERCEDES,600,Berline,6/1/1964,1/31/1979,2746
17766,MERCEDES,609,Chassis,4/1/1986,12/31/1994,1641
17769,MERCEDES,AMG GT 190 CABRIOLET,Cabriolet,4/1/2017,,1983
17768,MERCEDES,AMG GT 190 COUPE,Coupé,9/1/2014,,1983
17770,MERCEDES,AMG GT 290 COUPE,Coupé,7/1/2018,,2778
20387,MERCEDES,AMG GT 63 S E PERFORMANCE 290 COUPE,Coupé,7/1/2018,,2778
17772,MERCEDES,CITAN 1 415,Fourgon,10/1/2012,12/31/2019,1649
19713,MERCEDES,CITAN 1 415,Combi,10/1/2012,12/31/2019,1649
20057,MERCEDES,CITAN 2 415,Fourgon,12/1/2019,,1649
20266,MERCEDES,CITAN 3 420,Fourgon,10/1/2021,,3065
20391,MERCEDES,CITAN 3 420,Combi,10/1/2021,,3065
17774,MERCEDES,CLASSE A 168 PHASE 1,Monospace,1/1/1998,3/31/2001,1465
17773,MERCEDES,CLASSE A 168 PHASE 2,Monospace,3/1/2001,9/30/2004,1465
17776,MERCEDES,CLASSE A 169 PHASE 1,Monospace,12/1/2004,4/30/2008,1466
17775,MERCEDES,CLASSE A 169 PHASE 2,Monospace,4/1/2008,6/30/2012,1466
17777,MERCEDES,CLASSE A 176 PHASE 1,Berline,6/1/2012,8/31/2015,1467
17778,MERCEDES,CLASSE A 176 PHASE 2,Berline,8/1/2015,,1467
17779,MERCEDES,CLASSE A 177,Berline,9/1/2018,,2166
20309,MERCEDES,CLASSE B 242 PHASE 2,Monospace,9/1/2014,,1613
17780,MERCEDES,CLASSE B 245 PHASE 1,Monospace,6/1/2005,4/30/2008,1612
17781,MERCEDES,CLASSE B 245 PHASE 2,Monospace,4/1/2008,9/30/2011,1612
17782,MERCEDES,CLASSE B 246 PHASE 1,Monospace,9/1/2011,12/31/2014,1613
17783,MERCEDES,CLASSE B 246 PHASE 2,Monospace,9/1/2014,,1613
17784,MERCEDES,CLASSE B 247,Monospace,12/1/2018,,2167
20049,MERCEDES,CLASSE B 247,SUV,8/1/2019,,2167
17787,MERCEDES,CLASSE C 202 PHASE 1,Berline,6/1/1993,6/30/1997,1582
17788,MERCEDES,CLASSE C 202 PHASE 1 BREAK,Break,6/1/1996,6/30/1997,1582
17786,MERCEDES,CLASSE C 202 PHASE 2,Berline,6/1/1997,5/31/2000,1582
17785,MERCEDES,CLASSE C 202 PHASE 2 BREAK,Break,6/1/1997,3/31/2001,1582
17806,MERCEDES,CLASSE C 203 COUPE SPORT PHASE 1,Coupé,3/1/2001,3/31/2004,1583
17807,MERCEDES,CLASSE C 203 COUPE SPORT PHASE 2,Coupé,4/1/2004,4/30/2008,1583
17789,MERCEDES,CLASSE C 203 PHASE 1,Berline,5/1/2000,3/31/2004,1583
17791,MERCEDES,CLASSE C 203 PHASE 1 BREAK,Break,3/1/2001,3/31/2004,1583
17790,MERCEDES,CLASSE C 203 PHASE 2,Berline,3/1/2004,12/31/2006,1583
17792,MERCEDES,CLASSE C 203 PHASE 2 BREAK,Break,3/1/2004,6/30/2007,1583
17793,MERCEDES,CLASSE C 204 PHASE 1,Berline,1/1/2007,12/31/2010,1584
17795,MERCEDES,CLASSE C 204 PHASE 1 BREAK,Break,1/1/2007,12/31/2010,1584
17794,MERCEDES,CLASSE C 204 PHASE 2,Berline,1/1/2011,6/30/2014,1584
17796,MERCEDES,CLASSE C 204 PHASE 2 BREAK,Break,1/1/2011,6/30/2014,1584
17797,MERCEDES,CLASSE C 204 PHASE 2 COUPE,Coupé,1/1/2011,6/30/2014,1584
17798,MERCEDES,CLASSE C 205 PHASE 1,Berline,2/1/2014,5/31/2018,1585
17799,MERCEDES,CLASSE C 205 PHASE 1 BREAK,Break,6/1/2014,5/31/2018,1585
17801,MERCEDES,CLASSE C 205 PHASE 1 CABRIOLET,Cabriolet,10/1/2015,5/31/2018,1585
17800,MERCEDES,CLASSE C 205 PHASE 1 COUPE,Coupé,10/1/2015,5/31/2018,1585
17805,MERCEDES,CLASSE C 205 PHASE 2,Berline,5/1/2018,,1585
17802,MERCEDES,CLASSE C 205 PHASE 2 BREAK,Break,5/1/2018,,1585
17803,MERCEDES,CLASSE C 205 PHASE 2 CABRIOLET,Cabriolet,5/1/2018,,1585
17804,MERCEDES,CLASSE C 205 PHASE 2 COUPE,Coupé,5/1/2018,,1585
20180,MERCEDES,CLASSE C 206,Berline,3/1/2021,,2836
20337,MERCEDES,CLASSE C 206 BREAK,Break,3/1/2021,,2836
17808,MERCEDES,CLASSE CL 215 COUPE,Coupé,1/1/2000,10/31/2006,1643
17809,MERCEDES,CLASSE CL 216 PHASE 1 COUPE,Coupé,10/1/2006,9/30/2010,1642
17810,MERCEDES,CLASSE CL 216 PHASE 2 COUPE,Coupé,9/1/2010,12/31/2013,1642
17811,MERCEDES,CLASSE CLA 117,Berline,1/1/2013,,1644
17813,MERCEDES,CLASSE CLA 117 SHOOTING BREAK,Break,2/1/2015,,1644
17812,MERCEDES,CLASSE CLA 118 COUPE,Coupé,3/1/2019,,2178
19589,MERCEDES,CLASSE CLA 118 SHOOTING BREAK,Break,3/1/2019,,2178
17814,MERCEDES,CLASSE CLC 203 COUPE,Coupé,4/1/2008,12/31/2010,1645
17817,MERCEDES,CLASSE CLK 208 PHASE 1 CABRIOLET,Cabriolet,4/1/1997,8/31/1999,1603
17815,MERCEDES,CLASSE CLK 208 PHASE 1 COUPE,Coupé,4/1/1997,8/31/1999,1603
17818,MERCEDES,CLASSE CLK 208 PHASE 2 CABRIOLET,Cabriolet,9/1/1999,5/31/2002,1603
17816,MERCEDES,CLASSE CLK 208 PHASE 2 COUPE,Coupé,9/1/1999,5/31/2002,1603
17820,MERCEDES,CLASSE CLK 209 CABRIOLET,Cabriolet,3/1/2003,12/31/2009,1600
17819,MERCEDES,CLASSE CLK 209 COUPE,Coupé,5/1/2002,12/31/2009,1600
17822,MERCEDES,CLASSE CLS 218 PHASE 1,Berline,1/1/2011,6/30/2014,1646
17824,MERCEDES,CLASSE CLS 218 PHASE 1 BREAK,Break,7/1/2012,6/30/2014,1646
17821,MERCEDES,CLASSE CLS 218 PHASE 2,Berline,6/1/2014,,1646
17823,MERCEDES,CLASSE CLS 218 PHASE 2 BREAK,Break,6/1/2014,,1646
17825,MERCEDES,CLASSE CLS 219 PHASE 1,Berline,9/1/2004,4/30/2008,1647
17826,MERCEDES,CLASSE CLS 219 PHASE 2,Berline,4/1/2008,12/31/2010,1647
17827,MERCEDES,CLASSE CLS 257,Berline,12/1/2017,,2188
17852,MERCEDES,CLASSE E 124 CABRIOLET PHASE 2,Cabriolet,9/1/1993,6/30/1998,1574
17828,MERCEDES,CLASSE E 124 PHASE 2,Berline,9/1/1993,12/31/1995,1574
17830,MERCEDES,CLASSE E 124 PHASE 2 BREAK,Break,9/1/1993,12/31/1995,1574
17829,MERCEDES,CLASSE E 124 PHASE 2 COUPE,Coupé,9/1/1993,12/31/1995,1574
17834,MERCEDES,CLASSE E 207 PHASE 1 CABRIOLET,Cabriolet,1/1/2010,3/31/2013,1578
17832,MERCEDES,CLASSE E 207 PHASE 1 COUPE,Coupé,5/1/2009,3/31/2013,1578
17833,MERCEDES,CLASSE E 207 PHASE 2 CABRIOLET,Cabriolet,3/1/2013,,1578
17831,MERCEDES,CLASSE E 207 PHASE 2 COUPE,Coupé,3/1/2013,,1578
17835,MERCEDES,CLASSE E 210 PHASE 1,Berline,6/1/1995,9/30/1999,1575
17837,MERCEDES,CLASSE E 210 PHASE 1 BREAK,Break,6/1/1995,9/30/1999,1575
17836,MERCEDES,CLASSE E 210 PHASE 2,Berline,9/1/1999,3/31/2002,1575
17838,MERCEDES,CLASSE E 210 PHASE 2 BREAK,Break,9/1/1999,3/31/2002,1575
17839,MERCEDES,CLASSE E 211 PHASE 1,Berline,3/1/2002,6/30/2006,1576
20278,MERCEDES,CLASSE E 211 PHASE 1,Chassis,3/1/2002,6/30/2006,1576
17841,MERCEDES,CLASSE E 211 PHASE 1 BREAK,Break,3/1/2002,6/30/2006,1576
17840,MERCEDES,CLASSE E 211 PHASE 2,Berline,6/1/2006,12/31/2009,1576
17842,MERCEDES,CLASSE E 211 PHASE 2 BREAK,Break,6/1/2006,12/31/2009,1576
17844,MERCEDES,CLASSE E 212 PHASE 1,Berline,3/1/2009,11/30/2012,1577
17846,MERCEDES,CLASSE E 212 PHASE 1 BREAK,Break,3/1/2009,11/30/2012,1577
17843,MERCEDES,CLASSE E 212 PHASE 2,Berline,12/1/2012,,1577
17845,MERCEDES,CLASSE E 212 PHASE 2 BREAK,Break,12/1/2012,,1577
17847,MERCEDES,CLASSE E 213,Berline,2/1/2016,,1966
19924,MERCEDES,CLASSE E 213 ALL-TERRAIN BREAK,Break,2/1/2016,,1966
17848,MERCEDES,CLASSE E 213 BREAK,Break,2/1/2016,,1966
20322,MERCEDES,CLASSE E 213 PHASE 1 BREAK,Break,2/1/2016,11/30/2021,1966
20351,MERCEDES,CLASSE E 213 PHASE 2 BREAK,Break,12/1/2021,,1966
17850,MERCEDES,CLASSE E 238 CABRIOLET,Cabriolet,2/1/2017,,2016
17849,MERCEDES,CLASSE E 238 COUPE,Coupé,2/1/2017,,2016
20079,MERCEDES,CLASSE EQA 243,SUV,6/1/2021,,2934
20279,MERCEDES,CLASSE EQB 243,SUV,12/1/2021,,3208
17854,MERCEDES,CLASSE EQC 293,SUV,4/1/2019,,2937
20360,MERCEDES,CLASSE EQE 350,Berline,1/1/2022,,3135
20361,MERCEDES,CLASSE EQE 43 AMG,Berline,1/1/2022,,3135
20221,MERCEDES,CLASSE EQS 297,Berline,7/1/2021,,3024
20032,MERCEDES,CLASSE EQV 447,SUV,6/1/2020,,3337
17855,MERCEDES,CLASSE G 460 PHASE 1,Tout-Terrain,9/1/1979,10/31/1989,1650
17856,MERCEDES,CLASSE G 461 PHASE 2,Tout-Terrain,10/1/1989,,1650
17859,MERCEDES,CLASSE G 463,Tout-Terrain,3/1/2018,,2794
17857,MERCEDES,CLASSE G 463 PHASE 2,Tout-Terrain,10/1/1989,,1650
17858,MERCEDES,CLASSE G 463 PHASE 2 CABRIOLET,Cabriolet,10/1/1989,,1650
17861,MERCEDES,CLASSE GL 164 PHASE 1,SUV,9/1/2006,6/30/2008,1653
17860,MERCEDES,CLASSE GL 164 PHASE 2,SUV,6/1/2008,12/31/2012,1653
17862,MERCEDES,CLASSE GL 166,SUV,10/1/2012,,1652
17863,MERCEDES,CLASSE GLA 156 PHASE 1,SUV,1/1/2014,2/28/2017,1654
17864,MERCEDES,CLASSE GLA 156 PHASE 2,SUV,2/1/2017,,1654
19928,MERCEDES,CLASSE GLA 247,SUV,1/1/2020,,2258
19779,MERCEDES,CLASSE GLB 247,SUV,8/1/2019,,2953
17866,MERCEDES,CLASSE GLC 253 COUPE PHASE 1,Coupé,8/1/2016,5/31/2019,3241
19554,MERCEDES,CLASSE GLC 253 COUPE PHASE 2,Coupé,5/1/2019,,3241
17865,MERCEDES,CLASSE GLC 253 PHASE 1,SUV,8/1/2016,5/31/2019,3241
19605,MERCEDES,CLASSE GLC 253 PHASE 1,SUV,8/1/2019,5/31/2019,3241
19921,MERCEDES,CLASSE GLC 253 PHASE 2,SUV,5/1/2019,,3241
17868,MERCEDES,CLASSE GLE 167,SUV,10/1/2018,,2252
19927,MERCEDES,CLASSE GLE 167 COUPE,Coupé,10/1/2018,,2252
20048,MERCEDES,CLASSE GLE 167 COUPE,SUV,10/1/2018,,2252
17869,MERCEDES,CLASSE GLE 292 COUPE,Coupé,4/1/2015,,1621
17870,MERCEDES,CLASSE GLK 204 PHASE 1,Tout-Terrain,9/1/2008,3/31/2012,1656
17871,MERCEDES,CLASSE GLK 204 PHASE 2,Tout-Terrain,6/1/2012,,1656
17872,MERCEDES,CLASSE GLS 166,SUV,10/1/2015,,2249
19696,MERCEDES,CLASSE GLS 167,SUV,10/1/2018,,2074
17874,MERCEDES,CLASSE M 163 PHASE 1,SUV,1/1/1998,9/30/2001,1383
17873,MERCEDES,CLASSE M 163 PHASE 2,SUV,9/1/2001,3/31/2005,1383
17876,MERCEDES,CLASSE M 164 PHASE 1,SUV,3/1/2005,9/30/2008,1384
17875,MERCEDES,CLASSE M 164 PHASE 2,SUV,9/1/2008,6/30/2011,1384
17877,MERCEDES,CLASSE M 166,SUV,6/1/2011,,1385
17878,MERCEDES,CLASSE R 251 PHASE 1 BREAK,Break,2/1/2006,9/30/2010,1657
17879,MERCEDES,CLASSE R 251 PHASE 2 BREAK,Break,9/1/2010,6/30/2013,1657
17880,MERCEDES,CLASSE S 140,Berline,4/1/1991,9/30/1998,1596
17881,MERCEDES,CLASSE S 140 COUPE PHASE 2,Coupé,8/1/1996,1/31/1999,1596
17884,MERCEDES,CLASSE S 217 PHASE 1 CABRIOLET,Cabriolet,7/1/2013,9/30/2017,2067
17882,MERCEDES,CLASSE S 217 PHASE 1 COUPE,Coupé,7/1/2013,9/30/2017,2067
17885,MERCEDES,CLASSE S 217 PHASE 2 CABRIOLET,Cabriolet,9/1/2017,,2067
17883,MERCEDES,CLASSE S 217 PHASE 2 COUPE,Coupé,9/1/2017,,2067
19703,MERCEDES,CLASSE S 217 PHASE 2 COUPE,Coupé,10/1/2017,,2067
17886,MERCEDES,CLASSE S 220,Berline,10/1/1998,9/30/2005,1597
17888,MERCEDES,CLASSE S 221 PHASE 1,Berline,9/1/2005,6/30/2009,1598
17887,MERCEDES,CLASSE S 221 PHASE 2,Berline,6/1/2009,6/30/2013,1598
19500,MERCEDES,CLASSE S 222 LIMOUSINE PHASE 1,Berline,7/1/2013,9/30/2017,1599
19501,MERCEDES,CLASSE S 222 LIMOUSINE PHASE 2,Berline,9/1/2017,,1599
17889,MERCEDES,CLASSE S 222 PHASE 1,Berline,7/1/2013,9/30/2017,1599
17890,MERCEDES,CLASSE S 222 PHASE 2,Berline,9/1/2017,,1599
20050,MERCEDES,CLASSE S 223,Berline,9/1/2020,,2835
20264,MERCEDES,CLASSE S 223 LONG,Berline,9/1/2020,,2835
17892,MERCEDES,CLASSE S W126 PHASE 1,Berline,9/1/1979,1/31/1986,1595
17891,MERCEDES,CLASSE S W126 PHASE 2,Berline,1/1/1986,4/30/1991,1595
17760,MERCEDES,CLASSE SEC 126 PHASE 1 COUPE,Coupé,9/1/1981,1/31/1986,1595
17761,MERCEDES,CLASSE SEC 126 PHASE 2 COUPE,Coupé,1/1/1986,1/31/1992,1595
17895,MERCEDES,CLASSE SL 129 PHASE 1 CABRIOLET,Cabriolet,7/1/1989,6/30/1993,1615
17893,MERCEDES,CLASSE SL 129 PHASE 2 CABRIOLET,Cabriolet,6/1/1993,9/30/1995,1615
17894,MERCEDES,CLASSE SL 129 PHASE 3 CABRIOLET,Cabriolet,9/1/1995,8/31/2001,1615
17897,MERCEDES,CLASSE SL 230 PHASE 1 CABRIOLET,Cabriolet,8/1/2001,4/30/2008,1616
17896,MERCEDES,CLASSE SL 230 PHASE 2 CABRIOLET,Cabriolet,4/1/2008,12/31/2011,1616
17898,MERCEDES,CLASSE SL 231 PHASE 1 CABRIOLET,Cabriolet,1/1/2012,1/31/2016,1617
17899,MERCEDES,CLASSE SL 231 PHASE 2 CABRIOLET,Cabriolet,2/1/2016,,1617
20369,MERCEDES,CLASSE SL 232 CABRIOLET,Cabriolet,2/1/2022,,3039
17744,MERCEDES,CLASSE SL R107 PHASE 1 CABRIOLET,Cabriolet,1/1/1971,1/31/1986,1614
17745,MERCEDES,CLASSE SL R107 PHASE 2 CABRIOLET,Cabriolet,1/1/1986,6/30/1989,1614
17738,MERCEDES,CLASSE SLC 107 COUPE,Coupé,1/1/1974,1/31/1986,1614
17900,MERCEDES,CLASSE SLC 172 CABRIOLET,Cabriolet,2/1/2016,,1608
17901,MERCEDES,CLASSE SLK 170 PHASE 1 CABRIOLET,Cabriolet,9/1/1996,12/31/1999,1606
17902,MERCEDES,CLASSE SLK 170 PHASE 2 CABRIOLET,Cabriolet,1/1/2000,3/31/2004,1606
17903,MERCEDES,CLASSE SLK 171 PHASE 1 CABRIOLET,Cabriolet,3/1/2004,4/30/2008,1607
17904,MERCEDES,CLASSE SLK 171 PHASE 2 CABRIOLET,Cabriolet,4/1/2008,12/31/2010,1607
17905,MERCEDES,CLASSE SLK 172 CABRIOLET,Cabriolet,1/1/2011,,1608
17913,MERCEDES,CLASSE SLR 199 CABRIOLET,Cabriolet,6/1/2007,5/31/2011,1659
17912,MERCEDES,CLASSE SLR 199 COUPE,Coupé,7/1/2004,5/31/2011,1659
17915,MERCEDES,CLASSE SLS 197 CABRIOLET,Cabriolet,1/1/2010,12/31/2014,2811
17914,MERCEDES,CLASSE SLS 197 COUPE,Coupé,1/1/2010,12/31/2014,2811
20194,MERCEDES,CLASSE T 206 BREAK,Break,3/1/2021,,2836
17906,MERCEDES,CLASSE V 638 PHASE 1,Monospace,9/1/1996,3/31/1999,1380
17907,MERCEDES,CLASSE V 638 PHASE 2,Monospace,3/1/1999,10/31/2003,1380
20246,MERCEDES,CLASSE V VITO 447 MARCO POLO PHASE 1 VAN,Van,3/1/2015,2/28/2019,2091
20330,MERCEDES,CLASSE V VITO 447 MARCO POLO PHASE 2 VAN,Van,3/1/2019,,2091
19540,MERCEDES,CLASSE V VITO 447 PHASE 1,Monospace,9/1/2014,3/31/2019,2091
19552,MERCEDES,CLASSE V VITO 447 PHASE 2,Monospace,3/1/2019,,2091
17909,MERCEDES,CLASSE X 470,Pickup,9/1/2017,,2843
17916,MERCEDES,SPRINTER 1 PHASE 1,Minibus,5/1/1995,3/31/2000,1589
17917,MERCEDES,SPRINTER 1 PHASE 2,Minibus,3/1/2000,6/30/2006,1589
17919,MERCEDES,SPRINTER 2 PHASE 1,Chassis,6/1/2006,12/31/2013,1590
20460,MERCEDES,SPRINTER 2 PHASE 1,Minibus,6/1/2006,12/31/2013,1590
20462,MERCEDES,SPRINTER 2 PHASE 1,Fourgon,6/1/2006,12/31/2013,1590
17918,MERCEDES,SPRINTER 2 PHASE 2,Chassis,1/1/2014,,1590
20461,MERCEDES,SPRINTER 2 PHASE 2,Minibus,1/1/2014,,1590
20463,MERCEDES,SPRINTER 2 PHASE 2,Fourgon,1/1/2014,,1590
17920,MERCEDES,SPRINTER 3,Fourgon,6/1/2018,,2194
19644,MERCEDES,SPRINTER 3,Minibus,6/1/2018,,2194
19699,MERCEDES,SPRINTER 3,Chassis,6/1/2018,,2194
17921,MERCEDES,T123 280 BREAK,Break,2/1/1978,1/31/1986,2745
17922,MERCEDES,VANEO 414,Monospace,1/1/2002,6/30/2005,1660
17923,MERCEDES,VIANO 639 PHASE 1,Minibus,10/1/2003,10/31/2010,1381
17924,MERCEDES,VIANO 639 PHASE 2,Minibus,10/1/2010,,1381
19502,MERCEDES,VITO 447 MIXTO PHASE 1,Fourgon,9/1/2014,10/31/2019,1382
20277,MERCEDES,VITO 447 MIXTO PHASE 1,Fourgon,9/1/2014,9/30/2019,1382
19775,MERCEDES,VITO 447 MIXTO PHASE 2,Fourgon,4/1/2019,,1382
19538,MERCEDES,VITO 447 PHASE 1,Fourgon,9/1/2014,10/31/2019,1382
19615,MERCEDES,VITO 447 PHASE 2,Fourgon,4/1/2019,,1382
17927,MERCEDES,VITO 638,Fourgon,4/1/1996,10/31/2003,1380
20362,MERCEDES,VITO 638,Minibus,4/1/1996,10/31/2003,1380
17929,MERCEDES,VITO 639 PHASE 1,Fourgon,10/1/2003,10/31/2010,1381
17928,MERCEDES,VITO 639 PHASE 2,Fourgon,10/1/2010,,1381
19539,MERCEDES,VITO TOURER 447 PHASE 1,Minibus,9/1/2014,9/30/2019,1382
19553,MERCEDES,VITO TOURER 447 PHASE 2,Minibus,10/1/2019,,1382
20289,MG,5 BREAK,Break,12/1/2021,,3350
20074,MG,EHS,SUV,12/1/2020,,3347
20196,MG,MARVEL,SUV,7/1/2021,,3348
20101,MG,TF120 PHASE 1 CABRIOLET,Cabriolet,3/1/2002,,1018
20102,MG,TF135 PHASE 1 CABRIOLET,Cabriolet,3/1/2002,,1018
20434,MG,TF160 PHASE 1 CABRIOLET,Cabriolet,3/1/2002,,1018
20103,MG,ZR PHASE 1,Berline,1/1/2000,8/31/2004,1015
19766,MG,ZS,SUV,10/1/2017,,2892
20234,MG,ZS,SUV,4/1/2020,,2892
20104,MG,ZS PHASE 1,Berline,1/1/2000,8/31/2004,1019
20329,MG,ZS PHASE 1,SUV,3/1/2019,10/31/2021,2892
20335,MG,ZS PHASE 2,SUV,6/1/2021,,2892
20105,MG,ZT TOURER PHASE 1 BREAK,Break,1/1/2000,8/31/2004,1017
20392,MIA,MIA,Minibus,11/1/2011,4/30/2014,3491
20393,MIA,MIA,Fourgon,11/1/2011,4/30/2014,3491
20097,MICROCAR,VIRGO,Berline,6/1/1999,6/30/2004,3198
17932,MINI,MINI 1 R50/R53 PHASE 1,Berline,9/1/2001,7/31/2004,1020
17933,MINI,MINI 1 R50/R53 PHASE 2,Berline,7/1/2004,9/30/2006,1020
17931,MINI,MINI 1 R52 CABRIOLET,Cabriolet,7/1/2004,3/31/2009,1023
17936,MINI,MINI 2 R55 CLUBMAN PHASE 1 BREAK,Break,11/1/2007,12/31/2010,1022
17937,MINI,MINI 2 R55 CLUBMAN PHASE 2 BREAK,Break,8/1/2010,,1022
17941,MINI,MINI 2 R56 PHASE 1,Berline,9/1/2006,12/31/2010,1894
17942,MINI,MINI 2 R56 PHASE 2,Berline,8/1/2010,,1894
17934,MINI,MINI 2 R57 CABRIOLET PHASE 1,Cabriolet,3/1/2009,12/31/2010,2776
17935,MINI,MINI 2 R57 CABRIOLET PHASE 2,Cabriolet,8/1/2010,,2776
17939,MINI,MINI 2 R58 COUPE,Coupé,9/1/2011,,1027
17943,MINI,MINI 2 R59 ROADSTER CABRIOLET,Cabriolet,9/1/2011,,1026
17938,MINI,MINI 2 R60 COUNTRYMAN BREAK,Break,8/1/2010,,1024
17940,MINI,MINI 2 R61 PACEMAN COUPE,Coupé,3/1/2013,,2163
17944,MINI,MINI 3 F54 CLUBMAN PHASE 1 BREAK,Break,10/1/2015,9/30/2019,1896
19983,MINI,MINI 3 F54 CLUBMAN PHASE 2 BREAK,Break,9/1/2019,,1896
17946,MINI,MINI 3 F55,Berline,11/1/2014,,1908
20159,MINI,MINI 3 F55 PHASE 1,Berline,11/1/2014,4/30/2021,1908
20179,MINI,MINI 3 F55 PHASE 2,Berline,4/1/2021,,1908
20177,MINI,MINI 3 F56,Berline,1/1/2014,,1908
17947,MINI,MINI 3 F56 PHASE 1,Berline,1/1/2014,4/30/2021,1908
20178,MINI,MINI 3 F56 PHASE 3,Berline,4/1/2021,,1908
17948,MINI,MINI 3 F57 CABRIOLET,Cabriolet,11/1/2015,,2776
20164,MINI,MINI 3 F57 PHASE 1 CABRIOLET,Cabriolet,11/1/2015,3/31/2021,2776
20168,MINI,MINI 3 F57 PHASE 2 CABRIOLET,Cabriolet,4/1/2021,,2776
17945,MINI,MINI 3 F60 COUNTRYMAN PHASE 1 BREAK,Break,12/1/2016,6/30/2020,2120
20013,MINI,MINI 3 F60 COUNTRYMAN PHASE 2 BREAK,Break,7/1/2020,,2120
17949,MITSUBISHI,3000 COUPE,Coupé,2/1/1993,8/31/1997,1069
17950,MITSUBISHI,ASX PHASE 1,SUV,6/1/2010,5/31/2012,1075
17951,MITSUBISHI,ASX PHASE 2,SUV,5/1/2012,10/31/2014,1075
17952,MITSUBISHI,ASX PHASE 3,SUV,10/1/2014,9/30/2016,1075
17953,MITSUBISHI,ASX PHASE 4,SUV,9/1/2016,,1075
17954,MITSUBISHI,CANTER PHASE 1,Chassis,1/1/1997,,1073
17957,MITSUBISHI,CARISMA PHASE 1,Berline,10/1/1996,12/31/1999,1059
17956,MITSUBISHI,CARISMA PHASE 2,Berline,12/1/1999,8/31/2004,1058
17958,MITSUBISHI,COLT 1,Berline,7/1/1982,6/30/1986,1051
17959,MITSUBISHI,COLT 2,Berline,7/1/1986,6/30/1989,1051
17960,MITSUBISHI,COLT 3,Berline,10/1/1988,4/30/1992,1050
17961,MITSUBISHI,COLT 4,Berline,4/1/1992,11/30/1996,1049
17962,MITSUBISHI,COLT 5,Berline,12/1/1995,9/30/2002,1048
17964,MITSUBISHI,COLT 6 PHASE 1,Berline,4/1/2004,10/31/2008,1047
17963,MITSUBISHI,COLT 6 PHASE 1 CABRIOLET,Cabriolet,4/1/2004,10/31/2008,1047
17965,MITSUBISHI,COLT 6 PHASE 2,Berline,10/1/2008,12/31/2012,1046
17966,MITSUBISHI,ECLIPSE COUPE,Coupé,4/1/1991,12/31/1998,1068
17967,MITSUBISHI,ECLIPSE CROSS,SUV,8/1/2017,,2019
17968,MITSUBISHI,GALANT 1 PHASE 1,Berline,1/1/1977,6/30/1984,1032
17969,MITSUBISHI,GALANT 2,Berline,7/1/1988,5/31/1993,1030
17970,MITSUBISHI,GALANT 3,Berline,5/1/1993,7/31/1996,1029
17971,MITSUBISHI,GALANT 4,Berline,1/1/1997,12/31/2003,1028
17972,MITSUBISHI,GALANT 4 BREAK,Break,1/1/1998,,1028
17973,MITSUBISHI,GRANDIS,Monospace,7/1/2005,6/30/2010,1071
17974,MITSUBISHI,I-MIEV,Berline,11/1/2010,,2160
17975,MITSUBISHI,L 200 1,Pickup,11/1/1986,9/30/1996,1035
17976,MITSUBISHI,L 200 2,Pickup,9/1/1996,3/31/2006,1034
17977,MITSUBISHI,L 200 3,Pickup,3/1/2006,,1033
17978,MITSUBISHI,L 200 4,Pickup,5/1/2015,,2018
17979,MITSUBISHI,L 300,Chassis,1/1/1980,12/31/2002,1036
17980,MITSUBISHI,L 400,Minibus,12/1/1994,12/31/2002,1037
17981,MITSUBISHI,LANCER 1 PHASE 1,Berline,1/1/1975,6/30/1984,1044
17982,MITSUBISHI,LANCER 1 PHASE 2,Berline,7/1/1984,6/30/1986,1043
20030,MITSUBISHI,LANCER 3,Berline,1/1/1998,12/31/1998,1040
17984,MITSUBISHI,LANCER 3 BREAK,Break,2/1/1992,12/31/1994,1041
17985,MITSUBISHI,LANCER 3 PHASE 1,Berline,9/1/1989,6/30/1994,1042
17983,MITSUBISHI,LANCER 3 PHASE 2,Berline,12/1/1995,6/30/2004,1040
17987,MITSUBISHI,LANCER 4,Berline,5/1/2004,6/30/2008,1039
17986,MITSUBISHI,LANCER 4 BREAK,Break,5/1/2004,6/30/2008,1039
17988,MITSUBISHI,LANCER 5,Berline,1/1/2008,,1038
17989,MITSUBISHI,LANCER 5 SPORTBACK,Berline,6/1/2008,,1038
17990,MITSUBISHI,OUTLANDER 1,SUV,5/1/2003,12/31/2006,1067
17992,MITSUBISHI,OUTLANDER 2 PHASE 1,SUV,3/1/2007,12/31/2009,1066
17991,MITSUBISHI,OUTLANDER 2 PHASE 2,SUV,1/1/2010,9/30/2012,1066
17993,MITSUBISHI,OUTLANDER 3,SUV,9/1/2012,3/31/2016,1065
17994,MITSUBISHI,OUTLANDER 3 PHASE 2,SUV,1/1/2016,,1065
17995,MITSUBISHI,OUTLANDER 4,SUV,1/1/2016,,1065
17996,MITSUBISHI,PAJERO 1,Tout-Terrain,7/1/1983,6/30/1991,1057
18000,MITSUBISHI,PAJERO 2,Tout-Terrain,5/1/2001,12/31/2005,1054
17997,MITSUBISHI,PAJERO 2 PHASE 1,Tout-Terrain,7/1/1991,8/31/1997,1056
17998,MITSUBISHI,PAJERO 2 PHASE 2,Tout-Terrain,8/1/1997,7/31/2000,1056
17999,MITSUBISHI,PAJERO 2 PHASE 3,Tout-Terrain,7/1/2000,2/28/2003,1055
18001,MITSUBISHI,PAJERO 3 PHASE 1,Tout-Terrain,7/1/2000,2/28/2003,1055
18002,MITSUBISHI,PAJERO 3 PHASE 2,Tout-Terrain,2/1/2003,12/31/2006,1054
18003,MITSUBISHI,PAJERO 4 PHASE 1,Tout-Terrain,1/1/2007,12/31/2011,1053
18004,MITSUBISHI,PAJERO 4 PHASE 2,Tout-Terrain,1/1/2012,,1053
18005,MITSUBISHI,PAJERO PININ,Tout-Terrain,11/1/1999,4/30/2007,1973
18006,MITSUBISHI,PAJERO SPORT,Tout-Terrain,12/1/1998,4/30/2007,1848
18007,MITSUBISHI,SPACE GEAR,Monospace,3/1/1995,,2015
18008,MITSUBISHI,SPACE RUNNER,Monospace,1/1/1995,8/31/2002,1070
18009,MITSUBISHI,SPACE STAR 2,Monospace,10/1/1998,3/31/2006,1064
18010,MITSUBISHI,SPACE STAR 3 PHASE 1,Berline,1/1/2013,7/31/2016,1063
18011,MITSUBISHI,SPACE STAR 3 PHASE 2,Berline,7/1/2016,,1063
19981,MITSUBISHI,SPACE STAR 3 PHASE 3,Berline,1/1/2020,,1063
18013,MITSUBISHI,SPACEWAGON 1 PHASE 1,Monospace,7/1/1984,6/30/1987,1062
18012,MITSUBISHI,SPACEWAGON 1 PHASE 2,Monospace,7/1/1987,3/31/1992,1062
18014,MITSUBISHI,SPACEWAGON 2,Monospace,3/1/1992,7/31/2000,1061
19684,MORGAN,AERO 8 CABRIOLET,Cabriolet,10/1/2015,,3475
19604,MORGAN,PLUS 6 CABRIOLET,Cabriolet,6/1/2019,,3476
19660,MORGAN,PLUS 8 CABRIOLET,Cabriolet,3/1/2010,,3284
19655,MORGAN,PLUS FOUR 1 CABRIOLET,Cabriolet,6/1/2014,,3478
19993,MORGAN,PLUS FOUR 2 CABRIOLET,Cabriolet,3/1/2020,,3479
18015,NISSAN,100 NX COUPE,Coupé,2/1/1991,9/30/1996,1134
18016,NISSAN,200 SX 1 COUPE,Coupé,10/1/1988,6/30/1994,1105
18017,NISSAN,200 SX 2 COUPE,Coupé,10/1/1994,12/31/1999,1105
18018,NISSAN,280 ZX COUPE,Coupé,7/1/1979,6/30/1986,1127
18020,NISSAN,300 ZX PHASE 1 CABRIOLET,Cabriolet,7/1/1986,6/30/1987,1127
18019,NISSAN,300 ZX PHASE 2 CABRIOLET,Cabriolet,7/1/1987,9/30/1990,1127
18021,NISSAN,300 ZX PHASE 2 COUPE,Coupé,7/1/1987,9/30/1990,1127
18022,NISSAN,350 Z CABRIOLET,Cabriolet,2/1/2005,3/31/2009,1135
18023,NISSAN,350 Z COUPE,Coupé,4/1/2003,3/31/2009,1135
18024,NISSAN,370 Z CABRIOLET,Cabriolet,3/1/2009,,1162
18025,NISSAN,370 Z COUPE,Coupé,3/1/2009,,1162
18028,NISSAN,ALMERA 1 PHASE 1,Berline,10/1/1996,4/30/1998,1098
18029,NISSAN,ALMERA 1 PHASE 2,Berline,4/1/1998,3/31/2000,1098
18030,NISSAN,ALMERA 2 PHASE 1,Berline,4/1/2000,9/30/2002,1097
18031,NISSAN,ALMERA 2 PHASE 2,Berline,9/1/2002,12/31/2005,1097
18032,NISSAN,ALMERA TINO PHASE 1,Monospace,7/1/2000,4/30/2003,1099
18033,NISSAN,ALMERA TINO PHASE 2,Monospace,4/1/2003,9/30/2006,1099
18034,NISSAN,BLUEBIRD 1,Berline,1/1/1980,6/30/1984,1122
18035,NISSAN,BLUEBIRD 1 BREAK,Break,1/1/1980,6/30/1984,1122
18036,NISSAN,BLUEBIRD 2,Berline,7/1/1984,3/31/1986,1121
18037,NISSAN,BLUEBIRD 2 BREAK,Break,7/1/1984,3/31/1986,1121
18038,NISSAN,BLUEBIRD 3 PHASE 1,Berline,4/1/1986,6/30/1988,1120
18040,NISSAN,BLUEBIRD 3 PHASE 1 BREAK,Break,4/1/1986,6/30/1988,1120
18039,NISSAN,BLUEBIRD 3 PHASE 2,Berline,7/1/1988,6/30/1990,1120
18041,NISSAN,CABSTAR 1,Chassis,1/1/1976,3/31/2008,1152
18042,NISSAN,CABSTAR 2,Chassis,3/1/2008,,1152
18044,NISSAN,CEDRIC 1,Berline,7/1/1981,6/30/1985,1154
18045,NISSAN,CEDRIC 2,Berline,7/1/1985,6/30/1988,1154
18046,NISSAN,CHERRY 2,Berline,1/1/1979,3/31/1983,1131
18047,NISSAN,CHERRY 2 COUPE,Coupé,1/1/1979,3/31/1983,1131
18048,NISSAN,CHERRY 3,Berline,4/1/1983,6/30/1985,1130
18049,NISSAN,CHERRY 3 COUPE,Coupé,4/1/1983,6/30/1985,1130
18050,NISSAN,CUBE,Monospace,1/1/2010,12/31/2011,2549
18051,NISSAN,GT-R COUPE,Coupé,3/1/2009,,1150
18053,NISSAN,INTERSTAR 1 PHASE 1,Fourgon,5/1/2002,11/30/2003,1132
18052,NISSAN,INTERSTAR 1 PHASE 2,Fourgon,11/1/2003,4/30/2010,1132
20345,NISSAN,INTERSTAR 2,Fourgon,11/1/2021,,1132
20376,NISSAN,INTERSTAR 2,Chassis,11/1/2021,,1132
18054,NISSAN,JUKE 1 PHASE 1,SUV,9/1/2010,3/31/2015,1146
18055,NISSAN,JUKE 1 PHASE 2,SUV,3/1/2014,8/31/2019,1146
19718,NISSAN,JUKE 2,SUV,8/1/2019,,2289
18056,NISSAN,KUBISTAR,Fourgon,7/1/2003,11/30/2009,1123
18057,NISSAN,LAUREL,Berline,4/1/1985,12/31/1989,1148
18058,NISSAN,LEAF 1,Berline,1/1/2011,,1163
18059,NISSAN,LEAF 2,Berline,1/1/2018,,3064
18060,NISSAN,MAXIMA 1,Berline,7/1/1989,6/30/1995,1118
18061,NISSAN,MAXIMA QX 2,Berline,3/1/1995,4/30/2000,1117
18062,NISSAN,MAXIMA QX 3,Berline,4/1/2000,8/31/2004,1116
18063,NISSAN,MICRA 1 PHASE 1,Berline,7/1/1983,6/30/1985,1095
18064,NISSAN,MICRA 1 PHASE 2,Berline,6/1/1987,6/30/1989,1095
18065,NISSAN,MICRA 1 PHASE 3,Berline,7/1/1989,6/30/1992,1095
19724,NISSAN,MICRA 2 PHASE 1,Berline,9/1/1992,1/31/1996,1094
18067,NISSAN,MICRA 2 PHASE 1,Berline,10/1/1992,9/30/1996,1094
18066,NISSAN,MICRA 2 PHASE 2,Berline,1/1/1996,4/30/1998,1094
18068,NISSAN,MICRA 2 PHASE 3,Berline,4/1/1998,12/31/2000,1093
18069,NISSAN,MICRA 2 PHASE 4,Berline,9/1/2000,3/31/2003,1093
18072,NISSAN,MICRA 3 PHASE 1,Berline,1/1/2003,7/31/2005,1092
18074,NISSAN,MICRA 3 PHASE 2,Berline,7/1/2005,11/30/2007,1092
18070,NISSAN,MICRA 3 PHASE 2 CABRIOLET,Cabriolet,11/1/2005,11/30/2007,1092
18073,NISSAN,MICRA 3 PHASE 3,Berline,11/1/2007,11/30/2010,1091
18071,NISSAN,MICRA 3 PHASE 3 CABRIOLET,Cabriolet,11/1/2007,4/30/2009,1091
18076,NISSAN,MICRA 4 PHASE 1,Berline,11/1/2010,12/31/2013,1090
18075,NISSAN,MICRA 4 PHASE 2,Berline,9/1/2013,,1090
18077,NISSAN,MICRA 5,Berline,1/1/2017,,2151
18078,NISSAN,MURANO 1,SUV,2/1/2005,6/30/2008,1137
18079,NISSAN,MURANO 2,SUV,10/1/2008,,1136
18081,NISSAN,NAVARA 1 PHASE 1,Pickup,8/1/2005,12/31/2010,1857
18080,NISSAN,NAVARA 1 PHASE 2,Pickup,3/1/2010,,1857
18082,NISSAN,NAVARA NP300,Pickup,1/1/2015,,1149
18084,NISSAN,NOTE 1 PHASE 1,Monospace,3/1/2006,3/31/2009,1126
18083,NISSAN,NOTE 1 PHASE 2,Monospace,3/1/2009,2/28/2014,1126
18085,NISSAN,NOTE 2,Monospace,9/1/2013,,1125
18086,NISSAN,NV200,Combi,9/1/2009,,1143
20015,NISSAN,NV200,Chassis,9/1/2009,,1143
19700,NISSAN,NV250,Fourgon,7/1/2019,,3285
18087,NISSAN,NV300,Fourgon,9/1/2016,,2884
19714,NISSAN,NV300,Minibus,9/1/2016,,2884
18088,NISSAN,NV400,Fourgon,4/1/2010,,1158
18090,NISSAN,PATHFINDER 2 PHASE 1,Tout-Terrain,2/1/2005,3/31/2010,1139
18089,NISSAN,PATHFINDER 2 PHASE 2,Tout-Terrain,3/1/2010,,1139
18091,NISSAN,PATROL 1,Tout-Terrain,7/1/1980,8/31/2002,2223
18092,NISSAN,PATROL 2,Tout-Terrain,4/1/1998,9/30/2004,2225
18093,NISSAN,PATROL 3,Tout-Terrain,9/1/2004,12/31/2009,2225
18095,NISSAN,PICK-UP 2,Pickup,9/1/1985,12/31/1998,3230
18096,NISSAN,PICK-UP 3 PHASE 1,Pickup,7/1/1988,3/31/2002,2552
18097,NISSAN,PICK-UP 3 PHASE 2,Pickup,3/1/2002,12/31/2006,2552
18098,NISSAN,PIXO,Berline,9/1/2005,,1155
18099,NISSAN,PRAIRIE 1,Monospace,9/1/1982,10/31/1988,1133
18100,NISSAN,PRAIRIE 2,Monospace,10/1/1988,6/30/1994,1133
18102,NISSAN,PRIMASTAR 1 PHASE 1,Fourgon,10/1/2002,8/31/2006,1119
18101,NISSAN,PRIMASTAR 1 PHASE 2,Fourgon,8/1/2006,,1119
20268,NISSAN,PRIMASTAR 2,Fourgon,11/1/2021,,1119
20290,NISSAN,PRIMASTAR 2,Minibus,11/1/2021,,1119
18103,NISSAN,PRIMERA 1 PHASE 1,Berline,10/1/1990,10/31/1994,1089
18105,NISSAN,PRIMERA 1 PHASE 1 BREAK,Break,10/1/1990,6/30/1995,1089
18104,NISSAN,PRIMERA 1 PHASE 2,Berline,10/1/1994,9/30/1996,1089
18106,NISSAN,PRIMERA 1 PHASE 2 BREAK,Break,7/1/1995,9/30/1996,1089
18107,NISSAN,PRIMERA 2 PHASE 1,Berline,10/1/1996,9/30/1999,1088
18109,NISSAN,PRIMERA 2 PHASE 1 BREAK,Break,4/1/1998,9/30/1999,1088
18108,NISSAN,PRIMERA 2 PHASE 2,Berline,9/1/1999,3/31/2002,1087
18110,NISSAN,PRIMERA 2 PHASE 2 BREAK,Break,9/1/1999,12/31/2001,1087
18111,NISSAN,PRIMERA 3,Berline,3/1/2002,6/30/2004,1086
18112,NISSAN,PRIMERA 3 BREAK,Break,3/1/2002,4/30/2006,1086
18113,NISSAN,PRIMERA 4,Berline,6/1/2002,12/31/2006,1086
18114,NISSAN,PULSAR,Berline,6/1/2014,,1160
18116,NISSAN,QASHQAI 1 PHASE 1,SUV,1/1/2007,9/30/2010,1859
18115,NISSAN,QASHQAI 1 PHASE 2,SUV,3/1/2010,4/30/2014,1109
18117,NISSAN,QASHQAI 2 PHASE 1,SUV,2/1/2014,5/31/2017,1108
18118,NISSAN,QASHQAI 2 PHASE 2,SUV,5/1/2017,,1929
20229,NISSAN,QASHQAI 3,SUV,4/1/2021,,3052
18119,NISSAN,SERENA 1 PHASE 1,Monospace,2/1/1993,9/30/1996,1129
18120,NISSAN,SERENA 1 PHASE 2,Monospace,10/1/1996,12/31/2000,1129
18121,NISSAN,SILVIA 1 COUPE,Coupé,7/1/1981,6/30/1984,1106
18122,NISSAN,SILVIA 2 COUPE,Coupé,7/1/1984,6/30/1988,1106
18123,NISSAN,STANZA,Berline,7/1/1982,6/30/1985,1141
18124,NISSAN,SUNNY 1,Berline,1/1/1970,1/31/1987,1104
18125,NISSAN,SUNNY 1 BREAK,Break,7/1/1982,12/31/1986,1103
18126,NISSAN,SUNNY 1 COUPE,Coupé,7/1/1982,12/31/1986,1103
18127,NISSAN,SUNNY 2,Berline,1/1/1987,2/28/1991,1102
18128,NISSAN,SUNNY 2 BREAK,Break,1/1/1987,2/28/1991,1102
18129,NISSAN,SUNNY 2 COUPE,Coupé,7/1/1987,2/28/1991,1102
18130,NISSAN,SUNNY 3,Berline,2/1/1991,12/31/1995,1101
18131,NISSAN,SUNNY 3 BREAK,Break,2/1/1991,12/31/1995,1101
18132,NISSAN,TERRANO 1,Tout-Terrain,8/1/1987,3/31/1994,1112
18134,NISSAN,TERRANO 2 PHASE 1,Tout-Terrain,10/1/1993,6/30/1996,1112
18133,NISSAN,TERRANO 2 PHASE 2,Tout-Terrain,7/1/1996,12/31/1999,1112
18135,NISSAN,TERRANO 2 PHASE 3,Tout-Terrain,12/1/1999,3/31/2002,1112
18136,NISSAN,TERRANO 2 PHASE 4,Tout-Terrain,3/1/2002,3/31/2008,1112
18137,NISSAN,TIIDA,Berline,6/1/2007,,1159
20340,NISSAN,TOWNSTAR,Fourgon,10/1/2021,,3262
20347,NISSAN,TOWNSTAR,Combi,10/1/2021,,3262
18138,NISSAN,TRADE,Chassis,1/1/1994,,2563
18139,NISSAN,URVAN,Fourgon,4/1/1989,,1145
18140,NISSAN,VANETTE 1,Minibus,7/1/1981,2/28/1995,1142
18141,NISSAN,VANETTE 2,Fourgon,5/1/1995,6/30/2002,1142
18142,NISSAN,X-TERRA,Tout-Terrain,9/1/2008,,1156
18144,NISSAN,X-TRAIL 1 PHASE 1,Tout-Terrain,7/1/2001,12/31/2003,1115
18143,NISSAN,X-TRAIL 1 PHASE 2,Tout-Terrain,1/1/2004,11/30/2007,1115
18145,NISSAN,X-TRAIL 2 PHASE 1,Tout-Terrain,7/1/2007,10/31/2010,1114
18146,NISSAN,X-TRAIL 2 PHASE 2,Tout-Terrain,9/1/2010,9/30/2014,1114
18147,NISSAN,X-TRAIL 3 PHASE 1,SUV,6/1/2014,12/31/2017,1113
18148,NISSAN,X-TRAIL 3 PHASE 2,SUV,10/1/2017,,1113
19561,NISSAN,X-TRAIL 3 PHASE 2,SUV,1/1/2018,,1113
18152,OPEL,AMPERA,Berline,6/1/2011,12/31/2014,1852
18156,OPEL,ARENA,Minibus,10/1/1997,8/31/2000,3426
18186,OPEL,ASTRA K PHASE 1,Berline,10/1/2015,9/30/2019,1890
19716,OPEL,ASTRA K PHASE 2,Berline,9/1/2019,,1890
18187,OPEL,ASTRA K SPORTS TOURER PHASE 1 BREAK,Break,3/1/2016,9/30/2019,1890
19795,OPEL,ASTRA K SPORTS TOURER PHASE 2 BREAK,Break,9/1/2019,,1890
20368,OPEL,ASTRA L,Berline,10/1/2021,,2833
20366,OPEL,ASTRA L,Berline,11/1/2021,,2833
18190,OPEL,CASCADA CABRIOLET,Cabriolet,2/1/2013,,1935
18195,OPEL,COMBO E,Combi,4/1/2018,,2173
19571,OPEL,COMBO E,Fourgon,4/1/2018,,2173
19509,OPEL,COMBO LIFE,Combi,6/1/2018,,2173
19603,OPEL,CORSA F,Berline,7/1/2019,,2823
18207,OPEL,CROSSLAND X,SUV,5/1/2017,,2080
18211,OPEL,GRANDLAND X,SUV,9/1/2017,,2079
18217,OPEL,INSIGNIA 2 GRAND SPORT PHASE 1,Berline,6/1/2017,11/30/2020,1981
20244,OPEL,INSIGNIA 2 GRAND SPORT PHASE 2,Berline,11/1/2020,,1981
18218,OPEL,INSIGNIA 2 SPORTS TOURER PHASE 1 BREAK,Break,6/1/2017,11/30/2020,1981
20245,OPEL,INSIGNIA 2 SPORTS TOURER PHASE 2 BREAK,Break,11/1/2020,,1981
18224,OPEL,KARL,Berline,4/1/2015,,1907
18231,OPEL,MOKKA 1 PHASE 2,SUV,10/1/2016,12/31/2020,2084
20085,OPEL,MOKKA 2,SUV,10/1/2020,,2834
20112,OPEL,MOKKA 2,SUV,2/1/2021,,2834
20262,OPEL,MOVANO C,Fourgon,10/1/2021,,3067
20342,OPEL,MOVANO C,Chassis,10/1/2021,,3067
19569,OPEL,VIVARO 3,Fourgon,6/1/2019,,2171
19568,OPEL,ZAFIRA LIFE,Minibus,6/1/2019,,2845
18272,PEUGEOT,1007,Monospace,4/1/2005,12/31/2010,1205
18273,PEUGEOT,104,Berline,1/1/1976,6/30/1988,1211
18274,PEUGEOT,104 COUPE,Coupé,10/1/1978,6/30/1988,1211
18275,PEUGEOT,106 PHASE 1,Berline,9/1/1991,4/30/1996,1196
18276,PEUGEOT,106 PHASE 2,Berline,4/1/1996,9/30/2003,1195
18278,PEUGEOT,107 PHASE 1,Berline,6/1/2005,12/31/2008,1201
18277,PEUGEOT,107 PHASE 2,Berline,1/1/2009,1/31/2012,1201
18279,PEUGEOT,107 PHASE 3,Berline,1/1/2012,6/30/2014,1201
18280,PEUGEOT,108,Berline,6/1/2014,,1962
18281,PEUGEOT,2008 1 PHASE 1,SUV,1/1/2013,7/31/2016,1220
18282,PEUGEOT,2008 1 PHASE 2,SUV,6/1/2016,,1220
19597,PEUGEOT,39479,SUV,10/1/2019,,2126
18285,PEUGEOT,205 PHASE 1,Berline,3/1/1983,7/31/1987,1192
18286,PEUGEOT,205 PHASE 1 CABRIOLET,Cabriolet,1/1/1986,6/30/1987,1192
18283,PEUGEOT,205 PHASE 2,Berline,7/1/1987,12/31/1998,1192
18284,PEUGEOT,205 PHASE 2 CABRIOLET,Cabriolet,7/1/1987,6/30/1995,1192
19945,PEUGEOT,206 PHASE 1,Berline,9/1/1998,4/30/2003,1179
19949,PEUGEOT,206 PHASE 1 BREAK,Break,6/1/2002,4/30/2003,1179
19947,PEUGEOT,206 PHASE 1 CABRIOLET,Cabriolet,10/1/2000,4/30/2003,2799
19946,PEUGEOT,206 PHASE 2,Berline,4/1/2003,3/31/2009,1179
19950,PEUGEOT,206 PHASE 2 BREAK,Break,4/1/2003,12/31/2006,1179
19948,PEUGEOT,206 PHASE 2 CABRIOLET,Cabriolet,4/1/2003,3/31/2007,2799
18290,PEUGEOT,206+,Berline,3/1/2009,5/31/2013,1178
19951,PEUGEOT,207 PHASE 1,Berline,4/1/2006,7/31/2009,1194
19955,PEUGEOT,207 PHASE 1 BREAK,Break,7/1/2007,7/31/2009,1194
19953,PEUGEOT,207 PHASE 1 CABRIOLET,Cabriolet,3/1/2007,7/31/2009,1194
19952,PEUGEOT,207 PHASE 2,Berline,7/1/2009,6/30/2013,1194
19956,PEUGEOT,207 PHASE 2 BREAK,Break,7/1/2009,3/31/2013,1194
19954,PEUGEOT,207 PHASE 2 CABRIOLET,Cabriolet,7/1/2009,2/28/2015,2208
19957,PEUGEOT,207+,Berline,1/1/2013,3/31/2015,1194
18294,PEUGEOT,208 1 PHASE 1,Berline,3/1/2012,4/30/2015,1215
18295,PEUGEOT,208 1 PHASE 2,Berline,4/1/2015,,1215
20467,PEUGEOT,208 1 SOCIETE PHASE 2,Berline,4/1/2015,,1215
19596,PEUGEOT,208 2,Berline,10/1/2019,,3069
18296,PEUGEOT,3008 1 PHASE 1,Monospace,4/1/2009,12/31/2013,1209
18297,PEUGEOT,3008 1 PHASE 2,Monospace,11/1/2013,12/31/2016,1209
18298,PEUGEOT,3008 2 PHASE 1,SUV,5/1/2016,9/30/2020,2251
20058,PEUGEOT,3008 2 PHASE 2,SUV,10/1/2020,,2251
20156,PEUGEOT,301 PHASE 1,Berline,6/1/2012,10/31/2016,2113
20157,PEUGEOT,301 PHASE 2,Berline,10/1/2016,,2113
18302,PEUGEOT,304,Berline,1/1/1970,12/31/1980,1213
18301,PEUGEOT,304 BREAK,Break,10/1/1976,10/31/1979,1213
18300,PEUGEOT,304 CABRIOLET,Cabriolet,9/1/1972,7/31/1976,1213
18303,PEUGEOT,305 PHASE 2,Berline,7/1/1982,6/30/1988,1203
18304,PEUGEOT,305 PHASE 2 BREAK,Break,7/1/1982,6/30/1990,1203
18309,PEUGEOT,306 BREAK,Break,4/1/1997,3/31/2002,1184
18305,PEUGEOT,306 PHASE 1,Berline,2/1/1993,3/31/1997,1184
18308,PEUGEOT,306 PHASE 1 CABRIOLET,Cabriolet,2/1/1994,3/31/1997,1184
18306,PEUGEOT,306 PHASE 2,Berline,4/1/1997,12/31/2001,1184
18307,PEUGEOT,306 PHASE 2 CABRIOLET,Cabriolet,4/1/1997,8/31/2002,1184
18310,PEUGEOT,307 PHASE 1,Berline,4/1/2001,6/30/2005,1175
18314,PEUGEOT,307 PHASE 1 BREAK,Break,5/1/2002,6/30/2005,1175
18312,PEUGEOT,307 PHASE 1 CABRIOLET,Cabriolet,3/1/2003,6/30/2005,1175
18311,PEUGEOT,307 PHASE 2,Berline,6/1/2005,11/30/2007,1174
18315,PEUGEOT,307 PHASE 2 BREAK,Break,6/1/2005,3/31/2008,1174
18313,PEUGEOT,307 PHASE 2 CABRIOLET,Cabriolet,6/1/2005,6/30/2008,1174
18316,PEUGEOT,308 1 PHASE 1,Berline,9/1/2007,3/31/2011,1198
18317,PEUGEOT,308 1 PHASE 1 CABRIOLET,Cabriolet,7/1/2008,3/31/2011,1198
18319,PEUGEOT,308 1 PHASE 2,Berline,4/1/2011,11/30/2013,1198
18318,PEUGEOT,308 1 PHASE 2 CABRIOLET,Cabriolet,4/1/2011,12/31/2016,1198
18321,PEUGEOT,308 1 SW PHASE 1 BREAK,Break,5/1/2008,3/31/2011,1198
18320,PEUGEOT,308 1 SW PHASE 2 BREAK,Break,4/1/2011,12/31/2014,1198
18322,PEUGEOT,308 2 PHASE 1,Berline,6/1/2013,4/30/2017,1197
18323,PEUGEOT,308 2 PHASE 2,Berline,4/1/2017,,1197
18324,PEUGEOT,308 2 SW PHASE 1 BREAK,Break,2/1/2014,4/30/2017,1197
18325,PEUGEOT,308 2 SW PHASE 2 BREAK,Break,4/1/2017,,1197
20126,PEUGEOT,308 3,Berline,4/1/2021,,2998
20202,PEUGEOT,308 3,Berline,9/1/2021,,2998
20203,PEUGEOT,308 3 SW BREAK,Break,9/1/2021,,2998
18326,PEUGEOT,309 PHASE 1,Berline,10/1/1985,6/30/1989,1199
18327,PEUGEOT,309 PHASE 2,Berline,7/1/1989,12/31/1993,1199
18328,PEUGEOT,4007,SUV,7/1/2007,3/31/2013,1216
18329,PEUGEOT,4008,SUV,11/1/2011,12/31/2016,1221
18330,PEUGEOT,404,Berline,2/1/1982,7/31/1989,1219
18331,PEUGEOT,405 PHASE 1,Berline,7/1/1987,6/30/1992,1188
18332,PEUGEOT,405 PHASE 1 BREAK,Break,7/1/1988,6/30/1992,1188
18334,PEUGEOT,405 PHASE 2,Berline,7/1/1992,10/31/1996,1188
18333,PEUGEOT,405 PHASE 2 BREAK,Break,7/1/1992,10/31/1996,1188
18338,PEUGEOT,406 COUPE,Coupé,5/1/1997,12/31/2004,1176
18335,PEUGEOT,406 PHASE 1,Berline,10/1/1995,4/30/1999,1177
18337,PEUGEOT,406 PHASE 1 BREAK,Break,10/1/1996,4/30/1999,1177
18336,PEUGEOT,406 PHASE 2,Berline,4/1/1999,4/30/2004,1176
18339,PEUGEOT,406 PHASE 2 BREAK,Break,4/1/1999,4/30/2004,1176
18344,PEUGEOT,407 COUPE,Coupé,10/1/2005,12/31/2011,1183
18340,PEUGEOT,407 PHASE 1,Berline,7/1/2004,7/31/2008,1183
18342,PEUGEOT,407 PHASE 1 BREAK,Break,7/1/2004,7/31/2008,1183
18341,PEUGEOT,407 PHASE 2,Berline,7/1/2008,4/30/2011,1183
18343,PEUGEOT,407 PHASE 2 BREAK,Break,7/1/2008,4/30/2011,1183
20468,PEUGEOT,408,Berline,6/1/2022,,3351
20091,PEUGEOT,408 1 PHASE 1,Berline,1/1/2010,6/30/2013,2507
20090,PEUGEOT,408 1 PHASE 2,Berline,7/1/2013,,2508
18345,PEUGEOT,5008 1 PHASE 1,Monospace,11/1/2009,12/31/2013,1212
18346,PEUGEOT,5008 1 PHASE 2,Monospace,9/1/2013,,1212
18347,PEUGEOT,5008 2 PHASE 1,SUV,10/1/2016,9/30/2020,2821
20059,PEUGEOT,5008 2 PHASE 2,SUV,10/1/2020,,2821
18349,PEUGEOT,504,Berline,1/1/1982,12/31/1996,1207
18348,PEUGEOT,504 BREAK,Break,1/1/1982,12/31/1986,1207
18350,PEUGEOT,504 CABRIOLET,Cabriolet,1/1/1982,12/31/1983,1207
18351,PEUGEOT,504 COUPE,Coupé,1/1/1982,9/30/1986,1207
18352,PEUGEOT,505,Berline,5/1/1979,6/30/1985,1203
18353,PEUGEOT,505 BREAK,Break,7/1/1985,6/30/1992,1203
18354,PEUGEOT,508 1 PHASE 1,Berline,1/1/2011,12/31/2014,1208
18355,PEUGEOT,508 1 PHASE 2,Berline,9/1/2014,12/31/2017,1208
18356,PEUGEOT,508 1 SW PHASE 1 BREAK,Break,1/1/2011,12/31/2014,1208
18357,PEUGEOT,508 1 SW PHASE 2 BREAK,Break,9/1/2014,12/31/2017,1208
18358,PEUGEOT,508 2,Berline,6/1/2018,,3079
18359,PEUGEOT,508 2 SW BREAK,Break,6/1/2018,,3079
18360,PEUGEOT,604,Berline,7/1/1980,9/30/1986,1214
18361,PEUGEOT,605 PHASE 1,Berline,9/1/1989,6/30/1994,1189
18362,PEUGEOT,605 PHASE 2,Berline,7/1/1994,7/31/1999,1189
18363,PEUGEOT,607 PHASE 1,Berline,11/1/1999,9/30/2004,1193
18364,PEUGEOT,607 PHASE 2,Berline,9/1/2004,12/31/2010,1193
19973,PEUGEOT,806 PHASE 1,Monospace,6/1/1994,10/31/1998,1204
19974,PEUGEOT,806 PHASE 2,Monospace,10/1/1998,5/31/2002,1204
18366,PEUGEOT,807,Monospace,6/1/2002,12/31/2014,1202
18367,PEUGEOT,BIPPER,Fourgon,2/1/2008,,1210
18368,PEUGEOT,BOXER 1,Chassis,2/1/1994,2/28/2002,1187
18369,PEUGEOT,BOXER 2,Fourgon,2/1/2002,6/30/2006,1186
18371,PEUGEOT,BOXER 3 PHASE 1,Fourgon,6/1/2006,6/30/2014,1185
18370,PEUGEOT,BOXER 3 PHASE 2,Fourgon,6/1/2014,,2123
19723,PEUGEOT,BOXER 3 PHASE 2,Chassis,6/1/2014,,2123
18372,PEUGEOT,EXPERT 1 PHASE 1,Fourgon,10/1/1995,12/31/2003,1191
18373,PEUGEOT,EXPERT 1 PHASE 2,Minibus,1/1/2004,12/31/2006,1191
18374,PEUGEOT,EXPERT 2,Monospace,1/1/2007,3/31/2016,1190
18375,PEUGEOT,EXPERT 3,Fourgon,3/1/2016,,2199
20140,PEUGEOT,EXPERT 4,Fourgon,7/1/2021,,2199
18376,PEUGEOT,ION,Berline,10/1/2010,,2207
18377,PEUGEOT,J5 PHASE 1,Fourgon,6/1/1985,6/30/1990,1200
19804,PEUGEOT,J5 PHASE 1,Minibus,6/1/1985,6/30/1990,1200
19805,PEUGEOT,J5 PHASE 1,Chassis,6/1/1985,6/30/1990,1200
18378,PEUGEOT,J5 PHASE 2,Fourgon,7/1/1990,6/30/1995,1200
18379,PEUGEOT,J7,Fourgon,1/1/1965,12/31/1980,3493
18380,PEUGEOT,J9,Fourgon,1/1/1981,12/31/1991,1222
18381,PEUGEOT,PARTNER 1 PHASE 1,Fourgon,7/1/1996,12/31/2002,1182
18382,PEUGEOT,PARTNER 1 PHASE 2,Fourgon,11/1/2002,1/31/2012,1181
18385,PEUGEOT,PARTNER 2 PHASE 1,Fourgon,5/1/2008,3/31/2012,1180
18383,PEUGEOT,PARTNER 2 PHASE 2,Fourgon,2/1/2012,4/30/2015,1180
18384,PEUGEOT,PARTNER 2 PHASE 3,Fourgon,4/1/2015,,1920
20146,PEUGEOT,PARTNER 2 TEPEE PHASE 3,Combi,4/1/2015,,1920
18386,PEUGEOT,PARTNER 3,Fourgon,9/1/2018,,3010
18388,PEUGEOT,RCZ PHASE 1 COUPE,Coupé,1/1/2010,12/31/2012,1218
18387,PEUGEOT,RCZ PHASE 2 COUPE,Coupé,9/1/2012,,1218
18389,PEUGEOT,RIFTER,Combi,3/1/2018,,2148
19935,PEUGEOT,RIFTER SOCIETE,Combi,3/1/2018,,2148
18390,PEUGEOT,TRAVELLER,Minibus,3/1/2016,,2197
19735,PGO,CEVENNES CABRIOLET,Cabriolet,1/1/2006,,3500
19753,PGO,HEMERA COUPE,Coupé,5/1/2008,,3501
20296,PGO,SPEEDSTER 2 CABRIOLET,Cabriolet,6/1/2005,,3503
19754,PGO,SPEEDSTER 2 CABRIOLET,Cabriolet,1/1/2010,,3503
19616,PIAGGIO,PORTER,Chassis,11/1/2015,,1223
19640,PIAGGIO,PORTER,Fourgon,11/1/2015,,1223
19674,PIAGGIO,PORTER BENNE,Benne,11/1/2015,,1223
20116,PIAGGIO,PORTER NP6,Chassis,1/1/2021,,3459
20464,PIAGGIO,PORTER NP6,Fourgon,1/1/2021,,3459
20223,POLESTAR,1 COUPE,Coupé,10/1/2019,,3338
18393,PORSCHE,911 1 CABRIOLET PHASE 3,Cabriolet,7/1/1980,6/30/1989,2232
18394,PORSCHE,911 1 COUPE PHASE 3,Coupé,7/1/1977,6/30/1989,2232
18395,PORSCHE,911 1 TARGA PHASE 3,Targa,12/1/1977,6/30/1989,2232
18396,PORSCHE,911 2 964 CABRIOLET,Cabriolet,7/1/1989,6/30/1994,2233
18397,PORSCHE,911 2 964 COUPE,Coupé,1/1/1989,6/30/1994,2233
18401,PORSCHE,911 3 993 CABRIOLET,Cabriolet,4/1/1994,6/30/1998,2234
19480,PORSCHE,911 3 993 COUPE,Coupé,11/1/1993,6/30/1998,2234
20454,PORSCHE,911 3 993 COUPE CABRIOLET,Cabriolet,11/1/1993,6/30/1998,2234
20456,PORSCHE,911 3 993 COUPE TARGA,Targa,11/1/1993,6/30/1998,2234
20455,PORSCHE,911 3 993 TARGA,Targa,11/1/1993,6/30/1998,2234
18404,PORSCHE,911 4 996 CABRIOLET,Cabriolet,2/1/1998,6/30/2005,2236
18405,PORSCHE,911 4 996 COUPE,Coupé,2/1/1998,6/30/2005,2236
18406,PORSCHE,911 4 996 TARGA,Targa,2/1/1998,6/30/2005,2236
18407,PORSCHE,911 5 997 CABRIOLET PHASE 1,Cabriolet,5/1/2007,5/31/2009,2237
18408,PORSCHE,911 5 997 CABRIOLET PHASE 2,Cabriolet,7/1/2008,6/30/2012,2237
20450,PORSCHE,911 5 997 COUPE PHASE 1,Coupé,7/1/2004,7/31/2008,2237
18409,PORSCHE,911 5 997 COUPE PHASE 1,Coupé,7/1/2007,5/31/2009,2237
18410,PORSCHE,911 5 997 COUPE PHASE 2,Coupé,9/1/2010,,2237
18415,PORSCHE,911 5 997 TARGA PHASE 1,Targa,7/1/2004,7/31/2008,2237
18414,PORSCHE,911 5 997 TARGA PHASE 2,Targa,7/1/2008,,2237
18417,PORSCHE,911 6 991 CABRIOLET PHASE 1,Cabriolet,1/1/2012,,2238
19498,PORSCHE,911 6 991 CABRIOLET PHASE 2,Cabriolet,1/1/2016,,2238
18419,PORSCHE,911 6 991 COUPE PHASE 1,Coupé,11/1/2011,1/31/2016,2238
19499,PORSCHE,911 6 991 COUPE PHASE 2,Coupé,1/1/2016,,2238
18421,PORSCHE,911 6 991 TARGA PHASE 1,Targa,6/1/2014,,2238
18422,PORSCHE,911 6 991 TARGA PHASE 2,Targa,1/1/2016,,2238
20453,PORSCHE,911 6 991TARGA PHASE 2,Targa,1/1/2016,,2238
20148,PORSCHE,911 6 992 CABRIOLET PHASE 2,Cabriolet,1/1/2016,,2238
19560,PORSCHE,911 6 CABRIOLET PHASE 2,Cabriolet,1/1/2016,,2238
19595,PORSCHE,911 6 COUPE PHASE 2,Coupé,1/1/2016,,2238
19515,PORSCHE,911 7 992 CABRIOLET,Cabriolet,4/1/2019,,2261
19514,PORSCHE,911 7 992 COUPE,Coupé,4/1/2019,,2261
20012,PORSCHE,911 7 992 TARGA,Targa,4/1/2019,,2261
20448,PORSCHE,918 CABRIOLET,Cabriolet,11/1/2013,,3112
18423,PORSCHE,924 COUPE,Coupé,7/1/1982,6/30/1988,1248
18424,PORSCHE,928 COUPE,Coupé,1/1/1980,9/30/1995,1245
18426,PORSCHE,944 CABRIOLET,Cabriolet,1/1/1989,6/30/1992,1244
18425,PORSCHE,944 COUPE,Coupé,11/1/1981,6/30/1992,1244
18427,PORSCHE,959 COUPE,Coupé,4/1/1987,12/31/1988,3480
18429,PORSCHE,968 CABRIOLET,Cabriolet,10/1/1991,6/30/1995,1251
18428,PORSCHE,968 COUPE,Coupé,10/1/1991,6/30/1995,1251
18430,PORSCHE,BOXSTER 1 986 CABRIOLET,Cabriolet,9/1/1996,12/31/2004,1246
18431,PORSCHE,BOXSTER 2 987 CABRIOLET,Cabriolet,12/1/2004,12/31/2011,2240
18432,PORSCHE,BOXSTER 3 981 PHASE 1 CABRIOLET,Cabriolet,3/1/2012,9/30/2017,2241
18391,PORSCHE,BOXSTER 3 982 PHASE 2 CABRIOLET,Cabriolet,9/1/2017,,2242
18434,PORSCHE,CARRERA 980 GT CABRIOLET,Cabriolet,9/1/2003,,2824
18435,PORSCHE,CAYENNE 1 PHASE 1,SUV,1/1/2003,12/31/2006,1247
18436,PORSCHE,CAYENNE 1 PHASE 2,SUV,1/1/2007,3/31/2010,1247
18438,PORSCHE,CAYENNE 2 PHASE 1,SUV,3/1/2010,9/30/2014,2244
18437,PORSCHE,CAYENNE 2 PHASE 2,SUV,9/1/2014,,2244
20308,PORSCHE,CAYENNE 2 SOCIETE PHASE 1,SUV,3/1/2010,9/30/2014,2244
20451,PORSCHE,CAYENNE 2 SOCIETE PHASE 2,SUV,9/1/2014,,2244
18439,PORSCHE,CAYENNE 3,SUV,10/1/2017,,2245
19695,PORSCHE,CAYENNE COUPE,SUV,1/1/2019,,2245
19481,PORSCHE,CAYMAN 1 987 COUPE,Coupé,11/1/2005,12/31/2012,1250
18441,PORSCHE,CAYMAN 2 981 PHASE 1 COUPE,Coupé,1/1/2013,,2243
19712,PORSCHE,CAYMAN 718 2 982 PHASE 2 COUPE,Coupé,4/1/2016,,2246
18392,PORSCHE,CAYMAN 718 2 982 PHASE 2 COUPE,Coupé,10/1/2016,,2246
18443,PORSCHE,MACAN PHASE 1,SUV,3/1/2014,10/31/2018,1961
18444,PORSCHE,MACAN PHASE 2,SUV,10/1/2018,,2058
20301,PORSCHE,MACAN PHASE 2,SUV,7/1/2021,,2058
18445,PORSCHE,PANAMERA 1 970,Berline,9/1/2009,2/28/2017,1256
20452,PORSCHE,PANAMERA 1 970 SOCIETE,Berline,9/1/2009,2/28/2017,1256
18446,PORSCHE,PANAMERA 2 971,Berline,2/1/2017,,2247
20147,PORSCHE,PANAMERA 2 971 EXECUTIVE,Berline,2/1/2017,,2247
20172,PORSCHE,PANAMERA 2 971 SPORT TURISMO,Berline,2/1/2017,,2247
18447,PORSCHE,PANAMERA 2 971 SPORT TURISMO BREAK,Break,2/1/2017,,2247
19783,PORSCHE,TAYCAN COUPE,Coupé,5/1/2019,,2112
20192,PORSCHE,TAYCAN CROSS TURISMO BREAK,Break,3/1/2021,,2112
20383,PORSCHE,TAYCAN CROSS TURISMO COUPE,Coupé,5/1/2019,,2112
20356,PORSCHE,TAYCAN SPORT TURISMO BREAK,Break,8/1/2021,,2112
19733,RADICAL SPORTSCARS,RXC TURBO COUPE,Coupé,2/1/2015,,3511
18449,RENAULT,ALASKAN,Pickup,9/1/2017,,2005
18451,RENAULT,ALPINE A310 COUPE,Coupé,7/1/1980,6/30/1985,2339
18452,RENAULT,ALPINE A610 COUPE,Coupé,4/1/1991,6/30/1995,2397
20089,RENAULT,ARKANA,SUV,3/1/2021,,2964
20389,RENAULT,AUSTRAL,SUV,3/1/2022,,3296
19722,RENAULT,CAPTUR 2,SUV,1/1/2020,,2865
18463,RENAULT,CLIO 1 PHASE 1,Berline,6/1/1990,3/31/1994,1735
18461,RENAULT,CLIO 1 PHASE 2,Berline,3/1/1994,3/31/1996,1735
18462,RENAULT,CLIO 1 PHASE 3,Berline,3/1/1996,8/31/1998,1736
18466,RENAULT,CLIO 2 CAMPUS PHASE 1,Berline,7/1/2006,7/31/2009,1738
18467,RENAULT,CLIO 2 CAMPUS PHASE 2,Berline,7/1/2009,12/31/2012,1738
18464,RENAULT,CLIO 2 PHASE 1,Berline,3/1/1998,6/30/2001,1737
18465,RENAULT,CLIO 2 PHASE 2,Berline,6/1/2001,7/31/2006,1738
18468,RENAULT,CLIO 2 SPORT PHASE 1,Berline,11/1/2000,4/30/2002,1737
18469,RENAULT,CLIO 2 SPORT PHASE 2,Berline,4/1/2003,7/31/2005,1738
18471,RENAULT,CLIO 3 PHASE 1,Berline,9/1/2005,3/31/2009,1739
18472,RENAULT,CLIO 3 PHASE 1 BREAK,Break,1/1/2008,3/31/2009,1739
18470,RENAULT,CLIO 3 PHASE 2,Berline,3/1/2009,12/31/2014,1739
18473,RENAULT,CLIO 3 PHASE 2 BREAK,Break,3/1/2009,12/31/2014,1739
18475,RENAULT,CLIO 4 PHASE 1,Berline,7/1/2012,9/30/2016,1740
18477,RENAULT,CLIO 4 PHASE 1 BREAK,Break,10/1/2012,9/30/2016,1740
18474,RENAULT,CLIO 4 PHASE 2,Berline,8/1/2016,,1740
18476,RENAULT,CLIO 4 PHASE 2 BREAK,Break,8/1/2016,,1740
19516,RENAULT,CLIO 4 SOCIETE PHASE 2,Berline,8/1/2016,,1740
18479,RENAULT,CLIO 5,Berline,5/1/2019,,1885
20479,RENAULT,CLIO 5,Berline,1/1/2021,,1885
18486,RENAULT,ESPACE 4 PHASE 1,Monospace,9/1/2002,3/31/2006,3206
18487,RENAULT,ESPACE 4 PHASE 2,Monospace,3/1/2006,7/31/2012,3206
18488,RENAULT,ESPACE 4 PHASE 4,Monospace,6/1/2012,6/30/2015,3206
18489,RENAULT,ESPACE 5,Monospace,2/1/2015,,2259
18490,RENAULT,ESTAFETTE,Fourgon,1/1/1959,12/31/1980,3454
18493,RENAULT,FLUENCE PHASE 1,Berline,1/1/2010,6/30/2013,1884
18494,RENAULT,FLUENCE PHASE 2,Berline,7/1/2013,,1884
18495,RENAULT,FUEGO COUPE,Coupé,2/1/1980,6/30/1985,3142
18501,RENAULT,GRAND SCENIC 2 PHASE 1,Monospace,6/1/2003,9/30/2006,2009
18506,RENAULT,GRAND SCENIC 4,Monospace,9/1/2016,,2077
18507,RENAULT,KADJAR PHASE 1,SUV,6/1/2015,11/30/2018,1918
18508,RENAULT,KADJAR PHASE 2,SUV,12/1/2018,,1918
18510,RENAULT,KANGOO 1 PHASE 1,Combi,9/1/1997,3/31/2003,1693
18509,RENAULT,KANGOO 1 PHASE 2,Fourgon,3/1/2003,12/31/2007,1694
18511,RENAULT,KANGOO 2 PHASE 1,Fourgon,1/1/2008,3/31/2013,1695
20291,RENAULT,KANGOO 2 PHASE 1,Combi,1/1/2008,3/31/2013,1695
18512,RENAULT,KANGOO 2 PHASE 2,Fourgon,1/1/2013,,1696
19566,RENAULT,KANGOO 2 PHASE 2,Pickup,1/1/2013,,1696
20127,RENAULT,KANGOO 2 PHASE 2,Combi,1/1/2013,,1696
20152,RENAULT,KANGOO 3,Fourgon,4/1/2021,,3016
20173,RENAULT,KANGOO 3,Combi,4/1/2021,,3016
18516,RENAULT,KOLEOS 2 PHASE 1,SUV,4/1/2016,9/30/2019,3097
19622,RENAULT,KOLEOS 2 PHASE 2,SUV,9/1/2019,,3097
18519,RENAULT,LAGUNA 1 PHASE 1,Berline,1/1/1994,4/30/1998,1395
18520,RENAULT,LAGUNA 1 PHASE 1 BREAK,Break,1/1/1994,4/30/1998,1395
19485,RENAULT,LAGUNA 1 PHASE 1 BREAK,Break,11/1/2000,3/31/2005,1395
18517,RENAULT,LAGUNA 1 PHASE 2,Berline,4/1/1998,11/30/2000,1395
18518,RENAULT,LAGUNA 1 PHASE 2 BREAK,Break,4/1/1998,11/30/2000,1395
19486,RENAULT,LAGUNA 1 PHASE 2 BREAK,Break,11/1/2000,3/31/2005,1396
18521,RENAULT,LAGUNA 2 PHASE 1,Berline,11/1/2000,3/31/2005,1396
18523,RENAULT,LAGUNA 2 PHASE 1 BREAK,Break,11/1/2000,3/31/2005,1396
18522,RENAULT,LAGUNA 2 PHASE 2,Berline,3/1/2005,9/30/2007,1396
18524,RENAULT,LAGUNA 2 PHASE 2 BREAK,Break,3/1/2005,9/30/2007,1396
18525,RENAULT,LAGUNA 3 PHASE 1,Berline,10/1/2007,10/31/2010,1397
18530,RENAULT,LAGUNA 3 PHASE 1 BREAK,Break,10/1/2007,10/31/2010,1397
18528,RENAULT,LAGUNA 3 PHASE 1 COUPE,Coupé,10/1/2008,3/31/2013,1397
18526,RENAULT,LAGUNA 3 PHASE 2,Berline,11/1/2010,3/31/2013,1397
18531,RENAULT,LAGUNA 3 PHASE 2 BREAK,Break,11/1/2010,3/31/2013,1397
18529,RENAULT,LAGUNA 3 PHASE 2 COUPE,Coupé,4/1/2013,,1397
18527,RENAULT,LAGUNA 3 PHASE 3,Berline,4/1/2013,,1397
18532,RENAULT,LAGUNA 3 PHASE 3 BREAK,Break,4/1/2013,,1397
18533,RENAULT,LATITUDE,Berline,4/1/2010,,1901
20093,RENAULT,LOGAN 2 PHASE 2,Berline,2/1/2017,,1855
18542,RENAULT,MAXITY,Chassis,3/1/2007,,3379
18565,RENAULT,MEGANE 4 PHASE 1,Berline,11/1/2015,9/30/2020,1917
18566,RENAULT,MEGANE 4 PHASE 1 BREAK,Break,11/1/2015,9/30/2020,1917
20060,RENAULT,MEGANE 4 PHASE 2,Berline,9/1/2020,,1917
19934,RENAULT,MEGANE 4 PHASE 2 BREAK,Break,9/1/2020,,1917
20253,RENAULT,MEGANE 5,Berline,10/1/2021,,3258
18570,RENAULT,R12,Berline,10/1/1969,8/31/1980,3229
18571,RENAULT,R12 BREAK,Break,10/1/1969,8/31/1980,3229
18572,RENAULT,R14,Berline,7/1/1979,6/30/1983,3228
18573,RENAULT,R18 PHASE 1,Berline,1/1/1978,3/31/1984,2386
18575,RENAULT,R18 PHASE 1 BREAK,Break,1/1/1978,3/31/1984,2386
18574,RENAULT,R18 PHASE 2,Berline,3/1/1984,1/31/1986,2386
18576,RENAULT,R18 PHASE 2 BREAK,Break,3/1/1984,1/31/1986,2386
18581,RENAULT,R20,Berline,10/1/1975,3/31/1984,3504
18585,RENAULT,R21 PHASE 1,Berline,1/1/1986,6/30/1989,2814
18584,RENAULT,R21 PHASE 1 BREAK,Break,1/1/1986,6/30/1989,2814
18582,RENAULT,R21 PHASE 2,Berline,7/1/1989,9/30/1994,2814
18583,RENAULT,R21 PHASE 2 BREAK,Break,7/1/1989,9/30/1994,2814
18586,RENAULT,R25 PHASE 1,Berline,3/1/1984,7/31/1988,2227
18587,RENAULT,R25 PHASE 2,Berline,7/1/1988,6/30/1992,2227
18592,RENAULT,R6,Berline,10/1/1969,4/30/1980,3227
18594,RENAULT,RODEO,Berline,8/1/1971,11/30/1981,3455
19730,RENAULT,SANDERO,Berline,5/1/2015,,3088
18604,RENAULT,SCENIC 4,Monospace,9/1/2016,,2077
18605,RENAULT,SPIDER CABRIOLET,Cabriolet,12/1/1995,8/31/2000,3499
18606,RENAULT,SUPER 5,Berline,10/1/1984,12/31/1996,2388
20077,RENAULT,SYMBOL PHASE 1,Berline,10/1/2012,1/31/2017,2391
18607,RENAULT,TALISMAN,Berline,7/1/2015,,1998
18608,RENAULT,TALISMAN BREAK,Break,4/1/2016,,1998
18609,RENAULT,THALIA PHASE 1,Berline,6/1/2001,10/31/2008,1851
18610,RENAULT,THALIA PHASE 2,Berline,10/1/2008,,1851
20303,RENAULT,ZOE 1,Berline,10/1/2012,8/31/2019,1968
20312,RENAULT,ZOE 1 SOCIETE,Berline,10/1/2012,8/31/2019,1968
20310,RENAULT,ZOE 2,Berline,9/1/2019,,1968
20311,RENAULT,ZOE 2 SOCIETE,Berline,9/1/2019,,1968
19641,ROLLS ROYCE,CULLINAN,Berline,8/1/2018,,2905
19666,ROLLS ROYCE,DAWN CABRIOLET,Cabriolet,2/1/2016,,3145
19670,ROLLS ROYCE,GHOST,Berline,12/1/2009,,2995
19642,ROLLS ROYCE,PHANTOM,Berline,9/1/2017,,3152
19686,ROLLS ROYCE,PHANTOM CABRIOLET,Cabriolet,6/1/2007,7/31/2017,3151
19667,ROLLS ROYCE,WRAITH COUPE,Coupé,8/1/2013,,2916
18629,ROVER,100 CABRIOLET,Cabriolet,7/1/1995,9/30/1998,2543
18627,ROVER,100 PHASE 1,Berline,9/1/1990,6/30/1995,2543
18628,ROVER,100 PHASE 2,Berline,1/1/1995,9/30/1998,2543
18630,ROVER,200 1 PHASE 1,Berline,7/1/1985,2/28/1990,1258
18635,ROVER,200 1 PHASE 2,Berline,3/1/1990,12/31/1993,1258
18633,ROVER,200 1 PHASE 2 CABRIOLET,Cabriolet,4/1/1992,12/31/1993,1258
18636,ROVER,200 1 PHASE 2 COUPE,Coupé,10/1/1992,12/31/1993,1258
18631,ROVER,200 1 PHASE 3,Berline,1/1/1994,3/31/1996,1258
18634,ROVER,200 1 PHASE 3 CABRIOLET,Cabriolet,1/1/1994,6/30/1996,1258
18632,ROVER,200 1 PHASE 3 COUPE,Coupé,1/1/1994,6/30/1998,1258
18637,ROVER,200 2,Berline,5/1/1996,4/30/2000,1258
18638,ROVER,200 2 CABRIOLET,Cabriolet,5/1/1996,4/30/2000,1258
18639,ROVER,2000/3500 2,Berline,7/1/1981,6/30/1986,1268
18640,ROVER,25 PHASE 1,Berline,1/1/2000,8/31/2004,1263
18641,ROVER,25 PHASE 2,Berline,8/1/2004,12/31/2005,1263
18643,ROVER,400 1,Berline,9/1/1994,6/30/1996,1259
18645,ROVER,400 1 BREAK,Break,9/1/1994,6/30/1996,1259
18642,ROVER,400 1 PHASE 1,Berline,12/1/1990,12/31/1993,1259
18644,ROVER,400 1 PHASE 2,Berline,6/1/1994,12/31/1995,1259
18646,ROVER,400 2,Berline,6/1/1996,4/30/2000,1259
18647,ROVER,45 PHASE 1,Berline,2/1/2000,6/30/2004,1261
18648,ROVER,45 PHASE 2,Berline,6/1/2004,12/31/2005,1261
18649,ROVER,600,Berline,6/1/1993,4/30/2000,2095
18650,ROVER,75 PHASE 1,Berline,6/1/1999,3/31/2004,1257
18652,ROVER,75 PHASE 1 BREAK,Break,9/1/2001,3/31/2004,1257
18651,ROVER,75 PHASE 2,Berline,3/1/2004,12/31/2005,1257
18653,ROVER,800 1,Berline,9/1/1986,2/29/1992,1264
18654,ROVER,800 2,Berline,2/1/1992,9/30/1998,1264
18655,ROVER,800 2 COUPE,Coupé,10/1/1992,9/30/1998,1264
18656,ROVER,CITYROVER,Berline,9/1/2003,12/31/2005,2218
18657,ROVER,MAESTRO,Berline,9/1/1983,3/31/1991,2321
18658,ROVER,METRO PHASE 1,Berline,3/1/1981,6/30/1985,1270
18659,ROVER,METRO PHASE 2,Berline,6/1/1985,6/30/1991,1270
18663,ROVER,MINI PHASE 2,Berline,7/1/1982,10/31/2000,1266
18660,ROVER,MINI PHASE 2 CABRIOLET,Cabriolet,7/1/1982,10/31/2000,1266
18661,ROVER,MONTEGO,Berline,10/1/1984,6/30/1992,2323
18662,ROVER,MONTEGO BREAK,Break,7/1/1985,2/28/1993,2323
18665,ROVER,STREETWISE,Berline,9/1/2003,12/31/2005,1265
18666,SAAB,9.3 1,Berline,1/1/1998,12/31/2002,1276
18667,SAAB,9.3 1 CABRIOLET,Cabriolet,1/1/1998,7/31/2003,1276
18668,SAAB,9.3 1 COUPE,Coupé,1/1/1998,12/31/2002,1276
18670,SAAB,9.3 2 CABRIOLET PHASE 1,Cabriolet,7/1/2003,9/30/2007,1275
18669,SAAB,9.3 2 CABRIOLET PHASE 2,Cabriolet,9/1/2007,6/30/2012,1274
18672,SAAB,9.3 2 SPORT HATCH PHASE 1 BREAK,Break,9/1/2005,9/30/2007,1275
18671,SAAB,9.3 2 SPORT HATCH PHASE 2 BREAK,Break,9/1/2007,6/30/2012,1274
18674,SAAB,9.3 2 SPORT SEDAN PHASE 1,Berline,9/1/2002,9/30/2007,1275
18673,SAAB,9.3 2 SPORT SEDAN PHASE 2,Berline,9/1/2007,1/31/2012,1274
18680,SAAB,9.5 1 ESTATE PHASE 1 BREAK,Break,1/1/1999,6/30/2001,1273
18678,SAAB,9.5 1 ESTATE PHASE 2 BREAK,Break,6/1/2001,12/31/2005,1273
18679,SAAB,9.5 1 ESTATE PHASE 3 BREAK,Break,1/1/2006,12/31/2010,1272
18675,SAAB,9.5 1 PHASE 1,Berline,9/1/1997,6/30/2001,1273
18677,SAAB,9.5 1 PHASE 2,Berline,7/1/2001,12/31/2005,1273
18676,SAAB,9.5 1 PHASE 3,Berline,1/1/2006,9/30/2010,1272
18681,SAAB,9.5 2,Berline,9/1/2010,12/31/2012,1271
18683,SAAB,900 1,Berline,10/1/1984,6/30/1987,1284
18682,SAAB,900 1 PHASE 1,Berline,1/1/1978,12/31/1987,1285
18684,SAAB,900 1 PHASE 2,Berline,7/1/1984,12/31/1992,1281
18685,SAAB,900 1 PHASE 3,Berline,9/1/1986,6/30/1993,1281
18686,SAAB,900 1 PHASE 3 CABRIOLET,Cabriolet,9/1/1986,6/30/1994,1281
18687,SAAB,900 2,Berline,6/1/1993,12/31/1998,1280
18689,SAAB,900 2 CABRIOLET,Cabriolet,7/1/1994,12/31/1998,1280
18688,SAAB,900 2 COUPE,Coupé,2/1/1994,12/31/1998,1280
18690,SAAB,9000 PHASE 1,Berline,9/1/1985,6/30/1994,1279
18691,SAAB,9000 PHASE 2,Berline,9/1/1991,12/31/1998,1277
18692,SAAB,99,Berline,1/1/1971,8/31/1985,1288
18693,SEAT,ALHAMBRA 1 PHASE 1,Monospace,5/1/1996,7/31/2000,1697
18694,SEAT,ALHAMBRA 1 PHASE 2,Monospace,7/1/2000,5/31/2010,1697
18695,SEAT,ALHAMBRA 2 PHASE 1,Monospace,6/1/2010,5/31/2015,1698
18696,SEAT,ALHAMBRA 2 PHASE 2,Monospace,6/1/2015,,1698
18698,SEAT,ALTEA PHASE 1,Monospace,4/1/2004,5/31/2009,1699
18697,SEAT,ALTEA PHASE 2,Monospace,5/1/2009,,1699
18702,SEAT,ALTEA XL FREETRACK PHASE 1,Monospace,4/1/2004,5/31/2009,1700
18701,SEAT,ALTEA XL FREETRACK PHASE 2,Monospace,5/1/2009,,1700
18699,SEAT,ALTEA XL PHASE 1,Monospace,4/1/2004,5/31/2009,1700
18700,SEAT,ALTEA XL PHASE 2,Monospace,5/1/2009,,1700
18703,SEAT,ARONA PHASE 1,SUV,6/1/2017,5/31/2021,2118
20206,SEAT,ARONA PHASE 2,SUV,6/1/2021,,2118
18704,SEAT,AROSA PHASE 1,Berline,7/1/1997,11/30/2000,1701
18705,SEAT,AROSA PHASE 2,Berline,11/1/2000,6/30/2005,1701
20160,SEAT,ATECA PHASE 1,SUV,6/1/2016,7/31/2020,1702
20169,SEAT,ATECA PHASE 2,SUV,7/1/2020,,1702
20208,SEAT,ATECA PHASE 2,SUV,9/1/2020,,1702
18708,SEAT,CORDOBA 1 PHASE 1,Berline,12/1/1993,9/30/1999,1703
18707,SEAT,CORDOBA 1 PHASE 1 COUPE,Coupé,12/1/1993,9/30/1999,1703
18709,SEAT,CORDOBA 1 PHASE 2,Berline,9/1/1999,10/31/2002,1704
18710,SEAT,CORDOBA 1 PHASE 2 COUPE,Coupé,9/1/1999,10/31/2002,1704
18711,SEAT,CORDOBA 1 VARIO PHASE 1 BREAK,Break,11/1/1997,9/30/1999,1703
18712,SEAT,CORDOBA 1 VARIO PHASE 2 BREAK,Break,9/1/1999,10/31/2002,1704
18713,SEAT,CORDOBA 2,Berline,10/1/2002,5/31/2009,1705
18714,SEAT,EXEO,Berline,2/1/2009,12/31/2013,1706
18715,SEAT,EXEO ST BREAK,Break,2/1/2009,12/31/2013,1706
18716,SEAT,FURA,Berline,4/1/1984,6/30/1986,1707
18717,SEAT,IBIZA 1 PHASE 1,Berline,7/1/1985,1/31/1989,1708
18718,SEAT,IBIZA 1 PHASE 2,Berline,1/1/1989,3/31/1991,1708
18719,SEAT,IBIZA 1 PHASE 3,Berline,1/1/1991,5/31/1993,1708
18722,SEAT,IBIZA 2 PHASE 1,Berline,5/1/1993,4/30/1996,1709
18721,SEAT,IBIZA 2 PHASE 2,Berline,5/1/1996,9/30/1999,1709
18720,SEAT,IBIZA 2 PHASE 3,Berline,9/1/1999,3/31/2002,1710
18723,SEAT,IBIZA 3 PHASE 1,Berline,3/1/2002,3/31/2006,1711
18724,SEAT,IBIZA 3 PHASE 2,Berline,3/1/2006,6/30/2009,1711
18725,SEAT,IBIZA 4 PHASE 1,Berline,5/1/2008,1/31/2012,1712
18727,SEAT,IBIZA 4 PHASE 1 COUPE,Coupé,5/1/2008,1/31/2012,1712
18726,SEAT,IBIZA 4 PHASE 2,Berline,2/1/2012,9/30/2015,1712
18730,SEAT,IBIZA 4 PHASE 2 COUPE,Coupé,2/1/2012,9/30/2015,1712
18728,SEAT,IBIZA 4 PHASE 3,Berline,9/1/2015,,1712
18729,SEAT,IBIZA 4 PHASE 3 COUPE,Coupé,9/1/2015,,1712
18731,SEAT,IBIZA 4 ST PHASE 1 BREAK,Break,5/1/2010,1/31/2012,1712
18732,SEAT,IBIZA 4 ST PHASE 2 BREAK,Break,2/1/2012,9/30/2015,1712
18733,SEAT,IBIZA 4 ST PHASE 3 BREAK,Break,9/1/2015,,1712
18734,SEAT,IBIZA 5,Berline,2/1/2017,,2096
18735,SEAT,INCA,Fourgon,1/1/1996,12/31/2004,1713
18736,SEAT,LEON 1,Berline,4/1/2000,10/31/2006,1690
18737,SEAT,LEON 2 PHASE 1,Berline,9/1/2005,5/31/2009,1691
18738,SEAT,LEON 2 PHASE 2,Berline,5/1/2009,9/30/2012,1691
18739,SEAT,LEON 3 PHASE 1,Berline,10/1/2012,9/30/2016,1692
18740,SEAT,LEON 3 PHASE 2,Berline,10/1/2016,,1692
18741,SEAT,LEON 3 SC PHASE 1 COUPE,Coupé,10/1/2012,9/30/2016,1692
18742,SEAT,LEON 3 SC PHASE 2 COUPE,Coupé,10/1/2016,,1692
18743,SEAT,LEON 3 ST PHASE 1 BREAK,Break,9/1/2013,9/30/2016,1692
18744,SEAT,LEON 3 ST PHASE 2 BREAK,Break,10/1/2016,,1692
18746,SEAT,LEON 3 X-PERIENCE PHASE 1 BREAK,Break,9/1/2014,9/30/2016,1692
18745,SEAT,LEON 3 X-PERIENCE PHASE 2 BREAK,Break,10/1/2016,,1692
19939,SEAT,LEON 4,Berline,2/1/2020,,2795
19940,SEAT,LEON 4 SPORTSTOURER BREAK,Break,2/1/2020,,2795
18747,SEAT,MALAGA PHASE 1,Berline,10/1/1985,6/30/1989,1714
18748,SEAT,MALAGA PHASE 2,Berline,7/1/1989,6/30/1991,1714
18749,SEAT,MARBELLA,Berline,1/1/1984,5/31/1998,1715
18750,SEAT,MII PHASE 1,Berline,11/1/2011,9/30/2016,1716
18751,SEAT,MII PHASE 2,Berline,10/1/2016,,1716
18752,SEAT,RONDA,Berline,7/1/1983,6/30/1987,1717
18753,SEAT,TARRACO,SUV,1/1/2019,,2186
18755,SEAT,TERRA,Fourgon,7/1/1987,2/28/1995,1718
18754,SEAT,TERRA BREAK,Break,1/1/1991,2/28/1995,1718
18756,SEAT,TOLEDO 1 PHASE 1,Berline,7/1/1991,12/31/1995,1719
18757,SEAT,TOLEDO 1 PHASE 2,Berline,1/1/1996,4/30/1999,1719
18758,SEAT,TOLEDO 2,Berline,4/1/1999,9/30/2004,1720
18759,SEAT,TOLEDO 3,Berline,9/1/2004,5/31/2009,1721
18760,SEAT,TOLEDO 4,Berline,6/1/2012,,1722
18761,SKODA,CITIGO PHASE 1,Berline,11/1/2011,10/31/2016,1668
18762,SKODA,CITIGO PHASE 2,Berline,10/1/2016,,1668
20128,SKODA,ENYAQ,SUV,10/1/2020,,2840
20336,SKODA,ENYAQ COUPE,SUV,10/1/2020,,2840
18763,SKODA,FABIA 1 PHASE 1,Berline,4/1/2000,9/30/2004,1669
18766,SKODA,FABIA 1 PHASE 1 BREAK,Break,11/1/2000,9/30/2004,1669
18764,SKODA,FABIA 1 PHASE 2,Berline,9/1/2004,5/31/2007,1669
18765,SKODA,FABIA 1 PHASE 2 BREAK,Break,9/1/2004,5/31/2007,1669
18768,SKODA,FABIA 2 PHASE 1,Berline,5/1/2007,3/31/2010,1670
18770,SKODA,FABIA 2 PHASE 1 BREAK,Break,1/1/2008,3/31/2010,1670
18767,SKODA,FABIA 2 PHASE 2,Berline,3/1/2010,12/31/2014,1670
18769,SKODA,FABIA 2 PHASE 2 BREAK,Break,3/1/2010,12/31/2014,1670
18771,SKODA,FABIA 3 PHASE 1,Berline,9/1/2014,9/30/2018,1671
18772,SKODA,FABIA 3 PHASE 1 BREAK,Break,11/1/2014,9/30/2018,1671
18773,SKODA,FABIA 3 PHASE 2,Berline,10/1/2018,,1671
18774,SKODA,FABIA 3 PHASE 2 BREAK,Break,10/1/2018,,1671
20228,SKODA,FABIA 4,Berline,6/1/2021,,2929
20293,SKODA,FABIA 4 BREAK,Break,6/1/2021,,2929
18775,SKODA,FAVORIT PHASE 1,Berline,1/1/1989,3/31/1993,1673
18777,SKODA,FAVORIT PHASE 1 BREAK,Break,3/1/1992,3/31/1993,1673
18776,SKODA,FAVORIT PHASE 2,Berline,3/1/1993,1/31/1995,1673
18778,SKODA,FAVORIT PHASE 2 BREAK,Break,3/1/1993,1/31/1995,1673
18782,SKODA,FELICIA,Pickup,10/1/1996,11/30/2000,1675
18780,SKODA,FELICIA PHASE 1,Berline,1/1/1995,3/31/1998,1675
18781,SKODA,FELICIA PHASE 1 BREAK,Break,1/1/1995,3/31/1998,1675
18779,SKODA,FELICIA PHASE 2,Berline,3/1/1998,11/30/2000,1676
18783,SKODA,FELICIA PHASE 2 BREAK,Break,3/1/1998,11/30/2000,1676
19602,SKODA,KAMIQ,SUV,7/1/2019,,2110
18784,SKODA,KAROQ PHASE 1,SUV,8/1/2017,10/31/2021,2056
20373,SKODA,KAROQ PHASE 2,SUV,11/1/2021,,2056
18785,SKODA,KODIAQ PHASE 1,SUV,10/1/2016,8/31/2021,1954
20233,SKODA,KODIAQ PHASE 2,SUV,9/1/2021,,1954
18787,SKODA,OCTAVIA 1 PHASE 1,Berline,5/1/1997,10/31/2000,1677
18788,SKODA,OCTAVIA 1 PHASE 1 BREAK,Break,8/1/1998,10/31/2000,1677
18786,SKODA,OCTAVIA 1 PHASE 2,Berline,10/1/2000,6/30/2010,1677
18789,SKODA,OCTAVIA 1 PHASE 2 BREAK,Break,10/1/2000,6/30/2010,1677
18790,SKODA,OCTAVIA 2 PHASE 1,Berline,6/1/2004,10/31/2008,1678
18792,SKODA,OCTAVIA 2 PHASE 1 BREAK,Break,1/1/2005,10/31/2008,1678
18791,SKODA,OCTAVIA 2 PHASE 2,Berline,10/1/2008,1/31/2013,1678
18793,SKODA,OCTAVIA 2 PHASE 2 BREAK,Break,10/1/2008,1/31/2013,1678
18794,SKODA,OCTAVIA 3 PHASE 1,Berline,2/1/2013,2/28/2017,1679
18795,SKODA,OCTAVIA 3 PHASE 1 BREAK,Break,2/1/2013,2/28/2017,1679
18796,SKODA,OCTAVIA 3 PHASE 2,Berline,2/1/2017,,1679
18797,SKODA,OCTAVIA 3 PHASE 2 BREAK,Break,2/1/2017,,1679
20010,SKODA,OCTAVIA 4,Berline,1/1/2020,,2213
20009,SKODA,OCTAVIA 4 BREAK,Break,1/1/2020,,2213
18798,SKODA,PRAKTIK,Fourgon,9/1/2007,,2071
18799,SKODA,RAPID PHASE 1,Berline,6/1/2012,12/31/2017,1681
18800,SKODA,RAPID PHASE 2,Berline,1/1/2018,,1681
18801,SKODA,RAPID SPACEBACK PHASE 1,Berline,7/1/2013,5/31/2017,1681
18802,SKODA,RAPID SPACEBACK PHASE 2,Berline,5/1/2017,,1681
18803,SKODA,ROOMSTER PHASE 1,Fourgon,9/1/2006,9/30/2010,1682
18804,SKODA,ROOMSTER PHASE 2,Fourgon,10/1/2010,12/31/2015,1682
18805,SKODA,S105,Berline,8/1/1976,12/31/1990,1687
18806,SKODA,SCALA,Berline,2/1/2019,,2048
18807,SKODA,SUPERB 1,Berline,6/1/2002,6/30/2008,1683
18809,SKODA,SUPERB 2 PHASE 1,Berline,6/1/2008,5/31/2013,1684
18808,SKODA,SUPERB 2 PHASE 1 BREAK,Break,1/1/2010,5/31/2013,1684
18810,SKODA,SUPERB 2 PHASE 2,Berline,5/1/2013,,1684
18811,SKODA,SUPERB 2 PHASE 2 BREAK,Break,5/1/2013,,1684
18812,SKODA,SUPERB 3 PHASE 1,Berline,7/1/2015,6/30/2019,1685
18813,SKODA,SUPERB 3 PHASE 1 BREAK,Break,7/1/2015,6/30/2019,1685
20007,SKODA,SUPERB 3 PHASE 2,Berline,6/1/2019,,1685
20008,SKODA,SUPERB 3 PHASE 2 BREAK,Break,6/1/2019,,1685
18814,SKODA,YETI PHASE 1,SUV,10/1/2009,12/31/2013,1686
18815,SKODA,YETI PHASE 2,SUV,1/1/2014,,1686
18816,SMART,CITY COUPE PHASE 1,Coupé,10/1/1998,3/31/2002,1307
18817,SMART,FORFOUR 1,Berline,1/1/2004,12/31/2006,1308
18818,SMART,FORFOUR 2,Berline,9/1/2014,,2217
18819,SMART,FORTWO 1 CABRIOLET,Cabriolet,4/1/2000,12/31/2006,1307
18820,SMART,FORTWO 1 PHASE 2 COUPE,Coupé,3/1/2002,12/31/2006,1307
18822,SMART,FORTWO 2 CABRIOLET,Cabriolet,4/1/2007,,1306
18821,SMART,FORTWO 2 COUPE,Coupé,4/1/2007,,1306
18824,SMART,FORTWO 3 CABRIOLET,Cabriolet,6/1/2014,,2839
19767,SMART,FORTWO 3 CABRIOLET,Cabriolet,10/1/2015,,2839
18823,SMART,FORTWO 3 COUPE,Coupé,6/1/2014,,2839
18825,SMART,ROADSTER CABRIOLET,Cabriolet,1/1/2003,12/31/2006,1309
18826,SMART,ROADSTER COUPE,Coupé,1/1/2003,12/31/2006,1309
18827,SSANGYONG,ACTYON 1,SUV,11/1/2006,5/31/2012,1311
18828,SSANGYONG,ACTYON SPORTS 1,Pickup,11/1/2006,5/31/2012,1902
18829,SSANGYONG,ACTYON SPORTS 2,Pickup,5/1/2012,,1903
18831,SSANGYONG,KORANDO 1 PHASE 1,Tout-Terrain,10/1/1996,7/31/2000,1316
18832,SSANGYONG,KORANDO 1 PHASE 2,Tout-Terrain,8/1/2000,9/30/2004,1316
18833,SSANGYONG,KORANDO 1 PHASE 3,Tout-Terrain,9/1/2004,12/31/2006,1316
18834,SSANGYONG,KORANDO 2 PHASE 1,Tout-Terrain,9/1/2010,12/31/2014,1316
18835,SSANGYONG,KORANDO 2 PHASE 2,Tout-Terrain,1/1/2015,,1316
18836,SSANGYONG,KORANDO 2 PHASE 3,Tout-Terrain,6/1/2017,,1316
19621,SSANGYONG,KORANDO 3,SUV,2/1/2019,,1316
18830,SSANGYONG,KORANDO FAMILY,Tout-Terrain,1/1/1994,6/30/1996,1316
18837,SSANGYONG,KYRON,Tout-Terrain,1/1/2006,12/31/2012,1314
18842,SSANGYONG,MUSSO 2 SPORTS,Pickup,6/1/2018,,1312
18839,SSANGYONG,MUSSO PHASE 1,Tout-Terrain,10/1/1994,6/30/1996,1312
18840,SSANGYONG,MUSSO PHASE 2,Tout-Terrain,7/1/1996,9/30/2000,1312
18838,SSANGYONG,MUSSO PHASE 3,Tout-Terrain,10/1/2000,9/30/2004,1312
18841,SSANGYONG,MUSSO PHASE 4,Tout-Terrain,9/1/2004,12/31/2006,1312
18843,SSANGYONG,MUSSO SPORTS PHASE 4,Pickup,9/1/2004,12/31/2006,1312
18845,SSANGYONG,REXTON 1 PHASE 1,Tout-Terrain,9/1/2004,9/30/2006,1315
18844,SSANGYONG,REXTON 1 PHASE 2,Tout-Terrain,9/1/2006,12/31/2013,1315
18846,SSANGYONG,REXTON 1 PHASE 3,Tout-Terrain,1/1/2014,7/31/2017,1315
18847,SSANGYONG,REXTON 2,Tout-Terrain,8/1/2017,,1315
18848,SSANGYONG,RODIUS 1,Monospace,6/1/2005,12/31/2013,1313
18849,SSANGYONG,RODIUS 2,Monospace,1/1/2014,,1313
18850,SSANGYONG,STAVIC,Monospace,2/1/2005,12/31/2012,1313
18851,SSANGYONG,TIVOLI,SUV,3/1/2015,,1943
18852,SSANGYONG,XLV,SUV,6/1/2016,,1943
18853,SUBARU,B9 TRIBECA,SUV,9/1/2006,9/30/2007,1350
18854,SUBARU,BRZ COUPE,Coupé,5/1/2012,,1351
18855,SUBARU,FORESTER 1,SUV,10/1/1997,9/30/2002,1332
18856,SUBARU,FORESTER 2 PHASE 1,SUV,9/1/2002,9/30/2005,1331
18857,SUBARU,FORESTER 2 PHASE 2,SUV,9/1/2005,4/30/2008,1330
18858,SUBARU,FORESTER 3,SUV,4/1/2008,3/31/2013,1329
18859,SUBARU,FORESTER 4,SUV,6/1/2013,,1328
19784,SUBARU,FORESTER 5,SUV,4/1/2018,,2075
18862,SUBARU,IMPREZA 1,Berline,10/1/1999,9/30/2000,1327
18861,SUBARU,IMPREZA 1 PHASE 1,Berline,6/1/1993,9/30/2000,1327
20117,SUBARU,IMPREZA 1 PHASE 1,Berline,6/1/1993,9/30/1998,1327
18860,SUBARU,IMPREZA 1 PHASE 1 BREAK,Break,6/1/1993,9/30/1998,1327
18864,SUBARU,IMPREZA 1 PHASE 2,Berline,9/1/2000,12/31/2002,1326
18866,SUBARU,IMPREZA 1 PHASE 2 BREAK,Break,10/1/1997,9/30/2000,1327
18863,SUBARU,IMPREZA 1 PHASE 3,Berline,1/1/2003,9/30/2005,1325
18867,SUBARU,IMPREZA 1 PHASE 3 BREAK,Break,9/1/2000,12/31/2002,1326
18865,SUBARU,IMPREZA 1 PHASE 4,Berline,9/1/2005,9/30/2007,1324
18868,SUBARU,IMPREZA 1 PHASE 4 BREAK,Break,1/1/2003,9/30/2005,1325
18869,SUBARU,IMPREZA 1 PHASE 5 BREAK,Break,9/1/2005,9/30/2007,1324
18870,SUBARU,IMPREZA 2,Berline,9/1/2007,12/31/2011,1323
18871,SUBARU,IMPREZA 5,Berline,7/1/2017,,3020
18872,SUBARU,JUSTY 1,Berline,4/1/1996,10/31/2003,1345
19531,SUBARU,JUSTY 2,Berline,10/1/2003,9/30/2007,1345
18873,SUBARU,JUSTY 2 BREAK,Break,10/1/2003,9/30/2007,1345
18874,SUBARU,JUSTY 3,Berline,9/1/2007,12/31/2010,1345
18875,SUBARU,LEGACY 1,Berline,11/1/1989,6/30/1994,1321
18876,SUBARU,LEGACY 1 BREAK,Break,11/1/1989,6/30/1994,1321
18878,SUBARU,LEGACY 2,Berline,7/1/1994,9/30/1998,1321
18877,SUBARU,LEGACY 2 BREAK,Break,7/1/1994,1/31/1999,1321
18879,SUBARU,LEGACY 3,Berline,9/1/1998,10/31/2003,1320
18880,SUBARU,LEGACY 3 BREAK,Break,9/1/1998,10/31/2003,1320
18882,SUBARU,LEGACY 4 PHASE 1,Berline,10/1/2003,9/30/2006,1319
18883,SUBARU,LEGACY 4 PHASE 1 BREAK,Break,10/1/2003,9/30/2006,1319
18885,SUBARU,LEVORG BREAK,Break,6/1/2015,,2054
18886,SUBARU,OUTBACK 1,SUV,1/1/1999,10/31/2003,1337
18887,SUBARU,OUTBACK 2 PHASE 1,SUV,10/1/2003,9/30/2006,1336
18888,SUBARU,OUTBACK 2 PHASE 1 BREAK,Break,10/1/2003,9/30/2006,1336
18889,SUBARU,OUTBACK 2 PHASE 2,SUV,9/1/2006,12/31/2009,1335
18890,SUBARU,OUTBACK 3,SUV,1/1/2010,10/31/2013,1334
18891,SUBARU,OUTBACK 4,SUV,11/1/2014,,2004
20317,SUBARU,OUTBACK 5,SUV,12/1/2020,,2185
20435,SUBARU,SOLTERRA,SUV,2/1/2022,,3341
18892,SUBARU,SVX COUPE,Coupé,3/1/1993,9/30/1997,1344
18893,SUBARU,TREZIA,Monospace,4/1/2011,12/31/2014,2097
18894,SUBARU,VANILLE,Minibus,10/1/1993,9/30/1997,3488
18895,SUBARU,VIVIO,Berline,12/1/1992,1/31/2001,2189
18896,SUBARU,WRX,Berline,2/1/2014,,2135
18897,SUBARU,XV 1,SUV,1/1/2012,9/30/2017,2930
18898,SUBARU,XV 2,SUV,9/1/2017,,2931
20040,SUZUKI,ACROSS,SUV,6/1/2020,,3178
18899,SUZUKI,ALTO 1,Berline,10/1/1996,6/30/2002,1360
18900,SUZUKI,ALTO 2,Berline,6/1/2002,12/31/2005,1360
18901,SUZUKI,ALTO 3,Berline,1/1/2009,,1360
18902,SUZUKI,BALENO 1,Berline,7/1/1995,2/28/2002,1358
18903,SUZUKI,BALENO 1 BREAK,Break,10/1/1996,2/28/2002,1358
18904,SUZUKI,BALENO 2,Berline,2/1/2016,,2841
18905,SUZUKI,CAPPUCINO CABRIOLET,Cabriolet,2/1/1992,8/31/1995,3487
18906,SUZUKI,CARRY,Minibus,6/1/1993,7/31/2001,3486
18907,SUZUKI,CELERIO,Berline,11/1/2014,,2030
18908,SUZUKI,GRAND VITARA 1,Tout-Terrain,4/1/1998,9/30/2005,1354
18909,SUZUKI,GRAND VITARA 1 CABRIOLET,Cabriolet,7/1/1999,4/30/2003,1354
18911,SUZUKI,GRAND VITARA 2 PHASE 1,Tout-Terrain,9/1/2005,9/30/2009,1353
18910,SUZUKI,GRAND VITARA 2 PHASE 2,Tout-Terrain,9/1/2009,12/31/2014,1353
18912,SUZUKI,GRAND VITARA XL PHASE 1,Tout-Terrain,9/1/2001,12/31/2003,1354
18913,SUZUKI,GRAND VITARA XL PHASE 2,Tout-Terrain,1/1/2004,12/31/2005,1354
18914,SUZUKI,IGNIS 1,Monospace,9/1/2000,9/30/2006,1364
18915,SUZUKI,IGNIS 2,Monospace,9/1/2003,9/30/2009,1364
18916,SUZUKI,IGNIS 3,SUV,10/1/2016,,1364
18917,SUZUKI,JIMNY 1 PHASE 1,Tout-Terrain,10/1/1998,12/31/2004,1362
18918,SUZUKI,JIMNY 1 PHASE 2,Tout-Terrain,1/1/2005,12/31/2009,1362
18919,SUZUKI,JIMNY 1 PHASE 3,Tout-Terrain,1/1/2010,,1362
18920,SUZUKI,JIMNY 2,Tout-Terrain,6/1/2018,,1362
18921,SUZUKI,KIZASHI,Berline,3/1/2010,12/31/2013,1373
18922,SUZUKI,LIANA,Berline,7/1/2001,,1361
18923,SUZUKI,SAMURAI,Tout-Terrain,7/1/1988,6/30/2003,1369
18924,SUZUKI,SJ410,Tout-Terrain,7/1/1985,2/28/1990,1367
18925,SUZUKI,SJ413,Tout-Terrain,6/1/1987,6/30/1988,1368
18926,SUZUKI,SPLASH,Monospace,3/1/2008,12/31/2012,1370
20041,SUZUKI,SWACE BREAK,Break,8/1/2020,,2954
18927,SUZUKI,SWIFT 2 PHASE 1,Berline,5/1/1993,4/30/1998,1357
18928,SUZUKI,SWIFT 2 PHASE 2,Berline,10/1/1996,2/28/2002,1357
18929,SUZUKI,SWIFT 3,Berline,3/1/2005,9/30/2011,1366
18930,SUZUKI,SWIFT 4,Berline,9/1/2010,,1365
18931,SUZUKI,SWIFT 5,Berline,2/1/2017,,2076
18932,SUZUKI,SX4 1,SUV,4/1/2006,9/30/2013,1366
18933,SUZUKI,SX4 S-CROSS PHASE 1,SUV,9/1/2013,12/31/2016,2029
18935,SUZUKI,SX4 S-CROSS PHASE 2,SUV,12/1/2016,,2029
18936,SUZUKI,VITARA 1,Tout-Terrain,7/1/1990,12/31/2005,1359
18937,SUZUKI,VITARA 2 PHASE 1,Tout-Terrain,4/1/2015,4/30/2019,2228
19794,SUZUKI,VITARA 2 PHASE 2,Tout-Terrain,4/1/2019,,2228
18939,SUZUKI,WAGON-R PHASE 1,Monospace,2/1/1998,4/30/2000,1363
18938,SUZUKI,WAGON-R PHASE 2,Monospace,4/1/2000,12/31/2007,1363
18940,SUZUKI,X90,SUV,1/1/1996,9/30/1998,1372
20423,TAZZARI,ZERO,Berline,4/1/2013,,2701
20339,TESLA,MODEL 3 5YJ3,Berline,1/1/2019,,1899
20300,TESLA,MODEL 3 5YJ3,Berline,4/1/2020,,1899
20409,TESLA,MODEL S 5YJS,Berline,5/1/2013,12/31/2014,1891
20405,TESLA,MODEL S 5YJS,Berline,11/1/2013,9/30/2014,1891
20406,TESLA,MODEL S 5YJS,Berline,11/1/2013,12/31/2014,1891
20410,TESLA,MODEL S 5YJS,Berline,5/1/2014,,1891
20407,TESLA,MODEL S 5YJS,Berline,10/1/2014,,1891
20419,TESLA,MODEL S 5YJS,Berline,12/1/2014,,1891
20420,TESLA,MODEL S 5YJS,Berline,1/1/2015,,1891
20408,TESLA,MODEL S 5YJS,Berline,2/1/2015,2/29/2016,1891
20411,TESLA,MODEL S 5YJS,Berline,4/1/2015,,1891
20412,TESLA,MODEL S 5YJS,Berline,4/1/2015,2/29/2016,1891
20413,TESLA,MODEL S 5YJS,Berline,6/1/2015,,1891
20421,TESLA,MODEL S 5YJS,Berline,7/1/2015,,1891
20414,TESLA,MODEL S 5YJS,Berline,9/1/2015,,1891
20415,TESLA,MODEL S 5YJS,Berline,12/1/2015,,1891
19727,TESLA,MODEL S 5YJS,Berline,2/1/2016,,1891
20416,TESLA,MODEL S 5YJS,Berline,4/1/2016,,1891
20418,TESLA,MODEL S 5YJS,Berline,6/1/2016,,1891
20422,TESLA,MODEL S 5YJS,Berline,7/1/2016,,1891
20417,TESLA,MODEL S 5YJS,Berline,11/1/2016,,1891
20477,TESLA,MODEL S 5YJS,Berline,1/1/2020,,1891
18943,TESLA,MODEL X 5YJX,SUV,9/1/2015,,1900
20425,TESLA,MODEL X 5YJX,SUV,6/1/2016,,1900
20426,TESLA,MODEL X 5YJX,SUV,8/1/2016,,1900
20427,TESLA,MODEL X 5YJX,SUV,1/1/2017,,1900
20225,TESLA,MODEL Y,SUV,7/1/2021,,3042
20357,TESLA,MODEL Y 5YJY,SUV,7/1/2021,,3042
20478,TESLA,MODEL Y 5YJY,SUV,1/1/2022,,3042
20404,THINK,CITY,Berline,1/1/2008,12/31/2011,3249
18944,TOYOTA,4 RUNNER,Tout-Terrain,1/1/1987,9/30/1996,1752
18945,TOYOTA,AURIS 1 PHASE 1,Berline,3/1/2007,3/31/2010,1756
18946,TOYOTA,AURIS 1 PHASE 2,Berline,3/1/2010,12/31/2012,1756
18947,TOYOTA,AURIS 2 PHASE 1,Berline,12/1/2012,6/30/2015,1757
18950,TOYOTA,AURIS 2 PHASE 1 BREAK,Break,12/1/2012,6/30/2015,1757
18948,TOYOTA,AURIS 2 PHASE 2,Berline,6/1/2015,,1757
18949,TOYOTA,AURIS 2 PHASE 2 BREAK,Break,6/1/2015,,1757
18951,TOYOTA,AVENSIS 1 PHASE 1,Berline,1/1/1998,9/30/2000,1412
18953,TOYOTA,AVENSIS 1 PHASE 1 BREAK,Break,1/1/1998,9/30/2000,1412
18952,TOYOTA,AVENSIS 1 PHASE 2,Berline,9/1/2000,5/31/2003,1413
18954,TOYOTA,AVENSIS 1 PHASE 2 BREAK,Break,9/1/2000,5/31/2003,1413
19507,TOYOTA,AVENSIS 2 PHASE 1,Berline,1/1/1998,9/30/2000,1412
18955,TOYOTA,AVENSIS 2 PHASE 1,Berline,5/1/2003,8/31/2006,1414
18957,TOYOTA,AVENSIS 2 PHASE 1 BREAK,Break,5/1/2003,8/31/2006,1414
18956,TOYOTA,AVENSIS 2 PHASE 2,Berline,8/1/2006,11/30/2009,1763
18958,TOYOTA,AVENSIS 2 PHASE 2 BREAK,Break,8/1/2006,11/30/2009,1763
18959,TOYOTA,AVENSIS 3 PHASE 1,Berline,1/1/2009,2/29/2012,1415
18962,TOYOTA,AVENSIS 3 PHASE 1 BREAK,Break,1/1/2009,2/29/2012,1415
18960,TOYOTA,AVENSIS 3 PHASE 2,Berline,1/1/2012,5/31/2015,1416
18963,TOYOTA,AVENSIS 3 PHASE 2 BREAK,Break,1/1/2012,5/31/2015,1416
18961,TOYOTA,AVENSIS 3 PHASE 3,Berline,5/1/2015,,1762
18964,TOYOTA,AVENSIS 3 PHASE 3 BREAK,Break,5/1/2015,,1762
18965,TOYOTA,AVENSIS VERSO PHASE 1,Monospace,7/1/2001,12/31/2003,1772
18966,TOYOTA,AVENSIS VERSO PHASE 2,Monospace,1/1/2004,9/30/2006,1772
18968,TOYOTA,AYGO 1 PHASE 1,Berline,6/1/2005,11/30/2009,1742
18969,TOYOTA,AYGO 1 PHASE 2,Berline,11/1/2009,6/30/2012,1742
18967,TOYOTA,AYGO 1 PHASE 3,Berline,6/1/2012,12/31/2014,1742
19543,TOYOTA,AYGO 2 PHASE 1,Berline,6/1/2014,2/28/2018,1743
19550,TOYOTA,AYGO 2 PHASE 2,Berline,3/1/2018,,1743
20353,TOYOTA,AYGO X,SUV,3/1/2022,,3160
20379,TOYOTA,BZ4X,SUV,12/1/2021,,3271
18990,TOYOTA,C-HR,SUV,11/1/2016,,1750
20187,TOYOTA,CAMRY,Berline,1/1/2006,9/30/2011,1440
20186,TOYOTA,CAMRY,Berline,1/1/2010,9/30/2011,1440
20188,TOYOTA,CAMRY,Berline,1/1/2010,12/31/2011,1440
18971,TOYOTA,CAMRY 1 PHASE 1,Berline,7/1/1983,6/30/1987,1748
18972,TOYOTA,CAMRY 1 PHASE 2,Berline,7/1/1987,8/31/1991,1745
18973,TOYOTA,CAMRY 2,Berline,9/1/1991,9/30/1996,1437
18974,TOYOTA,CAMRY 3,Berline,12/1/1996,5/31/2000,1438
18975,TOYOTA,CAMRY 4,Berline,8/1/2001,12/31/2004,1439
18976,TOYOTA,CAMRY 8,Berline,2/1/2019,,2880
18978,TOYOTA,CARINA 1,Berline,1/1/1970,6/30/1988,1746
18977,TOYOTA,CARINA 1 BREAK,Break,2/1/1984,6/30/1988,1749
18979,TOYOTA,CARINA 2,Berline,1/1/1988,6/30/1992,1443
18980,TOYOTA,CARINA 3,Berline,7/1/1992,12/31/1997,1444
18981,TOYOTA,CARINA 3 BREAK,Break,7/1/1992,12/31/1997,1444
18982,TOYOTA,CELICA 1 COUPE,Coupé,1/1/1982,5/31/1986,1448
18984,TOYOTA,CELICA 2 CABRIOLET,Cabriolet,7/1/1987,1/31/1989,1449
18983,TOYOTA,CELICA 2 COUPE,Coupé,5/1/1986,2/28/1990,1449
18985,TOYOTA,CELICA 3 COUPE,Coupé,3/1/1990,6/30/1994,1450
18987,TOYOTA,CELICA 4 CABRIOLET,Cabriolet,7/1/1994,6/30/1999,1451
18986,TOYOTA,CELICA 4 COUPE,Coupé,7/1/1994,6/30/1999,1451
18988,TOYOTA,CELICA 5 PHASE 1 COUPE,Coupé,11/1/1999,9/30/2002,1452
18989,TOYOTA,CELICA 5 PHASE 2 COUPE,Coupé,9/1/2002,9/30/2006,1452
18992,TOYOTA,COROLLA 10 PHASE 1,Berline,1/1/2002,7/31/2004,1425
18994,TOYOTA,COROLLA 10 PHASE 1 BREAK,Break,11/1/2002,7/31/2004,1425
18991,TOYOTA,COROLLA 10 PHASE 2,Berline,7/1/2004,8/31/2007,1771
18993,TOYOTA,COROLLA 10 PHASE 2 BREAK,Break,7/1/2004,8/31/2007,1771
18995,TOYOTA,COROLLA 11 PHASE 1,Berline,9/1/2007,4/30/2010,1426
18996,TOYOTA,COROLLA 11 PHASE 2,Berline,4/1/2010,9/30/2013,1426
18997,TOYOTA,COROLLA 12,Berline,9/1/2013,,1427
18998,TOYOTA,COROLLA 3,Berline,1/1/1970,11/30/1979,1768
18999,TOYOTA,COROLLA 4,Berline,7/1/1981,1/31/1984,1769
19001,TOYOTA,COROLLA 4 BREAK,Break,7/1/1981,1/31/1984,1769
19000,TOYOTA,COROLLA 4 COUPE,Coupé,7/1/1981,1/31/1984,1769
19002,TOYOTA,COROLLA 5,Berline,12/1/1983,3/31/1985,1770
19003,TOYOTA,COROLLA 6,Berline,3/1/1985,6/30/1987,1770
19004,TOYOTA,COROLLA 6 COUPE,Coupé,3/1/1985,6/30/1987,1770
19005,TOYOTA,COROLLA 7,Berline,9/1/1987,6/30/1992,1422
19007,TOYOTA,COROLLA 7 BREAK,Break,11/1/1987,7/31/1992,1422
19006,TOYOTA,COROLLA 7 COUPE,Coupé,9/1/1987,1/31/1992,1422
19008,TOYOTA,COROLLA 8,Berline,9/1/1992,6/30/1997,1423
19009,TOYOTA,COROLLA 8 BREAK,Break,7/1/1995,6/30/1997,1424
19010,TOYOTA,COROLLA 9 PHASE 1,Berline,6/1/1997,2/29/2000,1424
19012,TOYOTA,COROLLA 9 PHASE 1 BREAK,Break,6/1/1997,2/29/2000,1424
19011,TOYOTA,COROLLA 9 PHASE 2,Berline,2/1/2000,12/31/2001,1424
19013,TOYOTA,COROLLA 9 PHASE 2 BREAK,Break,2/1/2000,12/31/2001,1424
19014,TOYOTA,COROLLA E21,Berline,1/1/2019,,2017
19015,TOYOTA,COROLLA E21 BREAK,Break,2/1/2019,,2017
19016,TOYOTA,COROLLA VERSO 1,Monospace,1/1/2002,5/31/2004,1457
19017,TOYOTA,COROLLA VERSO 2 PHASE 1,Monospace,5/1/2004,6/30/2007,1458
19018,TOYOTA,COROLLA VERSO 2 PHASE 2,Monospace,6/1/2007,5/31/2009,1459
19022,TOYOTA,DYNA PHASE 2,Chassis,1/1/2008,,1775
19023,TOYOTA,FJ CRUISER,Tout-Terrain,1/1/2006,,1776
20380,TOYOTA,GR86 COUPE,Coupé,2/1/2022,,3342
19024,TOYOTA,GT 86 PHASE 1 COUPE,Coupé,4/1/2012,12/31/2016,2101
19025,TOYOTA,GT 86 PHASE 2 COUPE,Coupé,1/1/2017,,2101
19028,TOYOTA,HI-ACE 2 PHASE 1,Minibus,1/1/1971,12/31/1995,1777
19027,TOYOTA,HI-ACE 2 PHASE 2,Fourgon,1/1/1996,12/31/2006,1462
19026,TOYOTA,HI-ACE 2 PHASE 3,Fourgon,1/1/2007,,1464
20185,TOYOTA,HIGHLANDER,SUV,8/1/2003,5/31/2007,1778
19029,TOYOTA,HIGHLANDER,SUV,9/1/2013,,1780
20151,TOYOTA,HIGHLANDER XU70 XU70,SUV,12/1/2019,,2897
19030,TOYOTA,HILUX 1,Pickup,11/1/1978,12/31/1988,1432
19031,TOYOTA,HILUX 2,Pickup,1/1/1989,10/31/1997,1433
19032,TOYOTA,HILUX 3 PHASE 1,Pickup,3/1/1998,2/28/2002,1434
19033,TOYOTA,HILUX 3 PHASE 2,Pickup,2/1/2002,12/31/2005,1434
19034,TOYOTA,HILUX 4 PHASE 1,Pickup,1/1/2006,5/31/2010,1784
19035,TOYOTA,HILUX 4 PHASE 2,Pickup,1/1/2009,1/31/2012,1436
19036,TOYOTA,HILUX 4 PHASE 3,Pickup,1/1/2012,12/31/2015,1783
19037,TOYOTA,HILUX 5,Pickup,12/1/2015,,1435
19038,TOYOTA,IQ,Berline,1/1/2009,,1785
19039,TOYOTA,LAND CRUISER 1 J40,Tout-Terrain,1/1/1969,6/30/1986,2131
19041,TOYOTA,LAND CRUISER 2 J70 PHASE 1,Tout-Terrain,7/1/1985,4/30/1990,2132
19040,TOYOTA,LAND CRUISER 2 J70 PHASE 2,Tout-Terrain,4/1/1990,9/30/1996,2132
20384,TOYOTA,LAND CRUISER 2 J70 PHASE 2,Tout-Terrain,5/1/1990,9/30/1996,2132
19042,TOYOTA,LAND CRUISER 2 STATION WAGON J60,Tout-Terrain,7/1/1980,9/30/1990,2156
19043,TOYOTA,LAND CRUISER 3 J90 PHASE 1,Tout-Terrain,10/1/1996,9/30/1999,2073
19044,TOYOTA,LAND CRUISER 3 J90 PHASE 2,Tout-Terrain,8/1/1999,2/28/2003,2073
19047,TOYOTA,LAND CRUISER 3 STATION WAGON J80 PHASE 1,Tout-Terrain,4/1/1990,12/31/1994,2130
19048,TOYOTA,LAND CRUISER 3 STATION WAGON J80 PHASE 2,Tout-Terrain,3/1/1995,4/30/1998,2130
19045,TOYOTA,LAND CRUISER 4 J120,Tout-Terrain,2/1/2003,4/30/2010,1876
19049,TOYOTA,LAND CRUISER 4 STATION WAGON J100 PHASE 1,Tout-Terrain,4/1/1998,9/30/2002,1876
19050,TOYOTA,LAND CRUISER 4 STATION WAGON J100 PHASE 2,Tout-Terrain,9/1/2002,10/31/2007,1876
19046,TOYOTA,LAND CRUISER 5 J150,Tout-Terrain,12/1/2009,,1787
19051,TOYOTA,LAND CRUISER 5 STATION WAGON J200 PHASE 1,Tout-Terrain,3/1/2008,12/31/2011,1787
19052,TOYOTA,LAND CRUISER 5 STATION WAGON J200 PHASE 2,Tout-Terrain,1/1/2012,,1787
19054,TOYOTA,LITE-ACE 1 PHASE 1,Fourgon,7/1/1982,6/30/1983,1795
19053,TOYOTA,LITE-ACE 1 PHASE 2,Fourgon,7/1/1983,9/30/1986,1795
19055,TOYOTA,LITE-ACE 2,Fourgon,10/1/1986,4/30/1992,1796
19056,TOYOTA,LITE-ACE 3,Minibus,7/1/1992,6/30/1994,1797
19057,TOYOTA,MIRAI 1,Berline,1/1/2016,6/30/2020,3081
20247,TOYOTA,MIRAI 2,Berline,10/1/2021,,3082
19059,TOYOTA,MODEL-F PHASE 1,Minibus,7/1/1983,6/30/1985,1800
19058,TOYOTA,MODEL-F PHASE 2,Minibus,7/1/1985,6/30/1990,1800
19060,TOYOTA,MR2 PHASE 1 COUPE,Coupé,4/1/1990,6/30/1994,1802
19061,TOYOTA,MR2 PHASE 2 COUPE,Coupé,7/1/1994,9/30/1996,1802
19062,TOYOTA,MR3 PHASE 1 CABRIOLET,Cabriolet,5/1/2000,9/30/2002,1803
19063,TOYOTA,MR3 PHASE 2 CABRIOLET,Cabriolet,9/1/2002,12/31/2006,1803
19065,TOYOTA,PASEO CABRIOLET,Cabriolet,8/1/1996,3/31/1999,1805
19064,TOYOTA,PASEO COUPE,Coupé,8/1/1996,3/31/1999,1805
19066,TOYOTA,PICNIC,Monospace,12/1/1996,7/31/2001,1806
19067,TOYOTA,PREVIA 1,Monospace,7/1/1990,5/31/2000,1807
19068,TOYOTA,PREVIA 2,Monospace,5/1/2000,7/31/2007,1808
19069,TOYOTA,PRIUS 1,Berline,11/1/2000,3/31/2004,1453
19070,TOYOTA,PRIUS 2,Berline,3/1/2004,11/30/2009,1454
19071,TOYOTA,PRIUS 3 PHASE 1,Berline,6/1/2009,2/29/2012,1455
19072,TOYOTA,PRIUS 3 PHASE 2,Berline,3/1/2012,,1455
19073,TOYOTA,PRIUS 3 PHR PHASE 2,Berline,3/1/2012,,1455
19802,TOYOTA,PRIUS 4 PHASE 1,Berline,2/1/2016,9/30/2019,2804
19991,TOYOTA,PRIUS 4 PHASE 2,Berline,10/1/2019,,2804
19075,TOYOTA,PRIUS+,Monospace,4/1/2012,,1839
19076,TOYOTA,PROACE 1,Fourgon,9/1/2013,7/31/2016,2771
19077,TOYOTA,PROACE 2,Minibus,8/1/2016,,2065
19570,TOYOTA,PROACE 2,Fourgon,8/1/2016,,2065
19985,TOYOTA,PROACE 3 CITY,Fourgon,1/1/2020,,3000
19984,TOYOTA,PROACE 3 CITY VERSO,Combi,1/1/2020,,3000
19078,TOYOTA,RAV4 1 PHASE 1,Tout-Terrain,7/1/1995,11/30/1997,1428
19079,TOYOTA,RAV4 1 PHASE 2,Tout-Terrain,11/1/1997,7/31/2000,1428
19080,TOYOTA,RAV4 2 PHASE 1,SUV,7/1/2000,10/31/2003,1429
19081,TOYOTA,RAV4 2 PHASE 2,SUV,10/1/2003,12/31/2005,1429
19083,TOYOTA,RAV4 3 PHASE 1,SUV,2/1/2006,11/30/2009,1430
19082,TOYOTA,RAV4 3 PHASE 2,SUV,11/1/2009,5/31/2011,1430
19084,TOYOTA,RAV4 3 PHASE 3,SUV,6/1/2011,9/30/2013,1430
19085,TOYOTA,RAV4 4 PHASE 1,SUV,1/1/2013,10/31/2015,1431
19086,TOYOTA,RAV4 4 PHASE 2,SUV,10/1/2015,,1431
19087,TOYOTA,RAV4 5,SUV,12/1/2018,,2064
19088,TOYOTA,STARLET 1,Berline,10/1/1978,2/28/1990,1814
19089,TOYOTA,STARLET 1 BREAK,Break,10/1/1978,2/28/1990,1814
19090,TOYOTA,STARLET 2 PHASE 1,Berline,7/1/1990,8/31/1992,1816
19091,TOYOTA,STARLET 2 PHASE 2,Berline,4/1/1992,1/31/1995,1816
19092,TOYOTA,STARLET 2 PHASE 3,Berline,1/1/1995,3/31/1996,1817
19093,TOYOTA,STARLET 3,Berline,5/1/1996,3/31/1999,1817
19094,TOYOTA,SUPRA 1 COUPE,Coupé,7/1/1982,10/31/1986,3485
19506,TOYOTA,SUPRA 1 COUPE,Coupé,7/1/1982,5/31/1986,3485
19095,TOYOTA,SUPRA 2 COUPE,Coupé,10/1/1986,8/31/1992,1819
19096,TOYOTA,SUPRA 3 COUPE,Coupé,12/1/1993,9/30/1996,1818
19097,TOYOTA,SUPRA 4 COUPE,Coupé,1/1/2019,,2918
19098,TOYOTA,TACOMA,Pickup,9/1/2004,7/31/2015,1821
19099,TOYOTA,TERCEL,Berline,9/1/1982,3/31/1985,1823
19100,TOYOTA,TERCEL BREAK,Break,4/1/1983,6/30/1988,1823
19101,TOYOTA,TUNDRA 2,Pickup,11/1/2006,,1828
19102,TOYOTA,URBAN CRUISER,SUV,4/1/2009,12/31/2012,1829
19103,TOYOTA,VERSO PHASE 1,Monospace,6/1/2009,12/31/2012,1741
19104,TOYOTA,VERSO PHASE 2,Monospace,10/1/2012,,1741
19105,TOYOTA,VERSO-S PHASE 1,Monospace,1/1/2011,6/30/2014,1937
19106,TOYOTA,VERSO-S PHASE 2,Monospace,6/1/2014,,1937
19108,TOYOTA,YARIS 1 PHASE 1,Berline,4/1/1999,3/31/2003,1417
19107,TOYOTA,YARIS 1 PHASE 2,Berline,3/1/2003,12/31/2005,1418
19109,TOYOTA,YARIS 2 PHASE 1,Berline,12/1/2005,11/30/2009,1419
19110,TOYOTA,YARIS 2 PHASE 2,Berline,1/1/2010,5/31/2011,1420
19111,TOYOTA,YARIS 3 PHASE 1,Berline,3/1/2011,4/30/2015,1420
19112,TOYOTA,YARIS 3 PHASE 2,Berline,6/1/2014,3/31/2017,1421
19113,TOYOTA,YARIS 3 PHASE 3,Berline,4/1/2017,,1421
19992,TOYOTA,YARIS 4,Berline,9/1/2020,,2829
20215,TOYOTA,YARIS CROSS,SUV,8/1/2021,,3063
19114,TOYOTA,YARIS VERSO PHASE 1,Monospace,11/1/1999,3/31/2003,1830
19115,TOYOTA,YARIS VERSO PHASE 2,Monospace,3/1/2003,6/30/2004,1830
19122,VAUXHALL,ARENA,Minibus,10/1/1997,8/31/2000,3481
19144,VAUXHALL,ASTRA K,Berline,10/1/2015,,1890
19846,VAUXHALL,ASTRA K SPORTS TOURER BREAK,Break,2/1/2016,,1890
19148,VAUXHALL,CASCADA CABRIOLET,Cabriolet,2/1/2013,,1935
19150,VAUXHALL,CAVALIER 3 PHASE 1,Berline,9/1/1988,6/30/1992,3482
19149,VAUXHALL,CAVALIER 3 PHASE 2,Berline,7/1/1992,7/31/1995,3482
19151,VAUXHALL,CHEVETTE,Berline,9/1/1974,12/31/1985,3483
19907,VAUXHALL,CORSA F,Berline,7/1/2019,,2823
19873,VAUXHALL,CROSSLAND X,SUV,5/1/2017,,2080
19902,VAUXHALL,GRANDLAND X,SUV,9/1/2017,,2079
19849,VAUXHALL,INSIGNIA 2 GRAND SPORT,Berline,6/1/2017,,1981
19903,VAUXHALL,INSIGNIA 2 SPORTS TOURER BREAK,Break,6/1/2017,,1981
19874,VAUXHALL,KARL,Berline,4/1/2015,,1907
19847,VAUXHALL,MOKKA 1 PHASE 2,SUV,10/1/2016,12/31/2020,2084
19200,VAUXHALL,VIVA 2,Berline,4/1/2015,,2981
19906,VAUXHALL,VIVARO 3,Fourgon,6/1/2019,,2171
19905,VAUXHALL,ZAFIRA LIFE,Minibus,6/1/2019,,2845
19208,VOLKSWAGEN,181,Tout-Terrain,9/1/1969,7/31/1970,3456
19211,VOLKSWAGEN,ARTEON PHASE 1,Berline,6/1/2017,8/31/2020,1955
20292,VOLKSWAGEN,ARTEON PHASE 2,Berline,8/1/2020,,1955
20024,VOLKSWAGEN,ARTEON SHOOTING BRAKE BREAK,Break,8/1/2020,,1955
19222,VOLKSWAGEN,CADDY 4,Fourgon,6/1/2015,,2195
20056,VOLKSWAGEN,CADDY 4,Fourgon,9/1/2020,,2196
20070,VOLKSWAGEN,CADDY 5,Combi,9/1/2020,,2196
20083,VOLKSWAGEN,CADDY 5,Fourgon,9/1/2020,,2196
19228,VOLKSWAGEN,CRAFTER 2,Fourgon,1/1/2017,,2047
20212,VOLKSWAGEN,CRAFTER 2,Chassis,1/1/2017,,2047
19780,VOLKSWAGEN,GOLF 8,Berline,7/1/2019,,2187
20051,VOLKSWAGEN,GOLF 8 SW BREAK,Break,7/1/2019,,2187
20003,VOLKSWAGEN,ID.3 PRO,Berline,11/1/2019,,2800
20121,VOLKSWAGEN,ID.3 PRO S,Berline,11/1/2019,,2800
20122,VOLKSWAGEN,ID.3 PURE,Berline,11/1/2019,,2800
20190,VOLKSWAGEN,ID.4 GTX,SUV,9/1/2020,,2941
20080,VOLKSWAGEN,ID.4 PERFORMANCE,SUV,9/1/2020,,2941
20189,VOLKSWAGEN,ID.4 PRO,SUV,9/1/2020,,2941
20171,VOLKSWAGEN,ID.4 PURE,SUV,9/1/2020,,2941
20466,VOLKSWAGEN,ID.4 PURE PERFORMANCE,SUV,9/1/2020,,2941
20352,VOLKSWAGEN,ID.5 GTX,SUV,8/1/2021,,3098
20381,VOLKSWAGEN,ID.5 PRO,SUV,8/1/2021,,3098
20350,VOLKSWAGEN,ID.5 PRO PERFORMANCE,SUV,8/1/2021,,3098
19254,VOLKSWAGEN,ILTIS,Tout-Terrain,3/1/1979,12/31/1988,3457
19300,VOLKSWAGEN,POLO 4 PHASE 1,Berline,1/1/2002,5/31/2005,1838
19304,VOLKSWAGEN,POLO 6 PHASE 1,Berline,6/1/2017,4/30/2021,2021
20200,VOLKSWAGEN,POLO 6 PHASE 2,Berline,9/1/2021,,2021
19318,VOLKSWAGEN,T-CROSS,SUV,12/1/2018,,2106
19933,VOLKSWAGEN,T-ROC CABRIOLET,Cabriolet,1/1/2020,,2068
19338,VOLKSWAGEN,T-ROC PHASE 1,SUV,9/1/2017,1/31/2022,2068
20377,VOLKSWAGEN,T-ROC PHASE 2,SUV,2/1/2022,,2068
20252,VOLKSWAGEN,TAIGO,SUV,10/1/2021,,3051
19322,VOLKSWAGEN,TIGUAN 2 ALLSPACE PHASE 1,SUV,1/1/2018,7/31/2020,2124
20023,VOLKSWAGEN,TIGUAN 2 ALLSPACE PHASE 2,SUV,8/1/2020,,2124
19321,VOLKSWAGEN,TIGUAN 2 PHASE 1,SUV,4/1/2016,7/31/2020,1958
20000,VOLKSWAGEN,TIGUAN 2 PHASE 2,SUV,8/1/2020,,1958
19327,VOLKSWAGEN,TOUAREG 3,Tout-Terrain,10/1/2018,,2099
19331,VOLKSWAGEN,TOURAN 3,Monospace,6/1/2015,,1936
20141,VOLKSWAGEN,TRANSPORTER 5 CALIFORNIA PHASE 2 VAN,Van,11/1/2009,,1874
20211,VOLKSWAGEN,TRANSPORTER 5 MULTIVAN PHASE 2,Minibus,11/1/2009,,1874
19336,VOLKSWAGEN,TRANSPORTER 5 PHASE 1,Minibus,6/1/2003,11/30/2009,1874
19335,VOLKSWAGEN,TRANSPORTER 5 PHASE 2,Minibus,11/1/2009,,1874
20315,VOLKSWAGEN,TRANSPORTER 7,Minibus,8/1/2021,,2967
19354,VOLVO,66,Berline,8/1/1975,8/31/1978,3439
20249,VOLVO,C 40,SUV,10/1/2021,,3036
19600,VOLVO,S 60 3,Berline,2/1/2019,,2036
19395,VOLVO,S 90 2,Berline,3/1/2016,,1934
19406,VOLVO,V 60 3 BREAK,Break,5/1/2018,,2037
19414,VOLVO,V 90 2 PHASE 1 BREAK,Break,3/1/2016,7/31/2020,1934
20038,VOLVO,V 90 2 PHASE 2 BREAK,Break,7/1/2020,,1934
19415,VOLVO,V 90 CROSS COUNTRY BREAK,Break,12/1/2016,,2920
19416,VOLVO,XC 40,SUV,1/1/2018,,2089
20324,VOLVO,XC 60 2 PHASE 1,SUV,4/1/2017,4/30/2021,2038
20370,VOLVO,XC 60 2 PHASE 2,SUV,5/1/2017,,2038
20338,VOLVO,XC 60 2 PHASE 2,SUV,5/1/2021,,2038
19426,VOLVO,XC 90 2 PHASE 1,SUV,4/1/2015,6/30/2019,1967
19715,VOLVO,XC 90 2 PHASE 2,SUV,6/1/2019,,1967