opisto_id,Opisto category name,Opisto part category links,Ovoko part ID,Part position Position
1,Interieur complet,https://www.opisto.fr/fr/auto/pieces-occasion/Interieur-complet/toutes-marques/page-1,,957,
2,Siege avant gauche,https://www.opisto.fr/fr/auto/pieces-occasion/Siege-avant-gauche/toutes-marques/page-1,,997,
3,Siege avant droit,https://www.opisto.fr/fr/auto/pieces-occasion/Siege-avant-droit/toutes-marques/page-1,,996,
4,Banquette arriere,https://www.opisto.fr/fr/auto/pieces-occasion/Banquette-arriere/toutes-marques/page-1,,994,
5,Compteur,https://www.opisto.fr/fr/auto/pieces-occasion/Compteur/toutes-marques/page-1,,1009,
6,Commodo,https://www.opisto.fr/fr/auto/pieces-occasion/Commodo/toutes-marques/page-1,,1165,
7,Volant,https://www.opisto.fr/fr/auto/pieces-occasion/Volant/toutes-marques/page-1,,1183,
8,Neiman,https://www.opisto.fr/fr/auto/pieces-occasion/Neiman/toutes-marques/page-1,,1184,
9,Planche de bord complete,https://www.opisto.fr/fr/auto/pieces-occasion/Planche-de-bord-complete/toutes-marques/page-1,,816,
10,Autoradio d'origine,https://www.opisto.fr/fr/auto/pieces-occasion/Autoradio-d'origine/toutes-marques/page-1,,1277,
11,Colonne de direction,https://www.opisto.fr/fr/auto/pieces-occasion/Colonne-de-direction/toutes-marques/page-1,,1488,
12,Commande chauffage,https://www.opisto.fr/fr/auto/pieces-occasion/Commande-chauffage/toutes-marques/page-1,,1122,
13,Ceinture avant droit,https://www.opisto.fr/fr/auto/pieces-occasion/Ceinture-avant-droit/toutes-marques/page-1,,902,90
14,Ceinture arriere gauche,https://www.opisto.fr/fr/auto/pieces-occasion/Ceinture-arriere-gauche/toutes-marques/page-1,,901,60
15,Avertisseur / Klaxon,https://www.opisto.fr/fr/auto/pieces-occasion/Avertisseur-/-Klaxon/toutes-marques/page-1,,1289,
16,Vitre avant gauche,https://www.opisto.fr/fr/auto/pieces-occasion/Vitre-avant-gauche/toutes-marques/page-1,,1195,80
17,Vitre avant droit,https://www.opisto.fr/fr/auto/pieces-occasion/Vitre-avant-droit/toutes-marques/page-1,,1195,90
18,Vitre arriere gauche,https://www.opisto.fr/fr/auto/pieces-occasion/Vitre-arriere-gauche/toutes-marques/page-1,,1193,60
19,Vitre arriere droit,https://www.opisto.fr/fr/auto/pieces-occasion/Vitre-arriere-droit/toutes-marques/page-1,,1193,70
21,Toit ouvrant,https://www.opisto.fr/fr/auto/pieces-occasion/Toit-ouvrant/toutes-marques/page-1,,1101,
22,Plage arriere,https://www.opisto.fr/fr/auto/pieces-occasion/Plage-arriere/toutes-marques/page-1,,949,
23,Pretensionneur de ceinture avant droit,https://www.opisto.fr/fr/auto/pieces-occasion/Pretensionneur-de-ceinture-avant-droit/toutes-marques/page-1,,899,90
24,Air bag conducteur,https://www.opisto.fr/fr/auto/pieces-occasion/Air-bag-conducteur/toutes-marques/page-1,,891,
25,Air bag passager,https://www.opisto.fr/fr/auto/pieces-occasion/Air-bag-passager/toutes-marques/page-1,,893,
26,Air bag lateral gauche,https://www.opisto.fr/fr/auto/pieces-occasion/Air-bag-lateral-gauche/toutes-marques/page-1,,905,20
27,Air bag lateral droit,https://www.opisto.fr/fr/auto/pieces-occasion/Air-bag-lateral-droit/toutes-marques/page-1,,905,40
28,Air bag arriere,https://www.opisto.fr/fr/auto/pieces-occasion/Air-bag-arriere/toutes-marques/page-1,,408,
29,Air bag rideau,https://www.opisto.fr/fr/auto/pieces-occasion/Air-bag-rideau/toutes-marques/page-1,,895,
30,Aile avant gauche,https://www.opisto.fr/fr/auto/pieces-occasion/Aile-avant-gauche/toutes-marques/page-1,,531,80
31,Aile avant droit,https://www.opisto.fr/fr/auto/pieces-occasion/Aile-avant-droit/toutes-marques/page-1,,531,90
32,Porte avant gauche,https://www.opisto.fr/fr/auto/pieces-occasion/Porte-avant-gauche/toutes-marques/page-1,,586,80
33,Porte avant droit,https://www.opisto.fr/fr/auto/pieces-occasion/Porte-avant-droit/toutes-marques/page-1,,586,90
34,Porte arriere gauche,https://www.opisto.fr/fr/auto/pieces-occasion/Porte-arriere-gauche/toutes-marques/page-1,,606,60
35,Porte arriere droit,https://www.opisto.fr/fr/auto/pieces-occasion/Porte-arriere-droit/toutes-marques/page-1,,606,70
36,Malle/Hayon arriere,https://www.opisto.fr/fr/auto/pieces-occasion/Malle/Hayon-arriere/toutes-marques/page-1,,556,
37,Pare choc arriere,https://www.opisto.fr/fr/auto/pieces-occasion/Pare-choc-arriere/toutes-marques/page-1,,543,
38,Feu arriere principal gauche (feux),https://www.opisto.fr/fr/auto/pieces-occasion/Feu-arriere-principal-gauche-(feux)/toutes-marques/page-1,,152,60
39,Feu arriere principal droit (feux),https://www.opisto.fr/fr/auto/pieces-occasion/Feu-arriere-principal-droit-(feux)/toutes-marques/page-1,,152,70
40,Optique avant principal gauche (feux)(phare),https://www.opisto.fr/fr/auto/pieces-occasion/Optique-avant-principal-gauche-(feux)(phare)/toutes-marques/page-1,,136,80
41,Optique avant principal droit (feux)(phare),https://www.opisto.fr/fr/auto/pieces-occasion/Optique-avant-principal-droit-(feux)(phare)/toutes-marques/page-1,,136,90
46,Face avant,https://www.opisto.fr/fr/auto/pieces-occasion/Face-avant/toutes-marques/page-1,,242,
47,Calandre,https://www.opisto.fr/fr/auto/pieces-occasion/Calandre/toutes-marques/page-1,,1214,
48,Traverse superieure,https://www.opisto.fr/fr/auto/pieces-occasion/Traverse-superieure/toutes-marques/page-1,,1493,
49,Pare brise,https://www.opisto.fr/fr/auto/pieces-occasion/Pare-brise/toutes-marques/page-1,,1311,
50,Lunette arriere,https://www.opisto.fr/fr/auto/pieces-occasion/Lunette-arriere/toutes-marques/page-1,,1312,
51,Capote,https://www.opisto.fr/fr/auto/pieces-occasion/Capote/toutes-marques/page-1,,519,
54,Anti brouillard droit (feux),https://www.opisto.fr/fr/auto/pieces-occasion/Anti-brouillard-droit-(feux)/toutes-marques/page-1,,173,90
55,Becquet,https://www.opisto.fr/fr/auto/pieces-occasion/Becquet/toutes-marques/page-1,,1799,
56,Verin de coffre,https://www.opisto.fr/fr/auto/pieces-occasion/Verin-de-coffre/toutes-marques/page-1,,562,
57,Retroviseur gauche,https://www.opisto.fr/fr/auto/pieces-occasion/Retroviseur-gauche/toutes-marques/page-1,,604,20
58,Retroviseur droit,https://www.opisto.fr/fr/auto/pieces-occasion/Retroviseur-droit/toutes-marques/page-1,,604,40
59,Attelage (boule de remorquage),https://www.opisto.fr/fr/auto/pieces-occasion/Attelage-(boule-de-remorquage)/toutes-marques/page-1,,626,
60,Poignee porte avant gauche,https://www.opisto.fr/fr/auto/pieces-occasion/Poignee-porte-avant-gauche/toutes-marques/page-1,,594,20
61,Poignee porte avant droit,https://www.opisto.fr/fr/auto/pieces-occasion/Poignee-porte-avant-droit/toutes-marques/page-1,,594,40
62,Poignee porte arriere gauche,https://www.opisto.fr/fr/auto/pieces-occasion/Poignee-porte-arriere-gauche/toutes-marques/page-1,,614,60
63,Poignee porte arriere droit,https://www.opisto.fr/fr/auto/pieces-occasion/Poignee-porte-arriere-droit/toutes-marques/page-1,,614,70
64,Bras essuie glace avant,https://www.opisto.fr/fr/auto/pieces-occasion/Bras-essuie-glace-avant/toutes-marques/page-1,,106,
65,Bras essuie glace arriere,https://www.opisto.fr/fr/auto/pieces-occasion/Bras-essuie-glace-arriere/toutes-marques/page-1,,118,
66,Radiateur eau,https://www.opisto.fr/fr/auto/pieces-occasion/Radiateur-eau/toutes-marques/page-1,,231,
67,Radiateur chauffage,https://www.opisto.fr/fr/auto/pieces-occasion/Radiateur-chauffage/toutes-marques/page-1,,214,
68,Radiateur huile,https://www.opisto.fr/fr/auto/pieces-occasion/Radiateur-huile/toutes-marques/page-1,,246,
69,Radiateur clim,https://www.opisto.fr/fr/auto/pieces-occasion/Radiateur-clim/toutes-marques/page-1,,205,
70,Compresseur clim,https://www.opisto.fr/fr/auto/pieces-occasion/Compresseur-clim/toutes-marques/page-1,,202,
71,Ventilateur chauffage,https://www.opisto.fr/fr/auto/pieces-occasion/Ventilateur-chauffage/toutes-marques/page-1,,215,
72,Ventilateur eau,https://www.opisto.fr/fr/auto/pieces-occasion/Ventilateur-eau/toutes-marques/page-1,,233,
73,Carburateur,https://www.opisto.fr/fr/auto/pieces-occasion/Carburateur/toutes-marques/page-1,,283,
75,Injecteurs,https://www.opisto.fr/fr/auto/pieces-occasion/Injecteurs/toutes-marques/page-1,,320,
76,Rampe injection,https://www.opisto.fr/fr/auto/pieces-occasion/Rampe-injection/toutes-marques/page-1,,315,
77,Pompe amorçage go,https://www.opisto.fr/fr/auto/pieces-occasion/Pompe-amorçage-go/toutes-marques/page-1,,1770,
78,Pompe à carburant,https://www.opisto.fr/fr/auto/pieces-occasion/Pompe-à-carburant/toutes-marques/page-1,,311,
79,Turbo,https://www.opisto.fr/fr/auto/pieces-occasion/Turbo/toutes-marques/page-1,,278,
80,Reservoir essence,https://www.opisto.fr/fr/auto/pieces-occasion/Reservoir-essence/toutes-marques/page-1,,302,
81,Trappe d'essence,https://www.opisto.fr/fr/auto/pieces-occasion/Trappe-d'essence/toutes-marques/page-1,,803,
82,Pompe haute pression,https://www.opisto.fr/fr/auto/pieces-occasion/Pompe-haute-pression/toutes-marques/page-1,,316,
83,Sphere avant,https://www.opisto.fr/fr/auto/pieces-occasion/Sphere-avant/toutes-marques/page-1,,no category on Ovoko,
84,Sphere arriere,https://www.opisto.fr/fr/auto/pieces-occasion/Sphere-arriere/toutes-marques/page-1,,no category on Ovoko,
85,Pompe à vide,https://www.opisto.fr/fr/auto/pieces-occasion/Pompe-à-vide/toutes-marques/page-1,,1181,
86,Pompe lave glace avant,https://www.opisto.fr/fr/auto/pieces-occasion/Pompe-lave-glace-avant/toutes-marques/page-1,,132,
87,Pompe lave glace arriere,https://www.opisto.fr/fr/auto/pieces-occasion/Pompe-lave-glace-arriere/toutes-marques/page-1,,132,
88,Echangeur air (Intercooler),https://www.opisto.fr/fr/auto/pieces-occasion/Echangeur-air-(Intercooler)/toutes-marques/page-1,,235,
89,Demarreur,https://www.opisto.fr/fr/auto/pieces-occasion/Demarreur/toutes-marques/page-1,,259,
90,Alternateur,https://www.opisto.fr/fr/auto/pieces-occasion/Alternateur/toutes-marques/page-1,,252,
92,Porte fusible,https://www.opisto.fr/fr/auto/pieces-occasion/Porte-fusible/toutes-marques/page-1,,1240,
93,Allumeur (allumage),https://www.opisto.fr/fr/auto/pieces-occasion/Allumeur-(allumage)/toutes-marques/page-1,,1458,
94,Moteur essuie glace avant,https://www.opisto.fr/fr/auto/pieces-occasion/Moteur-essuie-glace-avant/toutes-marques/page-1,,113,
95,Moteur essuie glace arriere,https://www.opisto.fr/fr/auto/pieces-occasion/Moteur-essuie-glace-arriere/toutes-marques/page-1,,119,
96,Batterie,https://www.opisto.fr/fr/auto/pieces-occasion/Batterie/toutes-marques/page-1,,1242,
97,Moteur leve vitre avant gauche,https://www.opisto.fr/fr/auto/pieces-occasion/Moteur-leve-vitre-avant-gauche/toutes-marques/page-1,,602,80
98,Moteur leve vitre avant droit,https://www.opisto.fr/fr/auto/pieces-occasion/Moteur-leve-vitre-avant-droit/toutes-marques/page-1,,602,90
99,Moteur leve vitre arriere gauche,https://www.opisto.fr/fr/auto/pieces-occasion/Moteur-leve-vitre-arriere-gauche/toutes-marques/page-1,,622,60
100,Moteur leve vitre arriere droit,https://www.opisto.fr/fr/auto/pieces-occasion/Moteur-leve-vitre-arriere-droit/toutes-marques/page-1,,622,70
101,Fermeture centralisee avant gauche,https://www.opisto.fr/fr/auto/pieces-occasion/Fermeture-centralisee-avant-gauche/toutes-marques/page-1,,597,80
102,Fermeture centralisee avant droit,https://www.opisto.fr/fr/auto/pieces-occasion/Fermeture-centralisee-avant-droit/toutes-marques/page-1,,597,90
103,Fermeture centralisee arriere gauche,https://www.opisto.fr/fr/auto/pieces-occasion/Fermeture-centralisee-arriere-gauche/toutes-marques/page-1,,617,60
104,Fermeture centralisee arriere droit,https://www.opisto.fr/fr/auto/pieces-occasion/Fermeture-centralisee-arriere-droit/toutes-marques/page-1,,617,70
105,Fermeture centralisee coffre,https://www.opisto.fr/fr/auto/pieces-occasion/Fermeture-centralisee-coffre/toutes-marques/page-1,,564,
106,Moteur,https://www.opisto.fr/fr/auto/pieces-occasion/Moteur/toutes-marques/page-1,,322,
107,Boite de vitesses,https://www.opisto.fr/fr/auto/pieces-occasion/Boite-de-vitesses/toutes-marques/page-1,,Opisto one option in Ovoko more options,
108,Arbre de transmission (propulsion),https://www.opisto.fr/fr/auto/pieces-occasion/Arbre-de-transmission-(propulsion)/toutes-marques/page-1,,1339,
109,Pont (propulsion),https://www.opisto.fr/fr/auto/pieces-occasion/Pont-(propulsion)/toutes-marques/page-1,,459,
110,Cremaillere assistee,https://www.opisto.fr/fr/auto/pieces-occasion/Cremaillere-assistee/toutes-marques/page-1,,333,
111,Pompe de direction,https://www.opisto.fr/fr/auto/pieces-occasion/Pompe-de-direction/toutes-marques/page-1,,340,
112,Cardan gauche (transmission),https://www.opisto.fr/fr/auto/pieces-occasion/Cardan-gauche-(transmission)/toutes-marques/page-1,,451,20
113,Cardan droit (transmission),https://www.opisto.fr/fr/auto/pieces-occasion/Cardan-droit-(transmission)/toutes-marques/page-1,,451,40
114,Culasse,https://www.opisto.fr/fr/auto/pieces-occasion/Culasse/toutes-marques/page-1,,264,
115,Moyeu avant droit,https://www.opisto.fr/fr/auto/pieces-occasion/Moyeu-avant-droit/toutes-marques/page-1,,359,90
116,Barre stabilisatrice,https://www.opisto.fr/fr/auto/pieces-occasion/Barre-stabilisatrice/toutes-marques/page-1,,367,
119,Tube intermediaire (echappement),https://www.opisto.fr/fr/auto/pieces-occasion/Tube-intermediaire-(echappement)/toutes-marques/page-1,,1333,
120,Tube avant (echappement),https://www.opisto.fr/fr/auto/pieces-occasion/Tube-avant-(echappement)/toutes-marques/page-1,,1334,
121,Amortisseur avant gauche,https://www.opisto.fr/fr/auto/pieces-occasion/Amortisseur-avant-gauche/toutes-marques/page-1,,1800,80
122,Amortisseur avant droit,https://www.opisto.fr/fr/auto/pieces-occasion/Amortisseur-avant-droit/toutes-marques/page-1,,1800,90
123,Amortisseur arriere gauche,https://www.opisto.fr/fr/auto/pieces-occasion/Amortisseur-arriere-gauche/toutes-marques/page-1,,384,60
124,Amortisseur arriere droit,https://www.opisto.fr/fr/auto/pieces-occasion/Amortisseur-arriere-droit/toutes-marques/page-1,,384,70
125,Bras inferieur avant gauche,https://www.opisto.fr/fr/auto/pieces-occasion/Bras-inferieur-avant-gauche/toutes-marques/page-1,,369,80
126,Bras inferieur avant droit,https://www.opisto.fr/fr/auto/pieces-occasion/Bras-inferieur-avant-droit/toutes-marques/page-1,,369,90
129,Berceau avant,https://www.opisto.fr/fr/auto/pieces-occasion/Berceau-avant/toutes-marques/page-1,,348,
130,Essieu arriere,https://www.opisto.fr/fr/auto/pieces-occasion/Essieu-arriere/toutes-marques/page-1,,388,
131,Disque avant gauche (freinage),https://www.opisto.fr/fr/auto/pieces-occasion/Disque-avant-gauche-(freinage)/toutes-marques/page-1,,552,80
132,Disque avant droit (freinage),https://www.opisto.fr/fr/auto/pieces-occasion/Disque-avant-droit-(freinage)/toutes-marques/page-1,,552,90
133,Disque arriere gauche (freinage),https://www.opisto.fr/fr/auto/pieces-occasion/Disque-arriere-gauche-(freinage)/toutes-marques/page-1,,554,60
134,Disque arriere droit (freinage),https://www.opisto.fr/fr/auto/pieces-occasion/Disque-arriere-droit-(freinage)/toutes-marques/page-1,,554,70
137,Tambour arriere gauche,https://www.opisto.fr/fr/auto/pieces-occasion/Tambour-arriere-gauche/toutes-marques/page-1,,56,60
138,Tambour arriere droit,https://www.opisto.fr/fr/auto/pieces-occasion/Tambour-arriere-droit/toutes-marques/page-1,,56,70
139,Etrier avant gauche (freinage),https://www.opisto.fr/fr/auto/pieces-occasion/Etrier-avant-gauche-(freinage)/toutes-marques/page-1,,75,80
140,Etrier avant droit (freinage),https://www.opisto.fr/fr/auto/pieces-occasion/Etrier-avant-droit-(freinage)/toutes-marques/page-1,,75,90
141,Etrier arriere gauche (freinage),https://www.opisto.fr/fr/auto/pieces-occasion/Etrier-arriere-gauche-(freinage)/toutes-marques/page-1,,553,60
142,Etrier arriere droit (freinage),https://www.opisto.fr/fr/auto/pieces-occasion/Etrier-arriere-droit-(freinage)/toutes-marques/page-1,,553,70
143,Servo frein avant,https://www.opisto.fr/fr/auto/pieces-occasion/Servo-frein-avant/toutes-marques/page-1,,51,
144,Servo frein arriere,https://www.opisto.fr/fr/auto/pieces-occasion/Servo-frein-arriere/toutes-marques/page-1,,51,110
145,Repartiteur de freinage,https://www.opisto.fr/fr/auto/pieces-occasion/Repartiteur-de-freinage/toutes-marques/page-1,,54,
146,Maitre cylindre (freinage),https://www.opisto.fr/fr/auto/pieces-occasion/Maitre-cylindre-(freinage)/toutes-marques/page-1,,50,
147,Bloc ABS (freins anti-blocage),https://www.opisto.fr/fr/auto/pieces-occasion/Bloc-ABS-(freins-anti-blocage)/toutes-marques/page-1,,42,
148,Module d'allumage (allumage),https://www.opisto.fr/fr/auto/pieces-occasion/Module-d'allumage-(allumage)/toutes-marques/page-1,,1507,
149,Bobine (allumage),https://www.opisto.fr/fr/auto/pieces-occasion/Bobine-(allumage)/toutes-marques/page-1,,1300,
150,Faisceau (allumage),https://www.opisto.fr/fr/auto/pieces-occasion/Faisceau-(allumage)/toutes-marques/page-1,,1465,
151,Anti brouillard gauche (feux),https://www.opisto.fr/fr/auto/pieces-occasion/Anti-brouillard-gauche-(feux)/toutes-marques/page-1,,173,80
153,Armature avant;Masque avant,https://www.opisto.fr/fr/auto/pieces-occasion/Armature-avant;Masque-avant/toutes-marques/page-1,,no category on Ovoko,
156,Catalyseur (echappement),https://www.opisto.fr/fr/auto/pieces-occasion/Catalyseur-(echappement)/toutes-marques/page-1,,1407,
157,Ceinture arriere droit,https://www.opisto.fr/fr/auto/pieces-occasion/Ceinture-arriere-droit/toutes-marques/page-1,,901,70
158,Ceinture avant gauche,https://www.opisto.fr/fr/auto/pieces-occasion/Ceinture-avant-gauche/toutes-marques/page-1,,902,80
159,Collecteur d'echappement,https://www.opisto.fr/fr/auto/pieces-occasion/Collecteur-d'echappement/toutes-marques/page-1,,1329,
160,Cremaillere mecanique,https://www.opisto.fr/fr/auto/pieces-occasion/Cremaillere-mecanique/toutes-marques/page-1,,333,
161,Debitmetre,https://www.opisto.fr/fr/auto/pieces-occasion/Debitmetre/toutes-marques/page-1,,296,
162,Feu arriere secondaire droit (feux),https://www.opisto.fr/fr/auto/pieces-occasion/Feu-arriere-secondaire-droit-(feux)/toutes-marques/page-1,,155,70
163,Feu arriere secondaire gauche (feux),https://www.opisto.fr/fr/auto/pieces-occasion/Feu-arriere-secondaire-gauche-(feux)/toutes-marques/page-1,,155,60
164,Injecteurs Common rail,https://www.opisto.fr/fr/auto/pieces-occasion/Injecteurs-Common-rail/toutes-marques/page-1,,320,
165,Jante,https://www.opisto.fr/fr/auto/pieces-occasion/Jante/toutes-marques/page-1,,Opisto one option in Ovoko more options,
166,Jante,https://www.opisto.fr/fr/auto/pieces-occasion/Jante/toutes-marques/page-1,,Opisto one option in Ovoko more options,
168,Jante,https://www.opisto.fr/fr/auto/pieces-occasion/Jante/toutes-marques/page-1,,Opisto one option in Ovoko more options,
169,Jante,https://www.opisto.fr/fr/auto/pieces-occasion/Jante/toutes-marques/page-1,,Opisto one option in Ovoko more options,
170,Moyeu avant gauche,https://www.opisto.fr/fr/auto/pieces-occasion/Moyeu-avant-gauche/toutes-marques/page-1,,359,80
171,Optique avant secondaire droit (feux)(clignotant),https://www.opisto.fr/fr/auto/pieces-occasion/Optique-avant-secondaire-droit-(feux)(clignotant)/toutes-marques/page-1,,184,40
172,Optique avant secondaire gauche (feux)(clignotant),https://www.opisto.fr/fr/auto/pieces-occasion/Optique-avant-secondaire-gauche-(feux)(clignotant)/toutes-marques/page-1,,184,20
174,Pare choc avant,https://www.opisto.fr/fr/auto/pieces-occasion/Pare-choc-avant/toutes-marques/page-1,,504,
175,Pretensionneur de ceinture avant gauche,https://www.opisto.fr/fr/auto/pieces-occasion/Pretensionneur-de-ceinture-avant-gauche/toutes-marques/page-1,,no category on Ovoko,80
176,Repetiteur clignotant avant droit (Feux),https://www.opisto.fr/fr/auto/pieces-occasion/Repetiteur-clignotant-avant-droit-(Feux)/toutes-marques/page-1,,Opisto one option in Ovoko more options,
177,Repetiteur clignotant avant gauche (Feux),https://www.opisto.fr/fr/auto/pieces-occasion/Repetiteur-clignotant-avant-gauche-(Feux)/toutes-marques/page-1,,Opisto one option in Ovoko more options,
178,Siege arriere droit,https://www.opisto.fr/fr/auto/pieces-occasion/Siege-arriere-droit/toutes-marques/page-1,,994,70
179,Siege arriere gauche,https://www.opisto.fr/fr/auto/pieces-occasion/Siege-arriere-gauche/toutes-marques/page-1,,994,60
180,Silencieux arriere (echappement),https://www.opisto.fr/fr/auto/pieces-occasion/Silencieux-arriere-(echappement)/toutes-marques/page-1,,1332,
181,Silencieux avant (echappement),https://www.opisto.fr/fr/auto/pieces-occasion/Silencieux-avant-(echappement)/toutes-marques/page-1,,1330,
182,Silencieux intermediaire (echappement),https://www.opisto.fr/fr/auto/pieces-occasion/Silencieux-intermediaire-(echappement)/toutes-marques/page-1,,1331,
183,Sonde lambda,https://www.opisto.fr/fr/auto/pieces-occasion/Sonde-lambda/toutes-marques/page-1,,1406,
184,Capot,https://www.opisto.fr/fr/auto/pieces-occasion/Capot/toutes-marques/page-1,,519,
185,Barres de toit,https://www.opisto.fr/fr/auto/pieces-occasion/Barres-de-toit/toutes-marques/page-1,,1509,
186,Pneu,https://www.opisto.fr/fr/auto/pieces-occasion/Pneu/toutes-marques/page-1,,Opisto one option in Ovoko more options,
188,Pneu,https://www.opisto.fr/fr/auto/pieces-occasion/Pneu/toutes-marques/page-1,,Opisto one option in Ovoko more options,
190,Pretensionneur de ceinture arriere gauche,https://www.opisto.fr/fr/auto/pieces-occasion/Pretensionneur-de-ceinture-arriere-gauche/toutes-marques/page-1,,898,60
191,Pretensionneur de ceinture arriere droit,https://www.opisto.fr/fr/auto/pieces-occasion/Pretensionneur-de-ceinture-arriere-droit/toutes-marques/page-1,,898,70
192,Pneu,https://www.opisto.fr/fr/auto/pieces-occasion/Pneu/toutes-marques/page-1,,Opisto one option in Ovoko more options,
193,Pneu,https://www.opisto.fr/fr/auto/pieces-occasion/Pneu/toutes-marques/page-1,,Opisto one option in Ovoko more options,
194,Pneu,https://www.opisto.fr/fr/auto/pieces-occasion/Pneu/toutes-marques/page-1,,Opisto one option in Ovoko more options,
196,Condenseur de clim,https://www.opisto.fr/fr/auto/pieces-occasion/Condenseur-de-clim/toutes-marques/page-1,,205,
198,Pompe à injection,https://www.opisto.fr/fr/auto/pieces-occasion/Pompe-à-injection/toutes-marques/page-1,,316,
199,Eclairage de plafonnier,https://www.opisto.fr/fr/auto/pieces-occasion/Eclairage-de-plafonnier/toutes-marques/page-1,,Opisto one option in Ovoko more options,
202,Retroviseur interieur,https://www.opisto.fr/fr/auto/pieces-occasion/Retroviseur-interieur/toutes-marques/page-1,,1524,
203,Boitier de prechauffage,https://www.opisto.fr/fr/auto/pieces-occasion/Boitier-de-prechauffage/toutes-marques/page-1,,1090,
205,Vase d'expansion,https://www.opisto.fr/fr/auto/pieces-occasion/Vase-d'expansion/toutes-marques/page-1,,229,
207,Mastervac,https://www.opisto.fr/fr/auto/pieces-occasion/Mastervac/toutes-marques/page-1,,51,
208,Vase de lave glace,https://www.opisto.fr/fr/auto/pieces-occasion/Vase-de-lave-glace/toutes-marques/page-1,,130,
209,Boitier BSI,https://www.opisto.fr/fr/auto/pieces-occasion/Boitier-BSI/toutes-marques/page-1,,1914,
210,Biellette,https://www.opisto.fr/fr/auto/pieces-occasion/Biellette/toutes-marques/page-1,,364,
211,Platine feu arriere gauche,https://www.opisto.fr/fr/auto/pieces-occasion/Platine-feu-arriere-gauche/toutes-marques/page-1,,1957,60
212,Commodo phare,https://www.opisto.fr/fr/auto/pieces-occasion/Commodo-phare/toutes-marques/page-1,,1417,
214,Commodo d'essuie glaces,https://www.opisto.fr/fr/auto/pieces-occasion/Commodo-d'essuie-glaces/toutes-marques/page-1,,1489,
215,Cable levier de vitesses,https://www.opisto.fr/fr/auto/pieces-occasion/Cable-levier-de-vitesses/toutes-marques/page-1,,423,
216,Relais de prechauffage,https://www.opisto.fr/fr/auto/pieces-occasion/Relais-de-prechauffage/toutes-marques/page-1,,1090,
218,Triangle avant gauche,https://www.opisto.fr/fr/auto/pieces-occasion/Triangle-avant-gauche/toutes-marques/page-1,,370,80
219,Triangle avant droit,https://www.opisto.fr/fr/auto/pieces-occasion/Triangle-avant-droit/toutes-marques/page-1,,370,90
1212,Carter inferieur,https://www.opisto.fr/fr/auto/pieces-occasion/Carter-inferieur/toutes-marques/page-1,,266,
1213,Resistance chauffage,https://www.opisto.fr/fr/auto/pieces-occasion/Resistance-chauffage/toutes-marques/page-1,,213,
2475,Toit hardtop,https://www.opisto.fr/fr/auto/pieces-occasion/Toit-hardtop/toutes-marques/page-1,,1520,
2478,Tablier,https://www.opisto.fr/fr/auto/pieces-occasion/Tablier/toutes-marques/page-1,,no category on Ovoko,
2479,Benne arriere,https://www.opisto.fr/fr/auto/pieces-occasion/Benne-arriere/toutes-marques/page-1,,1114,
2480,Pare buffle,https://www.opisto.fr/fr/auto/pieces-occasion/Pare-buffle/toutes-marques/page-1,,1860,
2483,Coffre à batterie,https://www.opisto.fr/fr/auto/pieces-occasion/Coffre-à-batterie/toutes-marques/page-1,,1243,
2484,Vitre custode toit,https://www.opisto.fr/fr/auto/pieces-occasion/Vitre-custode-toit/toutes-marques/page-1,,2029,
2485,Pompe à eau,https://www.opisto.fr/fr/auto/pieces-occasion/Pompe-à-eau/toutes-marques/page-1,,220,
2486,Poulie damper,https://www.opisto.fr/fr/auto/pieces-occasion/Poulie-damper/toutes-marques/page-1,,271,
2487,Volant moteur,https://www.opisto.fr/fr/auto/pieces-occasion/Volant-moteur/toutes-marques/page-1,,437,
2488,Vilebrequin,https://www.opisto.fr/fr/auto/pieces-occasion/Vilebrequin/toutes-marques/page-1,,262,
2489,Bielle,https://www.opisto.fr/fr/auto/pieces-occasion/Bielle/toutes-marques/page-1,,1459,
2490,Piston,https://www.opisto.fr/fr/auto/pieces-occasion/Piston/toutes-marques/page-1,,267,
2491,Collecteur d'admission,https://www.opisto.fr/fr/auto/pieces-occasion/Collecteur-d'admission/toutes-marques/page-1,,288,
2492,Carter de distribution arriere,https://www.opisto.fr/fr/auto/pieces-occasion/Carter-de-distribution-arriere/toutes-marques/page-1,,Opisto one option in Ovoko more options,
2493,Couvercle de distribution,https://www.opisto.fr/fr/auto/pieces-occasion/Couvercle-de-distribution/toutes-marques/page-1,,Opisto one option in Ovoko more options,
2494,Support moteur gauche,https://www.opisto.fr/fr/auto/pieces-occasion/Support-moteur-gauche/toutes-marques/page-1,,325,20
2495,Support moteur droit,https://www.opisto.fr/fr/auto/pieces-occasion/Support-moteur-droit/toutes-marques/page-1,,325,40
2496,Cache culbuteur,https://www.opisto.fr/fr/auto/pieces-occasion/Cache-culbuteur/toutes-marques/page-1,,265,
2497,Support de filtre,https://www.opisto.fr/fr/auto/pieces-occasion/Support-de-filtre/toutes-marques/page-1,,635,
2498,Rechauffeur GO,https://www.opisto.fr/fr/auto/pieces-occasion/Rechauffeur-GO/toutes-marques/page-1,,1413,
2499,Boite de transfert,https://www.opisto.fr/fr/auto/pieces-occasion/Boite-de-transfert/toutes-marques/page-1,,457,
2500,Arbre de transmission avant,https://www.opisto.fr/fr/auto/pieces-occasion/Arbre-de-transmission-avant/toutes-marques/page-1,,450,
2502,Pont avant complet,https://www.opisto.fr/fr/auto/pieces-occasion/Pont-avant-complet/toutes-marques/page-1,,458,50
2503,Nez de pont avant,https://www.opisto.fr/fr/auto/pieces-occasion/Nez-de-pont-avant/toutes-marques/page-1,,no category on Ovoko,
2504,Corps de pont avant,https://www.opisto.fr/fr/auto/pieces-occasion/Corps-de-pont-avant/toutes-marques/page-1,,458,
2505,Demi arbre avant gauche,https://www.opisto.fr/fr/auto/pieces-occasion/Demi-arbre-avant-gauche/toutes-marques/page-1,,451,80
2506,Demi arbre avant droit,https://www.opisto.fr/fr/auto/pieces-occasion/Demi-arbre-avant-droit/toutes-marques/page-1,,451,90
2507,Joint homocinetique,https://www.opisto.fr/fr/auto/pieces-occasion/Joint-homocinetique/toutes-marques/page-1,,no category on Ovoko,
2508,Pivot de moyeu avant gauche,https://www.opisto.fr/fr/auto/pieces-occasion/Pivot-de-moyeu-avant-gauche/toutes-marques/page-1,,359,80
2509,Pivot de moyeu avant droit,https://www.opisto.fr/fr/auto/pieces-occasion/Pivot-de-moyeu-avant-droit/toutes-marques/page-1,,359,90
2510,Fusee avant gauche,https://www.opisto.fr/fr/auto/pieces-occasion/Fusee-avant-gauche/toutes-marques/page-1,,368,80
2511,Fusee avant droit,https://www.opisto.fr/fr/auto/pieces-occasion/Fusee-avant-droit/toutes-marques/page-1,,368,90
2513,Bras tirant avant droit,https://www.opisto.fr/fr/auto/pieces-occasion/Bras-tirant-avant-droit/toutes-marques/page-1,,369,90
2514,Bras tirant avant gauche,https://www.opisto.fr/fr/auto/pieces-occasion/Bras-tirant-avant-gauche/toutes-marques/page-1,,369,80
2515,Barre panhard,https://www.opisto.fr/fr/auto/pieces-occasion/Barre-panhard/toutes-marques/page-1,,1653,
2516,Barre de direction avant pont,https://www.opisto.fr/fr/auto/pieces-occasion/Barre-de-direction-avant-pont/toutes-marques/page-1,,343,
2517,Barre de direction arriere pont,https://www.opisto.fr/fr/auto/pieces-occasion/Barre-de-direction-arriere-pont/toutes-marques/page-1,,343,
2523,Amortisseur de direction,https://www.opisto.fr/fr/auto/pieces-occasion/Amortisseur-de-direction/toutes-marques/page-1,,no category on Ovoko,
2524,Ressort de suspension avant,https://www.opisto.fr/fr/auto/pieces-occasion/Ressort-de-suspension-avant/toutes-marques/page-1,,363,
2526,Nez de pont arriere,https://www.opisto.fr/fr/auto/pieces-occasion/Nez-de-pont-arriere/toutes-marques/page-1,,459,
2527,Demi arbre arriere gauche,https://www.opisto.fr/fr/auto/pieces-occasion/Demi-arbre-arriere-gauche/toutes-marques/page-1,,444,60
2528,Demi arbre arriere droit,https://www.opisto.fr/fr/auto/pieces-occasion/Demi-arbre-arriere-droit/toutes-marques/page-1,,444,70
2529,Boitier de direction,https://www.opisto.fr/fr/auto/pieces-occasion/Boitier-de-direction/toutes-marques/page-1,,335,
2530,Pedalier de frein,https://www.opisto.fr/fr/auto/pieces-occasion/Pedalier-de-frein/toutes-marques/page-1,,73,
2531,Pedalier d'embrayage,https://www.opisto.fr/fr/auto/pieces-occasion/Pedalier-d'embrayage/toutes-marques/page-1,,434,
2532,Pedalier d'accelerateur,https://www.opisto.fr/fr/auto/pieces-occasion/Pedalier-d'accelerateur/toutes-marques/page-1,,1225,
2533,Injection monopoint,https://www.opisto.fr/fr/auto/pieces-occasion/Injection-monopoint/toutes-marques/page-1,,284,
2535,Boitier papillon,https://www.opisto.fr/fr/auto/pieces-occasion/Boitier-papillon/toutes-marques/page-1,,1182,
2536,Injection multipoint,https://www.opisto.fr/fr/auto/pieces-occasion/Injection-multipoint/toutes-marques/page-1,,320,
2539,Calculateur,https://www.opisto.fr/fr/auto/pieces-occasion/Calculateur/toutes-marques/page-1,,1155,
2540,Pompe immergee,https://www.opisto.fr/fr/auto/pieces-occasion/Pompe-immergee/toutes-marques/page-1,,311,
2541,Tapis de sol,https://www.opisto.fr/fr/auto/pieces-occasion/Tapis-de-sol/toutes-marques/page-1,,1593,
2542,Anti brouillard arriere,https://www.opisto.fr/fr/auto/pieces-occasion/Anti-brouillard-arriere/toutes-marques/page-1,,176,
2543,Console central (interieur plastique),https://www.opisto.fr/fr/auto/pieces-occasion/Console-central-(interieur-plastique)/toutes-marques/page-1,,840,
2544,Pare boue avant gauche,https://www.opisto.fr/fr/auto/pieces-occasion/Pare-boue-avant-gauche/toutes-marques/page-1,,536,80
2545,Pare boue avant droit,https://www.opisto.fr/fr/auto/pieces-occasion/Pare-boue-avant-droit/toutes-marques/page-1,,536,90
2546,Pare boue arriere gauche,https://www.opisto.fr/fr/auto/pieces-occasion/Pare-boue-arriere-gauche/toutes-marques/page-1,,805,60
2547,Pare boue arriere droit,https://www.opisto.fr/fr/auto/pieces-occasion/Pare-boue-arriere-droit/toutes-marques/page-1,,805,70
2548,Vanne EGR,https://www.opisto.fr/fr/auto/pieces-occasion/Vanne-EGR/toutes-marques/page-1,,1197,
2549,Feu arriere stop central,https://www.opisto.fr/fr/auto/pieces-occasion/Feu-arriere-stop-central/toutes-marques/page-1,,165,
2550,Galet tendeur,https://www.opisto.fr/fr/auto/pieces-occasion/Galet-tendeur/toutes-marques/page-1,,254,
2551,Kit de demarrage,https://www.opisto.fr/fr/auto/pieces-occasion/Kit-de-demarrage/toutes-marques/page-1,,1547,
2553,Bras de suspension superieur avant droit,https://www.opisto.fr/fr/auto/pieces-occasion/Bras-de-suspension-superieur-avant-droit/toutes-marques/page-1,,369,90
2555,Interrupteur de leve vitre,https://www.opisto.fr/fr/auto/pieces-occasion/Interrupteur-de-leve-vitre/toutes-marques/page-1,,1027,
2557,Col de cygne,https://www.opisto.fr/fr/auto/pieces-occasion/Col-de-cygne/toutes-marques/page-1,,1334,
2559,Renfort pare choc avant (traverse),https://www.opisto.fr/fr/auto/pieces-occasion/Renfort-pare-choc-avant-(traverse)/toutes-marques/page-1,,506,
2561,Kit barillet,https://www.opisto.fr/fr/auto/pieces-occasion/Kit-barillet/toutes-marques/page-1,,2022,
2562,Baie de parebrise,https://www.opisto.fr/fr/auto/pieces-occasion/Baie-de-parebrise/toutes-marques/page-1,,1729,
2564,Casquette tableau de bord,https://www.opisto.fr/fr/auto/pieces-occasion/Casquette-tableau-de-bord/toutes-marques/page-1,,824,
2566,Coquille volant,https://www.opisto.fr/fr/auto/pieces-occasion/Coquille-volant/toutes-marques/page-1,,1911,
2568,Pare soleil,https://www.opisto.fr/fr/auto/pieces-occasion/Pare-soleil/toutes-marques/page-1,,942,
2569,Tachymetre,https://www.opisto.fr/fr/auto/pieces-occasion/Tachymetre/toutes-marques/page-1,,1503,
2570,Serrure,https://www.opisto.fr/fr/auto/pieces-occasion/Serrure/toutes-marques/page-1,,no category on Ovoko,
2572,Ecrous,https://www.opisto.fr/fr/auto/pieces-occasion/Ecrous/toutes-marques/page-1,,751,
2573,Pompe de gavage,https://www.opisto.fr/fr/auto/pieces-occasion/Pompe-de-gavage/toutes-marques/page-1,,311,
2574,Reservoir,https://www.opisto.fr/fr/auto/pieces-occasion/Reservoir/toutes-marques/page-1,,302,
2575,Deflecteur,https://www.opisto.fr/fr/auto/pieces-occasion/Deflecteur/toutes-marques/page-1,,Opisto one option in Ovoko more options,
2577,Custode avant droit,https://www.opisto.fr/fr/auto/pieces-occasion/Custode-avant-droit/toutes-marques/page-1,,1321,90
2578,Coquille retroviseur,https://www.opisto.fr/fr/auto/pieces-occasion/Coquille-retroviseur/toutes-marques/page-1,,1229,
2579,Glace retroviseur,https://www.opisto.fr/fr/auto/pieces-occasion/Glace-retroviseur/toutes-marques/page-1,,1691,
2581,Joint de porte,https://www.opisto.fr/fr/auto/pieces-occasion/Joint-de-porte/toutes-marques/page-1,,Opisto one option in Ovoko more options,
2582,Garniture de pavillon,https://www.opisto.fr/fr/auto/pieces-occasion/Garniture-de-pavillon/toutes-marques/page-1,,934,
2583,Porte laterale,https://www.opisto.fr/fr/auto/pieces-occasion/Porte-laterale/toutes-marques/page-1,,775,
2585,Support moteur,https://www.opisto.fr/fr/auto/pieces-occasion/Support-moteur/toutes-marques/page-1,,325,
2586,Demi-train,https://www.opisto.fr/fr/auto/pieces-occasion/Demi-train/toutes-marques/page-1,,no category on Ovoko,
2588,Buse,https://www.opisto.fr/fr/auto/pieces-occasion/Buse/toutes-marques/page-1,,232,
2589,Ventilateur,https://www.opisto.fr/fr/auto/pieces-occasion/Ventilateur/toutes-marques/page-1,,233,
2591,Ceinture centrale,https://www.opisto.fr/fr/auto/pieces-occasion/Ceinture-centrale/toutes-marques/page-1,,903,
2592,Demi berceau,https://www.opisto.fr/fr/auto/pieces-occasion/Demi-berceau/toutes-marques/page-1,,1494,
2593,Antenne,https://www.opisto.fr/fr/auto/pieces-occasion/Antenne/toutes-marques/page-1,,1856,
2594,Platine feu arriere droit,https://www.opisto.fr/fr/auto/pieces-occasion/Platine-feu-arriere-droit/toutes-marques/page-1,,1957,40
2596,Poignee interieur avant gauche,https://www.opisto.fr/fr/auto/pieces-occasion/Poignee-interieur-avant-gauche/toutes-marques/page-1,,595,80
2597,Leve vitre mecanique avant droit,https://www.opisto.fr/fr/auto/pieces-occasion/Leve-vitre-mecanique-avant-droit/toutes-marques/page-1,,603,90
2598,Pulseur d'air,https://www.opisto.fr/fr/auto/pieces-occasion/Pulseur-d'air/toutes-marques/page-1,,215,
2599,Autoradio,https://www.opisto.fr/fr/auto/pieces-occasion/Autoradio/toutes-marques/page-1,,1277,
2600,Pedalier,https://www.opisto.fr/fr/auto/pieces-occasion/Pedalier/toutes-marques/page-1,,1587,
2601,Rotule,https://www.opisto.fr/fr/auto/pieces-occasion/Rotule/toutes-marques/page-1,,377,
2602,Bouton/Interrupteur,https://www.opisto.fr/fr/auto/pieces-occasion/Bouton/Interrupteur/toutes-marques/page-1,,1031,
2603,Volant moteur bi-masse,https://www.opisto.fr/fr/auto/pieces-occasion/Volant-moteur-bi-masse/toutes-marques/page-1,,1221,
2604,Aerateur tableau de bord,https://www.opisto.fr/fr/auto/pieces-occasion/Aerateur-tableau-de-bord/toutes-marques/page-1,,809,
2605,Lecteur de carte (neiman),https://www.opisto.fr/fr/auto/pieces-occasion/Lecteur-de-carte-(neiman)/toutes-marques/page-1,,1542,
2607,Carte de demarrage ,https://www.opisto.fr/fr/auto/pieces-occasion/Carte-de-demarrage-/toutes-marques/page-1,,1477,
2609,Boitier air bag,https://www.opisto.fr/fr/auto/pieces-occasion/Boitier-air-bag/toutes-marques/page-1,,1134,
2610,Emetteur,https://www.opisto.fr/fr/auto/pieces-occasion/Emetteur/toutes-marques/page-1,,428,
2612,Recepteur,https://www.opisto.fr/fr/auto/pieces-occasion/Recepteur/toutes-marques/page-1,,50,
2613,Machoire de frein,https://www.opisto.fr/fr/auto/pieces-occasion/Machoire-de-frein/toutes-marques/page-1,,no category on Ovoko,
2615,Support filtre gazoil,https://www.opisto.fr/fr/auto/pieces-occasion/Support-filtre-gazoil/toutes-marques/page-1,,1292,
2616,Plaquettes de frein avant,https://www.opisto.fr/fr/auto/pieces-occasion/Plaquettes-de-frein-avant/toutes-marques/page-1,,66,
2617,Capteur,https://www.opisto.fr/fr/auto/pieces-occasion/Capteur/toutes-marques/page-1,,1201,
2618,Arbre a came,https://www.opisto.fr/fr/auto/pieces-occasion/Arbre-a-came/toutes-marques/page-1,,268,
2619,Boite a gants,https://www.opisto.fr/fr/auto/pieces-occasion/Boite-a-gants/toutes-marques/page-1,,835,
2620,Enjoliveur,https://www.opisto.fr/fr/auto/pieces-occasion/Enjoliveur/toutes-marques/page-1,,Opisto one option in Ovoko more options,
2621,Embrayage,https://www.opisto.fr/fr/auto/pieces-occasion/Embrayage/toutes-marques/page-1,,433,
2622,Linguet/culbuteur,https://www.opisto.fr/fr/auto/pieces-occasion/Linguet/culbuteur/toutes-marques/page-1,,1571,
2624,Detendeur de clim,https://www.opisto.fr/fr/auto/pieces-occasion/Detendeur-de-clim/toutes-marques/page-1,,200,
2627,Fermeture non centralisee avant gauche,https://www.opisto.fr/fr/auto/pieces-occasion/Fermeture-non-centralisee-avant-gauche/toutes-marques/page-1,,597,80
2628,Fermeture non centralisee avant droit,https://www.opisto.fr/fr/auto/pieces-occasion/Fermeture-non-centralisee-avant-droit/toutes-marques/page-1,,597,90
2629,Fermeture non centralisee arriere gauche,https://www.opisto.fr/fr/auto/pieces-occasion/Fermeture-non-centralisee-arriere-gauche/toutes-marques/page-1,,617,60
2630,Fermeture non centralisee arriere droit,https://www.opisto.fr/fr/auto/pieces-occasion/Fermeture-non-centralisee-arriere-droit/toutes-marques/page-1,,617,70
2631,Fermeture non centralisee coffre,https://www.opisto.fr/fr/auto/pieces-occasion/Fermeture-non-centralisee-coffre/toutes-marques/page-1,,564,
2632,Aile arriere gauche,https://www.opisto.fr/fr/auto/pieces-occasion/Aile-arriere-gauche/toutes-marques/page-1,,1095,60
2633,Aile arriere droit,https://www.opisto.fr/fr/auto/pieces-occasion/Aile-arriere-droit/toutes-marques/page-1,,1095,70
2634,Afficheur,https://www.opisto.fr/fr/auto/pieces-occasion/Afficheur/toutes-marques/page-1,,1004,
2635,Levier de vitesses,https://www.opisto.fr/fr/auto/pieces-occasion/Levier-de-vitesses/toutes-marques/page-1,,425,
2636,Roue,https://www.opisto.fr/fr/auto/pieces-occasion/Roue/toutes-marques/page-1,,Opisto one option in Ovoko more options,
2637,Cric,https://www.opisto.fr/fr/auto/pieces-occasion/Cric/toutes-marques/page-1,,1389,
2639,Attache ceinture avant gauche,https://www.opisto.fr/fr/auto/pieces-occasion/Attache-ceinture-avant-gauche/toutes-marques/page-1,,899,80
2640,Attache ceinture arriere gauche,https://www.opisto.fr/fr/auto/pieces-occasion/Attache-ceinture-arriere-gauche/toutes-marques/page-1,,898,60
2641,Cle,https://www.opisto.fr/fr/auto/pieces-occasion/Cle/toutes-marques/page-1,,1477,
2642,Moquette,https://www.opisto.fr/fr/auto/pieces-occasion/Moquette/toutes-marques/page-1,,no category on Ovoko,
2643,Panneau de porte,https://www.opisto.fr/fr/auto/pieces-occasion/Panneau-de-porte/toutes-marques/page-1,,Opisto one option in Ovoko more options,
2644,Horloge,https://www.opisto.fr/fr/auto/pieces-occasion/Horloge/toutes-marques/page-1,,1006,
2645,Treuil,https://www.opisto.fr/fr/auto/pieces-occasion/Treuil/toutes-marques/page-1,,1348,
2646,Divers,https://www.opisto.fr/fr/auto/pieces-occasion/Divers/toutes-marques/page-1,,Opisto one option in Ovoko more options,
2647,Panier roue de secours,https://www.opisto.fr/fr/auto/pieces-occasion/Panier-roue-de-secours/toutes-marques/page-1,,909,
2648,Longeron,https://www.opisto.fr/fr/auto/pieces-occasion/Longeron/toutes-marques/page-1,,1093,
2649,Flexible d'embrayage,https://www.opisto.fr/fr/auto/pieces-occasion/Flexible-d'embrayage/toutes-marques/page-1,,438,
2650,Pommeau de vitesses,https://www.opisto.fr/fr/auto/pieces-occasion/Pommeau-de-vitesses/toutes-marques/page-1,,1487,
2651,Levier frein à main,https://www.opisto.fr/fr/auto/pieces-occasion/Levier-frein-à-main/toutes-marques/page-1,,90,
2652,Bras inferieur arriere droit,https://www.opisto.fr/fr/auto/pieces-occasion/Bras-inferieur-arriere-droit/toutes-marques/page-1,,403,70
2653,Bras inferieur arriere gauche,https://www.opisto.fr/fr/auto/pieces-occasion/Bras-inferieur-arriere-gauche/toutes-marques/page-1,,403,60
2654,Leve vitre mecanique avant gauche,https://www.opisto.fr/fr/auto/pieces-occasion/Leve-vitre-mecanique-avant-gauche/toutes-marques/page-1,,603,80
2655,Leve vitre mecanique arriere droit,https://www.opisto.fr/fr/auto/pieces-occasion/Leve-vitre-mecanique-arriere-droit/toutes-marques/page-1,,623,70
2656,Leve vitre mecanique arriere gauche,https://www.opisto.fr/fr/auto/pieces-occasion/Leve-vitre-mecanique-arriere-gauche/toutes-marques/page-1,,623,60
2657,Catadioptre,https://www.opisto.fr/fr/auto/pieces-occasion/Catadioptre/toutes-marques/page-1,,166,
2658,Ligne complete d'echappement,https://www.opisto.fr/fr/auto/pieces-occasion/Ligne-complete-d'echappement/toutes-marques/page-1,,1333,
2660,Custode avant gauche,https://www.opisto.fr/fr/auto/pieces-occasion/Custode-avant-gauche/toutes-marques/page-1,,1321,80
2661,Custode arriere gauche,https://www.opisto.fr/fr/auto/pieces-occasion/Custode-arriere-gauche/toutes-marques/page-1,,1322,60
2662,Custode arriere droit,https://www.opisto.fr/fr/auto/pieces-occasion/Custode-arriere-droit/toutes-marques/page-1,,1322,70
2663,Moyeu arriere droit,https://www.opisto.fr/fr/auto/pieces-occasion/Moyeu-arriere-droit/toutes-marques/page-1,,397,70
2664,Moyeu arriere gauche,https://www.opisto.fr/fr/auto/pieces-occasion/Moyeu-arriere-gauche/toutes-marques/page-1,,397,60
2665,Leve vitre electrique avant droit,https://www.opisto.fr/fr/auto/pieces-occasion/Leve-vitre-electrique-avant-droit/toutes-marques/page-1,,601,90
2666,Leve vitre electrique avant gauche,https://www.opisto.fr/fr/auto/pieces-occasion/Leve-vitre-electrique-avant-gauche/toutes-marques/page-1,,601,80
2667,Leve vitre electrique arriere droit,https://www.opisto.fr/fr/auto/pieces-occasion/Leve-vitre-electrique-arriere-droit/toutes-marques/page-1,,621,70
2668,Leve vitre electrique arriere gauche,https://www.opisto.fr/fr/auto/pieces-occasion/Leve-vitre-electrique-arriere-gauche/toutes-marques/page-1,,621,60
2669,Jauge d'huile,https://www.opisto.fr/fr/auto/pieces-occasion/Jauge-d'huile/toutes-marques/page-1,,272,
2671,Cardan arriere droit (transmission),https://www.opisto.fr/fr/auto/pieces-occasion/Cardan-arriere-droit-(transmission)/toutes-marques/page-1,,444,70
2672,Cardan arriere gauche (transmission),https://www.opisto.fr/fr/auto/pieces-occasion/Cardan-arriere-gauche-(transmission)/toutes-marques/page-1,,444,60
2673,Attache ceinture avant droit,https://www.opisto.fr/fr/auto/pieces-occasion/Attache-ceinture-avant-droit/toutes-marques/page-1,,899,90
2674,Attache ceinture arriere droit,https://www.opisto.fr/fr/auto/pieces-occasion/Attache-ceinture-arriere-droit/toutes-marques/page-1,,898,70
2675,Allume cigare,https://www.opisto.fr/fr/auto/pieces-occasion/Allume-cigare/toutes-marques/page-1,,Opisto one option in Ovoko more options,
2676,Bas de caisse droit,https://www.opisto.fr/fr/auto/pieces-occasion/Bas-de-caisse-droit/toutes-marques/page-1,,1210,40
2677,Bas de caisse gauche,https://www.opisto.fr/fr/auto/pieces-occasion/Bas-de-caisse-gauche/toutes-marques/page-1,,1210,20
2682,Boitier de centralisation,https://www.opisto.fr/fr/auto/pieces-occasion/Boitier-de-centralisation/toutes-marques/page-1,,1142,
2683,Contacteur tournant,https://www.opisto.fr/fr/auto/pieces-occasion/Contacteur-tournant/toutes-marques/page-1,,1185,
2684,Arret de porte avant droit,https://www.opisto.fr/fr/auto/pieces-occasion/Arret-de-porte-avant-droit/toutes-marques/page-1,,590,90
2685,Arret de porte avant gauche,https://www.opisto.fr/fr/auto/pieces-occasion/Arret-de-porte-avant-gauche/toutes-marques/page-1,,590,80
2686,Arret de porte arriere droit,https://www.opisto.fr/fr/auto/pieces-occasion/Arret-de-porte-arriere-droit/toutes-marques/page-1,,610,70
2687,Arret de porte arriere gauche,https://www.opisto.fr/fr/auto/pieces-occasion/Arret-de-porte-arriere-gauche/toutes-marques/page-1,,610,60
2688,Servo frein,https://www.opisto.fr/fr/auto/pieces-occasion/Servo-frein/toutes-marques/page-1,,51,
2689,Tuyau de climatisation,https://www.opisto.fr/fr/auto/pieces-occasion/Tuyau-de-climatisation/toutes-marques/page-1,,207,
2690,Serrure avant droit,https://www.opisto.fr/fr/auto/pieces-occasion/Serrure-avant-droit/toutes-marques/page-1,,597,90
2691,Serrure avant gauche,https://www.opisto.fr/fr/auto/pieces-occasion/Serrure-avant-gauche/toutes-marques/page-1,,597,80
2692,Serrure arriere gauche,https://www.opisto.fr/fr/auto/pieces-occasion/Serrure-arriere-gauche/toutes-marques/page-1,,617,60
2693,Serrure arriere droit,https://www.opisto.fr/fr/auto/pieces-occasion/Serrure-arriere-droit/toutes-marques/page-1,,617,70
2694,Charniere de porte avant droit,https://www.opisto.fr/fr/auto/pieces-occasion/Charniere-de-porte-avant-droit/toutes-marques/page-1,,Opisto one option in Ovoko more options,
2695,Charniere de porte avant gauche,https://www.opisto.fr/fr/auto/pieces-occasion/Charniere-de-porte-avant-gauche/toutes-marques/page-1,,Opisto one option in Ovoko more options,
2696,Charniere de porte arriere gauche,https://www.opisto.fr/fr/auto/pieces-occasion/Charniere-de-porte-arriere-gauche/toutes-marques/page-1,,Opisto one option in Ovoko more options,60
2697,Charniere de porte arriere droit,https://www.opisto.fr/fr/auto/pieces-occasion/Charniere-de-porte-arriere-droit/toutes-marques/page-1,,Opisto one option in Ovoko more options,70
2698,Charniere de capot,https://www.opisto.fr/fr/auto/pieces-occasion/Charniere-de-capot/toutes-marques/page-1,,520,
2699,Moto ventilateur radiateur,https://www.opisto.fr/fr/auto/pieces-occasion/Moto-ventilateur-radiateur/toutes-marques/page-1,,233,
2700,Silentbloc,https://www.opisto.fr/fr/auto/pieces-occasion/Silentbloc/toutes-marques/page-1,,Opisto one option in Ovoko more options,
2701,Charniere de hayon,https://www.opisto.fr/fr/auto/pieces-occasion/Charniere-de-hayon/toutes-marques/page-1,,557,
2702,Ressort de suspension arriere,https://www.opisto.fr/fr/auto/pieces-occasion/Ressort-de-suspension-arriere/toutes-marques/page-1,,393,
2703,Plaquettes de frein arriere,https://www.opisto.fr/fr/auto/pieces-occasion/Plaquettes-de-frein-arriere/toutes-marques/page-1,,1187,
2704,Bras de suspension superieur avant gauche,https://www.opisto.fr/fr/auto/pieces-occasion/Bras-de-suspension-superieur-avant-gauche/toutes-marques/page-1,,369,80
2705,Bras de suspension superieur arriere droit,https://www.opisto.fr/fr/auto/pieces-occasion/Bras-de-suspension-superieur-arriere-droit/toutes-marques/page-1,,398,70
2706,Bras de suspension superieur arriere gauche,https://www.opisto.fr/fr/auto/pieces-occasion/Bras-de-suspension-superieur-arriere-gauche/toutes-marques/page-1,,398,60
2707,Renfort pare choc arriere (traverse),https://www.opisto.fr/fr/auto/pieces-occasion/Renfort-pare-choc-arriere-(traverse)/toutes-marques/page-1,,544,
2708,GPS,https://www.opisto.fr/fr/auto/pieces-occasion/GPS/toutes-marques/page-1,,1548,
2709,Commande de phare,https://www.opisto.fr/fr/auto/pieces-occasion/Commande-de-phare/toutes-marques/page-1,,1045,
2710,Regulateur de vitesse,https://www.opisto.fr/fr/auto/pieces-occasion/Regulateur-de-vitesse/toutes-marques/page-1,,1490,
2711,Bouton de warning,https://www.opisto.fr/fr/auto/pieces-occasion/Bouton-de-warning/toutes-marques/page-1,,1021,
2712,Bouton de coffre,https://www.opisto.fr/fr/auto/pieces-occasion/Bouton-de-coffre/toutes-marques/page-1,,1761,
2713,Poignee interieur avant droit,https://www.opisto.fr/fr/auto/pieces-occasion/Poignee-interieur-avant-droit/toutes-marques/page-1,,595,90
2714,Poignee interieur arriere gauche,https://www.opisto.fr/fr/auto/pieces-occasion/Poignee-interieur-arriere-gauche/toutes-marques/page-1,,615,60
2715,Poignee interieur arriere droit,https://www.opisto.fr/fr/auto/pieces-occasion/Poignee-interieur-arriere-droit/toutes-marques/page-1,,615,70
2716,Poignee porte coffre,https://www.opisto.fr/fr/auto/pieces-occasion/Poignee-porte-coffre/toutes-marques/page-1,,569,
2717,Porte de coffre droit,https://www.opisto.fr/fr/auto/pieces-occasion/Porte-de-coffre-droit/toutes-marques/page-1,,791,70
2718,Porte de coffre gauche,https://www.opisto.fr/fr/auto/pieces-occasion/Porte-de-coffre-gauche/toutes-marques/page-1,,791,60
2719,Poignee porte coffre droit,https://www.opisto.fr/fr/auto/pieces-occasion/Poignee-porte-coffre-droit/toutes-marques/page-1,,797,70
2720,Poignee porte coffre gauche,https://www.opisto.fr/fr/auto/pieces-occasion/Poignee-porte-coffre-gauche/toutes-marques/page-1,,797,60
2721,Vitre porte coffre droit,https://www.opisto.fr/fr/auto/pieces-occasion/Vitre-porte-coffre-droit/toutes-marques/page-1,,1314,40
2722,Vitre porte coffre gauche,https://www.opisto.fr/fr/auto/pieces-occasion/Vitre-porte-coffre-gauche/toutes-marques/page-1,,1314,20
2725,Filtre à particules (echappement),https://www.opisto.fr/fr/auto/pieces-occasion/Filtre-à-particules-(echappement)/toutes-marques/page-1,,1407,
2726,Potentiometre de pedale de gaz d'accelerateur,https://www.opisto.fr/fr/auto/pieces-occasion/Potentiometre-de-pedale-de-gaz-d'accelerateur/toutes-marques/page-1,,1923,
2727,Commande GPS,https://www.opisto.fr/fr/auto/pieces-occasion/Commande-GPS/toutes-marques/page-1,,1684,
2728,Crosse arriere droit,https://www.opisto.fr/fr/auto/pieces-occasion/Crosse-arriere-droit/toutes-marques/page-1,,1230,70
2729,Crosse arriere gauche,https://www.opisto.fr/fr/auto/pieces-occasion/Crosse-arriere-gauche/toutes-marques/page-1,,1230,60
2730,Durite,https://www.opisto.fr/fr/auto/pieces-occasion/Durite/toutes-marques/page-1,,Opisto one option in Ovoko more options,
2731,Jauge à carburant,https://www.opisto.fr/fr/auto/pieces-occasion/Jauge-à-carburant/toutes-marques/page-1,,310,
2734,Porte laterale droit,https://www.opisto.fr/fr/auto/pieces-occasion/Porte-laterale-droit/toutes-marques/page-1,,775,40
2735,Porte laterale gauche,https://www.opisto.fr/fr/auto/pieces-occasion/Porte-laterale-gauche/toutes-marques/page-1,,775,20
2737,Kit carrosserie complet,https://www.opisto.fr/fr/auto/pieces-occasion/Kit-carrosserie-complet/toutes-marques/page-1,,no category on Ovoko,
2738,Essieu avant,https://www.opisto.fr/fr/auto/pieces-occasion/Essieu-avant/toutes-marques/page-1,,no category on Ovoko,
2741,Vase de direction,https://www.opisto.fr/fr/auto/pieces-occasion/Vase-de-direction/toutes-marques/page-1,,341,
2742,Interrupteur de leve vitre avant droit,https://www.opisto.fr/fr/auto/pieces-occasion/Interrupteur-de-leve-vitre-avant-droit/toutes-marques/page-1,,1027,90
2743,Interrupteur de leve vitre avant gauche,https://www.opisto.fr/fr/auto/pieces-occasion/Interrupteur-de-leve-vitre-avant-gauche/toutes-marques/page-1,,1027,80
2744,Interrupteur de leve vitre arriere gauche,https://www.opisto.fr/fr/auto/pieces-occasion/Interrupteur-de-leve-vitre-arriere-gauche/toutes-marques/page-1,,1027,60
2745,Interrupteur de leve vitre arriere droit,https://www.opisto.fr/fr/auto/pieces-occasion/Interrupteur-de-leve-vitre-arriere-droit/toutes-marques/page-1,,1027,70
2746,Tirant de pont avant droit,https://www.opisto.fr/fr/auto/pieces-occasion/Tirant-de-pont-avant-droit/toutes-marques/page-1,,369,90
2747,Tirant de pont avant gauche,https://www.opisto.fr/fr/auto/pieces-occasion/Tirant-de-pont-avant-gauche/toutes-marques/page-1,,369,80
2748,Tirant de pont arriere droit,https://www.opisto.fr/fr/auto/pieces-occasion/Tirant-de-pont-arriere-droit/toutes-marques/page-1,,398,70
2749,Tirant de pont arriere gauche,https://www.opisto.fr/fr/auto/pieces-occasion/Tirant-de-pont-arriere-gauche/toutes-marques/page-1,,398,60
2750,Triangle inferieur avant droit,https://www.opisto.fr/fr/auto/pieces-occasion/Triangle-inferieur-avant-droit/toutes-marques/page-1,,370,90
2751,Triangle inferieur avant gauche,https://www.opisto.fr/fr/auto/pieces-occasion/Triangle-inferieur-avant-gauche/toutes-marques/page-1,,370,80
2752,Triangle inferieur arriere droit,https://www.opisto.fr/fr/auto/pieces-occasion/Triangle-inferieur-arriere-droit/toutes-marques/page-1,,403,70
2753,Triangle inferieur arriere gauche,https://www.opisto.fr/fr/auto/pieces-occasion/Triangle-inferieur-arriere-gauche/toutes-marques/page-1,,403,60
2754,Triangle superieur avant gauche,https://www.opisto.fr/fr/auto/pieces-occasion/Triangle-superieur-avant-gauche/toutes-marques/page-1,,378,80
2755,Triangle superieur avant droit,https://www.opisto.fr/fr/auto/pieces-occasion/Triangle-superieur-avant-droit/toutes-marques/page-1,,378,90
2756,Triangle superieur arriere gauche,https://www.opisto.fr/fr/auto/pieces-occasion/Triangle-superieur-arriere-gauche/toutes-marques/page-1,,398,60
2757,Triangle superieur arriere droit,https://www.opisto.fr/fr/auto/pieces-occasion/Triangle-superieur-arriere-droit/toutes-marques/page-1,,398,70
2758,Crosse avant droit,https://www.opisto.fr/fr/auto/pieces-occasion/Crosse-avant-droit/toutes-marques/page-1,,1717,90
2759,Crosse avant gauche,https://www.opisto.fr/fr/auto/pieces-occasion/Crosse-avant-gauche/toutes-marques/page-1,,1717,80
2760,Ecran GPS,https://www.opisto.fr/fr/auto/pieces-occasion/Ecran-GPS/toutes-marques/page-1,,1004,
2761,Mecanisme de toit ouvrant,https://www.opisto.fr/fr/auto/pieces-occasion/Mecanisme-de-toit-ouvrant/toutes-marques/page-1,,no category on Ovoko,
2762,Extension d'aile avant droit,https://www.opisto.fr/fr/auto/pieces-occasion/Extension-d'aile-avant-droit/toutes-marques/page-1,,535,90
2763,Extension d'aile avant gauche,https://www.opisto.fr/fr/auto/pieces-occasion/Extension-d'aile-avant-gauche/toutes-marques/page-1,,535,80
2764,Extension d'aile arriere droit,https://www.opisto.fr/fr/auto/pieces-occasion/Extension-d'aile-arriere-droit/toutes-marques/page-1,,1112,70
2765,Extension d'aile arriere gauche,https://www.opisto.fr/fr/auto/pieces-occasion/Extension-d'aile-arriere-gauche/toutes-marques/page-1,,1112,60
2766,Bavette avant droit,https://www.opisto.fr/fr/auto/pieces-occasion/Bavette-avant-droit/toutes-marques/page-1,,1208,90
2767,Bavette avant gauche,https://www.opisto.fr/fr/auto/pieces-occasion/Bavette-avant-gauche/toutes-marques/page-1,,1208,80
2768,Bavette arriere gauche,https://www.opisto.fr/fr/auto/pieces-occasion/Bavette-arriere-gauche/toutes-marques/page-1,,1209,60
2769,Bavette arriere droit,https://www.opisto.fr/fr/auto/pieces-occasion/Bavette-arriere-droit/toutes-marques/page-1,,1209,70
2770,Porte de benne,https://www.opisto.fr/fr/auto/pieces-occasion/Porte-de-benne/toutes-marques/page-1,,1595,
2771,Eclairage de plaque,https://www.opisto.fr/fr/auto/pieces-occasion/Eclairage-de-plaque/toutes-marques/page-1,,170,
2772,Lame de ressort arriere droit,https://www.opisto.fr/fr/auto/pieces-occasion/Lame-de-ressort-arriere-droit/toutes-marques/page-1,,392,70
2773,Lame de ressort arriere gauche,https://www.opisto.fr/fr/auto/pieces-occasion/Lame-de-ressort-arriere-gauche/toutes-marques/page-1,,392,60
2774,Support de boite,https://www.opisto.fr/fr/auto/pieces-occasion/Support-de-boite/toutes-marques/page-1,,551,
2775,Soufflet de levier de vitesse,https://www.opisto.fr/fr/auto/pieces-occasion/Soufflet-de-levier-de-vitesse/toutes-marques/page-1,,1487,
2776,Demi train avant droit,https://www.opisto.fr/fr/auto/pieces-occasion/Demi-train-avant-droit/toutes-marques/page-1,,1979,40
2777,Demi train avant gauche,https://www.opisto.fr/fr/auto/pieces-occasion/Demi-train-avant-gauche/toutes-marques/page-1,,1979,20
2778,Pare chocs centrale arriere (utilitaire),https://www.opisto.fr/fr/auto/pieces-occasion/Pare-chocs-centrale-arriere-(utilitaire)/toutes-marques/page-1,,no category on Ovoko,
2779,Bandeau de feu malle/hayon,https://www.opisto.fr/fr/auto/pieces-occasion/Bandeau-de-feu-malle/hayon/toutes-marques/page-1,,155,
2780,Feux diurnes,https://www.opisto.fr/fr/auto/pieces-occasion/Feux-diurnes/toutes-marques/page-1,,1931,
2781,Berceau arriere,https://www.opisto.fr/fr/auto/pieces-occasion/Berceau-arriere/toutes-marques/page-1,,387,
2782,Ressort de suspension arriere droit,https://www.opisto.fr/fr/auto/pieces-occasion/Ressort-de-suspension-arriere-droit/toutes-marques/page-1,,393,70
2783,Ressort de suspension arriere gauche,https://www.opisto.fr/fr/auto/pieces-occasion/Ressort-de-suspension-arriere-gauche/toutes-marques/page-1,,393,60
2785,Pare soleil droit,https://www.opisto.fr/fr/auto/pieces-occasion/Pare-soleil-droit/toutes-marques/page-1,,942,40
2786,Pare soleil gauche,https://www.opisto.fr/fr/auto/pieces-occasion/Pare-soleil-gauche/toutes-marques/page-1,,942,20
2787,Cable compteur,https://www.opisto.fr/fr/auto/pieces-occasion/Cable-compteur/toutes-marques/page-1,,1981,
2788,Commande regulateur vitesse,https://www.opisto.fr/fr/auto/pieces-occasion/Commande-regulateur-vitesse/toutes-marques/page-1,,1036,
2789,Commande retroviseurs,https://www.opisto.fr/fr/auto/pieces-occasion/Commande-retroviseurs/toutes-marques/page-1,,1049,
2790,Feu de recul,https://www.opisto.fr/fr/auto/pieces-occasion/Feu-de-recul/toutes-marques/page-1,,164,
2791,Feu factice arriere droit,https://www.opisto.fr/fr/auto/pieces-occasion/Feu-factice-arriere-droit/toutes-marques/page-1,,166,70
2792,Feu factice arriere gauche,https://www.opisto.fr/fr/auto/pieces-occasion/Feu-factice-arriere-gauche/toutes-marques/page-1,,166,60
2793,Boitier eau,https://www.opisto.fr/fr/auto/pieces-occasion/Boitier-eau/toutes-marques/page-1,,218,
2794,Mecanisme d'essuie glace,https://www.opisto.fr/fr/auto/pieces-occasion/Mecanisme-d'essuie-glace/toutes-marques/page-1,,111,
2795,Boitier d'accrochage,https://www.opisto.fr/fr/auto/pieces-occasion/Boitier-d'accrochage/toutes-marques/page-1,,1148,
2796,Cardan de direction,https://www.opisto.fr/fr/auto/pieces-occasion/Cardan-de-direction/toutes-marques/page-1,,336,
2797,Tole pare feu,https://www.opisto.fr/fr/auto/pieces-occasion/Tole-pare-feu/toutes-marques/page-1,,no category on Ovoko,
2798,Baguette de porte avant gauche,https://www.opisto.fr/fr/auto/pieces-occasion/Baguette-de-porte-avant-gauche/toutes-marques/page-1,,1217,80
2799,Baguette de porte avant droite,https://www.opisto.fr/fr/auto/pieces-occasion/Baguette-de-porte-avant-droite/toutes-marques/page-1,,1217,90
2800,Baguette de porte arriere gauche ,https://www.opisto.fr/fr/auto/pieces-occasion/Baguette-de-porte-arriere-gauche-/toutes-marques/page-1,,1216,60
2801,Baguette de porte arriere droite,https://www.opisto.fr/fr/auto/pieces-occasion/Baguette-de-porte-arriere-droite/toutes-marques/page-1,,1216,70
2803,Serrure de coffre,https://www.opisto.fr/fr/auto/pieces-occasion/Serrure-de-coffre/toutes-marques/page-1,,564,
2804,Attache ceinture arriere centrale,https://www.opisto.fr/fr/auto/pieces-occasion/Attache-ceinture-arriere-centrale/toutes-marques/page-1,,900,
2805,Ressort de suspension avant gauche,https://www.opisto.fr/fr/auto/pieces-occasion/Ressort-de-suspension-avant-gauche/toutes-marques/page-1,,363,80
2806,Ressort de suspension avant droit,https://www.opisto.fr/fr/auto/pieces-occasion/Ressort-de-suspension-avant-droit/toutes-marques/page-1,,363,90
2807,Support de filtre carburant,https://www.opisto.fr/fr/auto/pieces-occasion/Support-de-filtre-carburant/toutes-marques/page-1,,1292,
2808,Sigle de calandre,https://www.opisto.fr/fr/auto/pieces-occasion/Sigle-de-calandre/toutes-marques/page-1,,515,
2809,Ceinture arriere centrale,https://www.opisto.fr/fr/auto/pieces-occasion/Ceinture-arriere-centrale/toutes-marques/page-1,,903,
2810,Pretensionneur de ceinture arriere centrale,https://www.opisto.fr/fr/auto/pieces-occasion/Pretensionneur-de-ceinture-arriere-centrale/toutes-marques/page-1,,900,
2811,Cendrier,https://www.opisto.fr/fr/auto/pieces-occasion/Cendrier/toutes-marques/page-1,,Opisto one option in Ovoko more options,
2816,Verin de capot,https://www.opisto.fr/fr/auto/pieces-occasion/Verin-de-capot/toutes-marques/page-1,,525,
2818,Accoudoir,https://www.opisto.fr/fr/auto/pieces-occasion/Accoudoir/toutes-marques/page-1,,851,
2819,Tablette,https://www.opisto.fr/fr/auto/pieces-occasion/Tablette/toutes-marques/page-1,,920,
2820,Bouchon de carburant,https://www.opisto.fr/fr/auto/pieces-occasion/Bouchon-de-carburant/toutes-marques/page-1,,307,
2821,Flasque,https://www.opisto.fr/fr/auto/pieces-occasion/Flasque/toutes-marques/page-1,,no category on Ovoko,
2822,Poignee d'ouverture de capot,https://www.opisto.fr/fr/auto/pieces-occasion/Poignee-d'ouverture-de-capot/toutes-marques/page-1,,986,
2823,Bielette anti couple moteur,https://www.opisto.fr/fr/auto/pieces-occasion/Bielette-anti-couple-moteur/toutes-marques/page-1,,325,
2824,Boitier impulsion leve glace,https://www.opisto.fr/fr/auto/pieces-occasion/Boitier-impulsion-leve-glace/toutes-marques/page-1,,1157,
2825,Manivelle de leve vitre,https://www.opisto.fr/fr/auto/pieces-occasion/Manivelle-de-leve-vitre/toutes-marques/page-1,,Opisto one option in Ovoko more options,
2826,Cache moteur ,https://www.opisto.fr/fr/auto/pieces-occasion/Cache-moteur-/toutes-marques/page-1,,273,
2827,Poignee electrique frein a main,https://www.opisto.fr/fr/auto/pieces-occasion/Poignee-electrique-frein-a-main/toutes-marques/page-1,,1526,
2828,Verin de suspension arriere droit,https://www.opisto.fr/fr/auto/pieces-occasion/Verin-de-suspension-arriere-droit/toutes-marques/page-1,,384,70
2829,Verin de suspension arriere gauche,https://www.opisto.fr/fr/auto/pieces-occasion/Verin-de-suspension-arriere-gauche/toutes-marques/page-1,,384,60
2830,Fusee arriere gauche,https://www.opisto.fr/fr/auto/pieces-occasion/Fusee-arriere-gauche/toutes-marques/page-1,,390,60
2831,Fusee arriere droit,https://www.opisto.fr/fr/auto/pieces-occasion/Fusee-arriere-droit/toutes-marques/page-1,,390,70
2832,Capteur ABS avant gauche,https://www.opisto.fr/fr/auto/pieces-occasion/Capteur-ABS-avant-gauche/toutes-marques/page-1,,55,80
2833,Capteur ABS avant droit,https://www.opisto.fr/fr/auto/pieces-occasion/Capteur-ABS-avant-droit/toutes-marques/page-1,,55,90
2834,Capteur ABS arriere gauche,https://www.opisto.fr/fr/auto/pieces-occasion/Capteur-ABS-arriere-gauche/toutes-marques/page-1,,1441,60
2835,Capteur ABS arriere droit,https://www.opisto.fr/fr/auto/pieces-occasion/Capteur-ABS-arriere-droit/toutes-marques/page-1,,1441,70
2836,Tringlerie boite,https://www.opisto.fr/fr/auto/pieces-occasion/Tringlerie-boite/toutes-marques/page-1,,423,
2837,Moteur toit ouvrant,https://www.opisto.fr/fr/auto/pieces-occasion/Moteur-toit-ouvrant/toutes-marques/page-1,,1104,
2838,Verin de lunette arriere,https://www.opisto.fr/fr/auto/pieces-occasion/Verin-de-lunette-arriere/toutes-marques/page-1,,1627,
2839,Capteur point mort haut,https://www.opisto.fr/fr/auto/pieces-occasion/Capteur-point-mort-haut/toutes-marques/page-1,,1457,
2840,Fermeture de capot,https://www.opisto.fr/fr/auto/pieces-occasion/Fermeture-de-capot/toutes-marques/page-1,,522,
2841,Bielette vitesse,https://www.opisto.fr/fr/auto/pieces-occasion/Bielette-vitesse/toutes-marques/page-1,,1380,
2842,Bras essuie glace avant gauche,https://www.opisto.fr/fr/auto/pieces-occasion/Bras-essuie-glace-avant-gauche/toutes-marques/page-1,,106,80
2843,Bras essuie glace avant droit,https://www.opisto.fr/fr/auto/pieces-occasion/Bras-essuie-glace-avant-droit/toutes-marques/page-1,,106,90
2844,Bielette barre stabilisatrice avant droit,https://www.opisto.fr/fr/auto/pieces-occasion/Bielette-barre-stabilisatrice-avant-droit/toutes-marques/page-1,,364,90
2845,Bielette barre stabilisatrice avant gauche,https://www.opisto.fr/fr/auto/pieces-occasion/Bielette-barre-stabilisatrice-avant-gauche/toutes-marques/page-1,,364,80
2846,Bielette barre stabilisatrice arriere droit,https://www.opisto.fr/fr/auto/pieces-occasion/Bielette-barre-stabilisatrice-arriere-droit/toutes-marques/page-1,,395,70
2847,Bielette barre stabilisatrice arriere gauche,https://www.opisto.fr/fr/auto/pieces-occasion/Bielette-barre-stabilisatrice-arriere-gauche/toutes-marques/page-1,,395,60
2848,Crochet panier roue secours,https://www.opisto.fr/fr/auto/pieces-occasion/Crochet-panier-roue-secours/toutes-marques/page-1,,1348,
2849,Trappe de plancher,https://www.opisto.fr/fr/auto/pieces-occasion/Trappe-de-plancher/toutes-marques/page-1,,910,
2850,Enjoliveur de phare,https://www.opisto.fr/fr/auto/pieces-occasion/Enjoliveur-de-phare/toutes-marques/page-1,,1235,
2851,Sangle de reservoir,https://www.opisto.fr/fr/auto/pieces-occasion/Sangle-de-reservoir/toutes-marques/page-1,,305,
2852,Couvre benne,https://www.opisto.fr/fr/auto/pieces-occasion/Couvre-benne/toutes-marques/page-1,,1118,
2855,Bloc electrique de frein a main,https://www.opisto.fr/fr/auto/pieces-occasion/Bloc-electrique-de-frein-a-main/toutes-marques/page-1,,1741,
2856,Boitier filtre a air,https://www.opisto.fr/fr/auto/pieces-occasion/Boitier-filtre-a-air/toutes-marques/page-1,,291,
2857,Support de pare chocs arriere,https://www.opisto.fr/fr/auto/pieces-occasion/Support-de-pare-chocs-arriere/toutes-marques/page-1,,546,
2858,Support de pare chocs avant,https://www.opisto.fr/fr/auto/pieces-occasion/Support-de-pare-chocs-avant/toutes-marques/page-1,,508,
2859,Glissiere de siege,https://www.opisto.fr/fr/auto/pieces-occasion/Glissiere-de-siege/toutes-marques/page-1,,Opisto one option in Ovoko more options,
2860,Enjoliveur anti brouillard,https://www.opisto.fr/fr/auto/pieces-occasion/Enjoliveur-anti-brouillard/toutes-marques/page-1,,516,
2861,Compte tours,https://www.opisto.fr/fr/auto/pieces-occasion/Compte-tours/toutes-marques/page-1,,1010,
2863,Levier de siege,https://www.opisto.fr/fr/auto/pieces-occasion/Levier-de-siege/toutes-marques/page-1,,1983,
2864,Cable ouverture capot,https://www.opisto.fr/fr/auto/pieces-occasion/Cable-ouverture-capot/toutes-marques/page-1,,523,
2866,Canister,https://www.opisto.fr/fr/auto/pieces-occasion/Canister/toutes-marques/page-1,,1590,
2867,Commande autoradio,https://www.opisto.fr/fr/auto/pieces-occasion/Commande-autoradio/toutes-marques/page-1,,1684,
2868,Filtre a charbon actif,https://www.opisto.fr/fr/auto/pieces-occasion/Filtre-a-charbon-actif/toutes-marques/page-1,,1590,
2869,Calculateur direction assistee electrique,https://www.opisto.fr/fr/auto/pieces-occasion/Calculateur-direction-assistee-electrique/toutes-marques/page-1,,1159,
2870,Couvre culasse,https://www.opisto.fr/fr/auto/pieces-occasion/Couvre-culasse/toutes-marques/page-1,,265,
2871,Capteur aide au stationnement,https://www.opisto.fr/fr/auto/pieces-occasion/Capteur-aide-au-stationnement/toutes-marques/page-1,,1383,
2872,Moteur essuie glace avant droit,https://www.opisto.fr/fr/auto/pieces-occasion/Moteur-essuie-glace-avant-droit/toutes-marques/page-1,,113,90
2873,Moteur essuie glace avant gauche,https://www.opisto.fr/fr/auto/pieces-occasion/Moteur-essuie-glace-avant-gauche/toutes-marques/page-1,,113,80
2874,Pompe à huile,https://www.opisto.fr/fr/auto/pieces-occasion/Pompe-à-huile/toutes-marques/page-1,,1352,
2875,Silenbloc echappement arriere,https://www.opisto.fr/fr/auto/pieces-occasion/Silenbloc-echappement-arriere/toutes-marques/page-1,,1332,
2876,Silentbloc echappement central,https://www.opisto.fr/fr/auto/pieces-occasion/Silentbloc-echappement-central/toutes-marques/page-1,,1331,
2877,Repartiteur de debit,https://www.opisto.fr/fr/auto/pieces-occasion/Repartiteur-de-debit/toutes-marques/page-1,,296,
2878,Air bag rideau droit,https://www.opisto.fr/fr/auto/pieces-occasion/Air-bag-rideau-droit/toutes-marques/page-1,,895,40
2879,Air bag rideau gauche,https://www.opisto.fr/fr/auto/pieces-occasion/Air-bag-rideau-gauche/toutes-marques/page-1,,895,20
2880,Support filtre a huile,https://www.opisto.fr/fr/auto/pieces-occasion/Support-filtre-a-huile/toutes-marques/page-1,,635,
2881,Antivol de direction,https://www.opisto.fr/fr/auto/pieces-occasion/Antivol-de-direction/toutes-marques/page-1,,1415,
2882,Balais essuie glace avant,https://www.opisto.fr/fr/auto/pieces-occasion/Balais-essuie-glace-avant/toutes-marques/page-1,,101,
2883,Balais essuie glace arriere,https://www.opisto.fr/fr/auto/pieces-occasion/Balais-essuie-glace-arriere/toutes-marques/page-1,,117,
2885,GMP (groupe motopropulseur),https://www.opisto.fr/fr/auto/pieces-occasion/GMP-(groupe-motopropulseur)/toutes-marques/page-1,,no category on Ovoko,
2887,Bloc monopoint,https://www.opisto.fr/fr/auto/pieces-occasion/Bloc-monopoint/toutes-marques/page-1,,1771,
2889,Contacteur de portes,https://www.opisto.fr/fr/auto/pieces-occasion/Contacteur-de-portes/toutes-marques/page-1,,Opisto one option in Ovoko more options,
2890,Boitier xenon,https://www.opisto.fr/fr/auto/pieces-occasion/Boitier-xenon/toutes-marques/page-1,,1474,
2891,Ampoule xenon,https://www.opisto.fr/fr/auto/pieces-occasion/Ampoule-xenon/toutes-marques/page-1,,1747,
2893,Pompe lave phares,https://www.opisto.fr/fr/auto/pieces-occasion/Pompe-lave-phares/toutes-marques/page-1,,133,
2895,Radiateur eau clim,https://www.opisto.fr/fr/auto/pieces-occasion/Radiateur-eau-clim/toutes-marques/page-1,,205,
2896,Boite a air,https://www.opisto.fr/fr/auto/pieces-occasion/Boite-a-air/toutes-marques/page-1,,291,
2897,Grille de calandre,https://www.opisto.fr/fr/auto/pieces-occasion/Grille-de-calandre/toutes-marques/page-1,,1214,
2898,Electrovanne pompe à injection,https://www.opisto.fr/fr/auto/pieces-occasion/Electrovanne-pompe-à-injection/toutes-marques/page-1,,1398,
2899,Siege central arriere,https://www.opisto.fr/fr/auto/pieces-occasion/Siege-central-arriere/toutes-marques/page-1,,994,30
2901,Banquette arriere (KIT DERIV VP),https://www.opisto.fr/fr/auto/pieces-occasion/Banquette-arriere-(KIT-DERIV-VP)/toutes-marques/page-1,,994,50
2902,Injecteur monopoint,https://www.opisto.fr/fr/auto/pieces-occasion/Injecteur-monopoint/toutes-marques/page-1,,284,
2904,Rail de porte coulissante,https://www.opisto.fr/fr/auto/pieces-occasion/Rail-de-porte-coulissante/toutes-marques/page-1,,Opisto one option in Ovoko more options,
2905,Haut parleur,https://www.opisto.fr/fr/auto/pieces-occasion/Haut-parleur/toutes-marques/page-1,,no category on Ovoko,
2906,Poignee de maintien,https://www.opisto.fr/fr/auto/pieces-occasion/Poignee-de-maintien/toutes-marques/page-1,,Opisto one option in Ovoko more options,
2908,Capteur de pression de rampe injection,https://www.opisto.fr/fr/auto/pieces-occasion/Capteur-de-pression-de-rampe-injection/toutes-marques/page-1,,317,
2909,Selecteur boite de vitesse,https://www.opisto.fr/fr/auto/pieces-occasion/Selecteur-boite-de-vitesse/toutes-marques/page-1,,1772,
2910,Panneau de porte avant droit,https://www.opisto.fr/fr/auto/pieces-occasion/Panneau-de-porte-avant-droit/toutes-marques/page-1,,863,90
2911,Panneau de porte avant gauche,https://www.opisto.fr/fr/auto/pieces-occasion/Panneau-de-porte-avant-gauche/toutes-marques/page-1,,863,80
2912,Panneau de porte arriere droit,https://www.opisto.fr/fr/auto/pieces-occasion/Panneau-de-porte-arriere-droit/toutes-marques/page-1,,878,70
2913,Panneau de porte arriere gauche,https://www.opisto.fr/fr/auto/pieces-occasion/Panneau-de-porte-arriere-gauche/toutes-marques/page-1,,878,60
2916,Custode arriere droit (porte),https://www.opisto.fr/fr/auto/pieces-occasion/Custode-arriere-droit-(porte)/toutes-marques/page-1,,1194,70
2917,Custode arriere gauche (porte),https://www.opisto.fr/fr/auto/pieces-occasion/Custode-arriere-gauche-(porte)/toutes-marques/page-1,,1194,60
2918,Chargeur CD,https://www.opisto.fr/fr/auto/pieces-occasion/Chargeur-CD/toutes-marques/page-1,,1338,
2919,Rotule direction gauche,https://www.opisto.fr/fr/auto/pieces-occasion/Rotule-direction-gauche/toutes-marques/page-1,,346,20
2920,Rotule direction droite,https://www.opisto.fr/fr/auto/pieces-occasion/Rotule-direction-droite/toutes-marques/page-1,,346,40
2921,Boitier radar de recul,https://www.opisto.fr/fr/auto/pieces-occasion/Boitier-radar-de-recul/toutes-marques/page-1,,1158,
2922,Anti brouillard arriere droit,https://www.opisto.fr/fr/auto/pieces-occasion/Anti-brouillard-arriere-droit/toutes-marques/page-1,,176,40
2923,Anti brouillard arriere gauche,https://www.opisto.fr/fr/auto/pieces-occasion/Anti-brouillard-arriere-gauche/toutes-marques/page-1,,176,20
2926,Actionneur verrou trappe d'essence,https://www.opisto.fr/fr/auto/pieces-occasion/Actionneur-verrou-trappe-d'essence/toutes-marques/page-1,,1877,
2927,Cache sous moteur,https://www.opisto.fr/fr/auto/pieces-occasion/Cache-sous-moteur/toutes-marques/page-1,,539,
2929,Pot detente (echappement),https://www.opisto.fr/fr/auto/pieces-occasion/Pot-detente-(echappement)/toutes-marques/page-1,,1333,
2930,Porte boite a gants,https://www.opisto.fr/fr/auto/pieces-occasion/Porte-boite-a-gants/toutes-marques/page-1,,835,
2931,Treuil de roue de secours,https://www.opisto.fr/fr/auto/pieces-occasion/Treuil-de-roue-de-secours/toutes-marques/page-1,,1348,
2932,Lumiere porte arriere droit,https://www.opisto.fr/fr/auto/pieces-occasion/Lumiere-porte-arriere-droit/toutes-marques/page-1,,1485,70
2933,Lumiere porte arriere gauche,https://www.opisto.fr/fr/auto/pieces-occasion/Lumiere-porte-arriere-gauche/toutes-marques/page-1,,1485,60
2934,Lumiere porte avant droit,https://www.opisto.fr/fr/auto/pieces-occasion/Lumiere-porte-avant-droit/toutes-marques/page-1,,1484,90
2935,Lumiere porte avant gauche,https://www.opisto.fr/fr/auto/pieces-occasion/Lumiere-porte-avant-gauche/toutes-marques/page-1,,1484,80
2936,Fourchette embrayage,https://www.opisto.fr/fr/auto/pieces-occasion/Fourchette-embrayage/toutes-marques/page-1,,1642,
2937,Moteur de porte laterale,https://www.opisto.fr/fr/auto/pieces-occasion/Moteur-de-porte-laterale/toutes-marques/page-1,,1796,
2938,Boitier servitude moteur (BSM),https://www.opisto.fr/fr/auto/pieces-occasion/Boitier-servitude-moteur-(BSM)/toutes-marques/page-1,,1914,
2941,Robinet de chauffage,https://www.opisto.fr/fr/auto/pieces-occasion/Robinet-de-chauffage/toutes-marques/page-1,,1343,
2942,Conjoncteur disjoncteur,https://www.opisto.fr/fr/auto/pieces-occasion/Conjoncteur-disjoncteur/toutes-marques/page-1,,409,
2943,Cable embrayage,https://www.opisto.fr/fr/auto/pieces-occasion/Cable-embrayage/toutes-marques/page-1,,436,
2945,Goulotte de remplissage,https://www.opisto.fr/fr/auto/pieces-occasion/Goulotte-de-remplissage/toutes-marques/page-1,,306,
2946,Grille de protection,https://www.opisto.fr/fr/auto/pieces-occasion/Grille-de-protection/toutes-marques/page-1,,no category on Ovoko,
2947,Baguette de coffre,https://www.opisto.fr/fr/auto/pieces-occasion/Baguette-de-coffre/toutes-marques/page-1,,1843,
2948,boulons antivol roue,https://www.opisto.fr/fr/auto/pieces-occasion/boulons-antivol-roue/toutes-marques/page-1,,752,
2949,Cable de commande de frein à main,https://www.opisto.fr/fr/auto/pieces-occasion/Cable-de-commande-de-frein-à-main/toutes-marques/page-1,,91,
2950,Manivelle cric,https://www.opisto.fr/fr/auto/pieces-occasion/Manivelle-cric/toutes-marques/page-1,,1399,
2952,Convertisseur de couple,https://www.opisto.fr/fr/auto/pieces-occasion/Convertisseur-de-couple/toutes-marques/page-1,,427,
2953,Grille de pare choc,https://www.opisto.fr/fr/auto/pieces-occasion/Grille-de-pare-choc/toutes-marques/page-1,,509,
2954,Verrou colonne de direction,https://www.opisto.fr/fr/auto/pieces-occasion/Verrou-colonne-de-direction/toutes-marques/page-1,,1415,
2957,Airbag (kit Volant+passager+boitier),https://www.opisto.fr/fr/auto/pieces-occasion/Airbag-(kit-Volant+passager+boitier)/toutes-marques/page-1,,1892,
2958,Cache capote,https://www.opisto.fr/fr/auto/pieces-occasion/Cache-capote/toutes-marques/page-1,,1520,
2966,Air bag genoux,https://www.opisto.fr/fr/auto/pieces-occasion/Air-bag-genoux/toutes-marques/page-1,,894,
2967,Calculateur moteur,https://www.opisto.fr/fr/auto/pieces-occasion/Calculateur-moteur/toutes-marques/page-1,,1155,
2969,Com (Bloc Contacteur Tournant+Commodo Essuie Glace+Commodo Phare),https://www.opisto.fr/fr/auto/pieces-occasion/Com-(Bloc-Contacteur-Tournant+Commodo-Essuie-Glace+Commodo-Phare)/toutes-marques/page-1,,1165,
2970,Cric (Ensemble depannage),https://www.opisto.fr/fr/auto/pieces-occasion/Cric-(Ensemble-depannage)/toutes-marques/page-1,,1390,
2973,Levier frein à main electrique,https://www.opisto.fr/fr/auto/pieces-occasion/Levier-frein-à-main-electrique/toutes-marques/page-1,,1526,
2975,Moto ventilateur condenseur,https://www.opisto.fr/fr/auto/pieces-occasion/Moto-ventilateur-condenseur/toutes-marques/page-1,,233,
2977,Siege avant droit (banquette double),https://www.opisto.fr/fr/auto/pieces-occasion/Siege-avant-droit-(banquette-double)/toutes-marques/page-1,,995,
2979,Carnet de bord,https://www.opisto.fr/fr/auto/pieces-occasion/Carnet-de-bord/toutes-marques/page-1,,1608,
2982,Relais electrique,https://www.opisto.fr/fr/auto/pieces-occasion/Relais-electrique/toutes-marques/page-1,,1066,
2983,Porte gobelet,https://www.opisto.fr/fr/auto/pieces-occasion/Porte-gobelet/toutes-marques/page-1,,Opisto one option in Ovoko more options,
2985,Poignee porte laterale droit,https://www.opisto.fr/fr/auto/pieces-occasion/Poignee-porte-laterale-droit/toutes-marques/page-1,,781,40
2986,Poignee porte laterale gauche,https://www.opisto.fr/fr/auto/pieces-occasion/Poignee-porte-laterale-gauche/toutes-marques/page-1,,781,20
2987,Paire de disques avant (freinage),https://www.opisto.fr/fr/auto/pieces-occasion/Paire-de-disques-avant-(freinage)/toutes-marques/page-1,,552,50
2989,Radiateur condenseur de clim,https://www.opisto.fr/fr/auto/pieces-occasion/Radiateur-condenseur-de-clim/toutes-marques/page-1,,205,
2990,Cloison de separation (utilitaire),https://www.opisto.fr/fr/auto/pieces-occasion/Cloison-de-separation-(utilitaire)/toutes-marques/page-1,,2115,
2991,Contacteur feu stop,https://www.opisto.fr/fr/auto/pieces-occasion/Contacteur-feu-stop/toutes-marques/page-1,,81,
2992,Filet separation,https://www.opisto.fr/fr/auto/pieces-occasion/Filet-separation/toutes-marques/page-1,,918,
2993,Radiateur EGR,https://www.opisto.fr/fr/auto/pieces-occasion/Radiateur-EGR/toutes-marques/page-1,,1175,
2994,Bras de suspension arriere gauche,https://www.opisto.fr/fr/auto/pieces-occasion/Bras-de-suspension-arriere-gauche/toutes-marques/page-1,,398,60
2995,Bras de suspension arriere droit,https://www.opisto.fr/fr/auto/pieces-occasion/Bras-de-suspension-arriere-droit/toutes-marques/page-1,,398,70
2996,Moulure de pare choc avant,https://www.opisto.fr/fr/auto/pieces-occasion/Moulure-de-pare-choc-avant/toutes-marques/page-1,,512,
2997,Enjoliveur de phare droit,https://www.opisto.fr/fr/auto/pieces-occasion/Enjoliveur-de-phare-droit/toutes-marques/page-1,,1235,40
2998,Enjoliveur de phare gauche,https://www.opisto.fr/fr/auto/pieces-occasion/Enjoliveur-de-phare-gauche/toutes-marques/page-1,,1235,20
2999,Enjoliveur de feu arriere droit,https://www.opisto.fr/fr/auto/pieces-occasion/Enjoliveur-de-feu-arriere-droit/toutes-marques/page-1,,158,70
3000,Enjoliveur de feu arriere gauche,https://www.opisto.fr/fr/auto/pieces-occasion/Enjoliveur-de-feu-arriere-gauche/toutes-marques/page-1,,158,80
3001,Bouteille deshydratante,https://www.opisto.fr/fr/auto/pieces-occasion/Bouteille-deshydratante/toutes-marques/page-1,,249,
3002,Tuyau hydraulique de direction assistee,https://www.opisto.fr/fr/auto/pieces-occasion/Tuyau-hydraulique-de-direction-assistee/toutes-marques/page-1,,342,
3003,Kit de freins avant,https://www.opisto.fr/fr/auto/pieces-occasion/Kit-de-freins-avant/toutes-marques/page-1,,no category on Ovoko,
3004,Kit de freins arriere,https://www.opisto.fr/fr/auto/pieces-occasion/Kit-de-freins-arriere/toutes-marques/page-1,,no category on Ovoko,
3005,Support de phare droit (tôle),https://www.opisto.fr/fr/auto/pieces-occasion/Support-de-phare-droit-(tôle)/toutes-marques/page-1,,146,90
3006,Support de phare gauche (tôle),https://www.opisto.fr/fr/auto/pieces-occasion/Support-de-phare-gauche-(tôle)/toutes-marques/page-1,,146,80
3007,Biellette de barre stabilisatrice,https://www.opisto.fr/fr/auto/pieces-occasion/Biellette-de-barre-stabilisatrice/toutes-marques/page-1,,395,
3008,Traverse inferieure,https://www.opisto.fr/fr/auto/pieces-occasion/Traverse-inferieure/toutes-marques/page-1,,no category on Ovoko,
3009,Capteur arbre a came,https://www.opisto.fr/fr/auto/pieces-occasion/Capteur-arbre-a-came/toutes-marques/page-1,,1457,
3010,Cabochon arriere droit,https://www.opisto.fr/fr/auto/pieces-occasion/Cabochon-arriere-droit/toutes-marques/page-1,,152,40
3011,Cabochon arriere gauche,https://www.opisto.fr/fr/auto/pieces-occasion/Cabochon-arriere-gauche/toutes-marques/page-1,,152,20
3012,Rampe de culbuteurs,https://www.opisto.fr/fr/auto/pieces-occasion/Rampe-de-culbuteurs/toutes-marques/page-1,,no category on Ovoko,
3014,Flexible hydraulique (direction),https://www.opisto.fr/fr/auto/pieces-occasion/Flexible-hydraulique-(direction)/toutes-marques/page-1,,342,
3018,Train arriere complet,https://www.opisto.fr/fr/auto/pieces-occasion/Train-arriere-complet/toutes-marques/page-1,,1980,
3020,Flector transmission,https://www.opisto.fr/fr/auto/pieces-occasion/Flector-transmission/toutes-marques/page-1,,447,
3021,Reglage hauteur ceinture,https://www.opisto.fr/fr/auto/pieces-occasion/Reglage-hauteur-ceinture/toutes-marques/page-1,,2003,
3024,Mecanique complete,https://www.opisto.fr/fr/auto/pieces-occasion/Mecanique-complete/toutes-marques/page-1,,no category on Ovoko,
3025,Boulons antivol roue,https://www.opisto.fr/fr/auto/pieces-occasion/Boulons-antivol-roue/toutes-marques/page-1,,752,
3026,Helice de ventilateur,https://www.opisto.fr/fr/auto/pieces-occasion/Helice-de-ventilateur/toutes-marques/page-1,,247,
3027,Viscocoupler,https://www.opisto.fr/fr/auto/pieces-occasion/Viscocoupler/toutes-marques/page-1,,243,
3028,Lame de ressort avant gauche,https://www.opisto.fr/fr/auto/pieces-occasion/Lame-de-ressort-avant-gauche/toutes-marques/page-1,,1720,80
3029,Lame de ressort avant droit,https://www.opisto.fr/fr/auto/pieces-occasion/Lame-de-ressort-avant-droit/toutes-marques/page-1,,1720,90
3030,Feu de pare choc avant droit,https://www.opisto.fr/fr/auto/pieces-occasion/Feu-de-pare-choc-avant-droit/toutes-marques/page-1,,no category on Ovoko,
3031,Feu de pare choc avant gauche,https://www.opisto.fr/fr/auto/pieces-occasion/Feu-de-pare-choc-avant-gauche/toutes-marques/page-1,,no category on Ovoko,
3032,Feu de pare choc arriere droit,https://www.opisto.fr/fr/auto/pieces-occasion/Feu-de-pare-choc-arriere-droit/toutes-marques/page-1,,1786,70
3033,Feu de pare choc arriere gauche,https://www.opisto.fr/fr/auto/pieces-occasion/Feu-de-pare-choc-arriere-gauche/toutes-marques/page-1,,1786,60
3034,Enjoliveur moustache optique avant gauche,https://www.opisto.fr/fr/auto/pieces-occasion/Enjoliveur-moustache-optique-avant-gauche/toutes-marques/page-1,,1235,20
3035,Enjoliveur moustache optique avant droit,https://www.opisto.fr/fr/auto/pieces-occasion/Enjoliveur-moustache-optique-avant-droit/toutes-marques/page-1,,1235,40
3040,Arbre de pont arriere gauche,https://www.opisto.fr/fr/auto/pieces-occasion/Arbre-de-pont-arriere-gauche/toutes-marques/page-1,,444,60
3041,Arbre de pont arriere droit,https://www.opisto.fr/fr/auto/pieces-occasion/Arbre-de-pont-arriere-droit/toutes-marques/page-1,,444,70
3042,Prise port USB,https://www.opisto.fr/fr/auto/pieces-occasion/Prise-port-USB/toutes-marques/page-1,,1610,
3043,Ciel de toit,https://www.opisto.fr/fr/auto/pieces-occasion/Ciel-de-toit/toutes-marques/page-1,,934,
3045,Siege central droit,https://www.opisto.fr/fr/auto/pieces-occasion/Siege-central-droit/toutes-marques/page-1,,994,40
3046,Siege central gauche,https://www.opisto.fr/fr/auto/pieces-occasion/Siege-central-gauche/toutes-marques/page-1,,994,20
3048,Refroidisseur gasoil,https://www.opisto.fr/fr/auto/pieces-occasion/Refroidisseur-gasoil/toutes-marques/page-1,,1376,
3050,Crochet de remorquage,https://www.opisto.fr/fr/auto/pieces-occasion/Crochet-de-remorquage/toutes-marques/page-1,,1340,
3051,Rampe longues portees,https://www.opisto.fr/fr/auto/pieces-occasion/Rampe-longues-portees/toutes-marques/page-1,,no category on Ovoko,
3052,Siege arriere central,https://www.opisto.fr/fr/auto/pieces-occasion/Siege-arriere-central/toutes-marques/page-1,,994,30
3053,Paire de disques arriere (freinage),https://www.opisto.fr/fr/auto/pieces-occasion/Paire-de-disques-arriere-(freinage)/toutes-marques/page-1,,554,50
3055,Joint moteur,https://www.opisto.fr/fr/auto/pieces-occasion/Joint-moteur/toutes-marques/page-1,,no category on Ovoko,
3056,Revetement,https://www.opisto.fr/fr/auto/pieces-occasion/Revetement/toutes-marques/page-1,,no category on Ovoko,
3057,Support de plaque d'immatriculation,https://www.opisto.fr/fr/auto/pieces-occasion/Support-de-plaque-d'immatriculation/toutes-marques/page-1,,Opisto one option in Ovoko more options,
3058,Kit enjoliveur interieur,https://www.opisto.fr/fr/auto/pieces-occasion/Kit-enjoliveur-interieur/toutes-marques/page-1,,2114,
3059,Chauffage auxiliaire,https://www.opisto.fr/fr/auto/pieces-occasion/Chauffage-auxiliaire/toutes-marques/page-1,,209,
3060,Support anti brouillard avant,https://www.opisto.fr/fr/auto/pieces-occasion/Support-anti-brouillard-avant/toutes-marques/page-1,,1919,
3061,Radiateur de direction assistee,https://www.opisto.fr/fr/auto/pieces-occasion/Radiateur-de-direction-assistee/toutes-marques/page-1,,1307,
3063,Support cable levier de vitesses,https://www.opisto.fr/fr/auto/pieces-occasion/Support-cable-levier-de-vitesses/toutes-marques/page-1,,1672,
3064,Coussin pneumatique arriere gauche,https://www.opisto.fr/fr/auto/pieces-occasion/Coussin-pneumatique-arriere-gauche/toutes-marques/page-1,,408,60
3066,Tapis sensitif passager,https://www.opisto.fr/fr/auto/pieces-occasion/Tapis-sensitif-passager/toutes-marques/page-1,,1865,
3067,Flexible de frein avant,https://www.opisto.fr/fr/auto/pieces-occasion/Flexible-de-frein-avant/toutes-marques/page-1,,80,100
3068,Moulure de pare choc arriere,https://www.opisto.fr/fr/auto/pieces-occasion/Moulure-de-pare-choc-arriere/toutes-marques/page-1,,1437,
3069,Support radiateur,https://www.opisto.fr/fr/auto/pieces-occasion/Support-radiateur/toutes-marques/page-1,,1586,
3070,Support anti brouillard arriere,https://www.opisto.fr/fr/auto/pieces-occasion/Support-anti-brouillard-arriere/toutes-marques/page-1,,no category on Ovoko,
3071,Tapis sensitif conducteur,https://www.opisto.fr/fr/auto/pieces-occasion/Tapis-sensitif-conducteur/toutes-marques/page-1,,966,80
3072,Conduite d'air,https://www.opisto.fr/fr/auto/pieces-occasion/Conduite-d'air/toutes-marques/page-1,,299,
3073,Coussin pneumatique arriere droit,https://www.opisto.fr/fr/auto/pieces-occasion/Coussin-pneumatique-arriere-droit/toutes-marques/page-1,,408,70
3074,Suspension pneumatique avant droit,https://www.opisto.fr/fr/auto/pieces-occasion/Suspension-pneumatique-avant-droit/toutes-marques/page-1,,1714,40
3075,Suspension pneumatique avant gauche,https://www.opisto.fr/fr/auto/pieces-occasion/Suspension-pneumatique-avant-gauche/toutes-marques/page-1,,1714,20
3076,Custode avant droit (porte),https://www.opisto.fr/fr/auto/pieces-occasion/Custode-avant-droit-(porte)/toutes-marques/page-1,,586,40
3077,Custode avant gauche (porte),https://www.opisto.fr/fr/auto/pieces-occasion/Custode-avant-gauche-(porte)/toutes-marques/page-1,,1196,20
3078,Soufflet de levier de frein a main,https://www.opisto.fr/fr/auto/pieces-occasion/Soufflet-de-levier-de-frein-a-main/toutes-marques/page-1,,84,
3080,Bas volet avant,https://www.opisto.fr/fr/auto/pieces-occasion/Bas-volet-avant/toutes-marques/page-1,,513,
3084,Compresseur air,https://www.opisto.fr/fr/auto/pieces-occasion/Compresseur-air/toutes-marques/page-1,,407,
3085,Demi train arriere droit,https://www.opisto.fr/fr/auto/pieces-occasion/Demi-train-arriere-droit/toutes-marques/page-1,,1980,70
3086,Demi train arriere gauche,https://www.opisto.fr/fr/auto/pieces-occasion/Demi-train-arriere-gauche/toutes-marques/page-1,,1980,60
3087,Notice d'utilisation,https://www.opisto.fr/fr/auto/pieces-occasion/Notice-d'utilisation/toutes-marques/page-1,,1607,
3088,Filtre a air,https://www.opisto.fr/fr/auto/pieces-occasion/Filtre-a-air/toutes-marques/page-1,,290,
3089,Filtre a carburant,https://www.opisto.fr/fr/auto/pieces-occasion/Filtre-a-carburant/toutes-marques/page-1,,308,
3090,Filtre a huile,https://www.opisto.fr/fr/auto/pieces-occasion/Filtre-a-huile/toutes-marques/page-1,,no category on Ovoko,
3091,Gicleur lave glace,https://www.opisto.fr/fr/auto/pieces-occasion/Gicleur-lave-glace/toutes-marques/page-1,,100,
3092,Camera de recul,https://www.opisto.fr/fr/auto/pieces-occasion/Camera-de-recul/toutes-marques/page-1,,577,
3093,Kit anti crevaison,https://www.opisto.fr/fr/auto/pieces-occasion/Kit-anti-crevaison/toutes-marques/page-1,,1390,
3095,Bas volet arriere,https://www.opisto.fr/fr/auto/pieces-occasion/Bas-volet-arriere/toutes-marques/page-1,,549,
3102,Boitier de commande de boite auto,https://www.opisto.fr/fr/auto/pieces-occasion/Boitier-de-commande-de-boite-auto/toutes-marques/page-1,,1152,
3103,Baie de pare brise,https://www.opisto.fr/fr/auto/pieces-occasion/Baie-de-pare-brise/toutes-marques/page-1,,526,
3104,Pivot de moyeu arriere gauche,https://www.opisto.fr/fr/auto/pieces-occasion/Pivot-de-moyeu-arriere-gauche/toutes-marques/page-1,,397,20
3105,Pivot de moyeu arriere droit,https://www.opisto.fr/fr/auto/pieces-occasion/Pivot-de-moyeu-arriere-droit/toutes-marques/page-1,,397,40
3106,Bouton de demarrage,https://www.opisto.fr/fr/auto/pieces-occasion/Bouton-de-demarrage/toutes-marques/page-1,,1020,
3107,Moteur ouverture de Coffre/Malle/Hayon,https://www.opisto.fr/fr/auto/pieces-occasion/Moteur-ouverture-de-Coffre/Malle/Hayon/toutes-marques/page-1,,1557,
3108,Cable d'accelerateur,https://www.opisto.fr/fr/auto/pieces-occasion/Cable-d'accelerateur/toutes-marques/page-1,,1573,
3109,Tirant de porte avant gauche,https://www.opisto.fr/fr/auto/pieces-occasion/Tirant-de-porte-avant-gauche/toutes-marques/page-1,,590,20
3110,Tirant de porte avant droit,https://www.opisto.fr/fr/auto/pieces-occasion/Tirant-de-porte-avant-droit/toutes-marques/page-1,,590,40
3111,Tirant de porte arriere gauche,https://www.opisto.fr/fr/auto/pieces-occasion/Tirant-de-porte-arriere-gauche/toutes-marques/page-1,,610,60
3112,Tirant de porte arriere droit,https://www.opisto.fr/fr/auto/pieces-occasion/Tirant-de-porte-arriere-droit/toutes-marques/page-1,,610,70
3113,Mecanisme de leve vitre electrique avant droit,https://www.opisto.fr/fr/auto/pieces-occasion/Mecanisme-de-leve-vitre-electrique-avant-droit/toutes-marques/page-1,,601,90
3114,Mecanisme de leve vitre electrique avant gauche,https://www.opisto.fr/fr/auto/pieces-occasion/Mecanisme-de-leve-vitre-electrique-avant-gauche/toutes-marques/page-1,,601,80
3115,Mecanisme de leve vitre electrique arriere droit,https://www.opisto.fr/fr/auto/pieces-occasion/Mecanisme-de-leve-vitre-electrique-arriere-droit/toutes-marques/page-1,,621,70
3116,Mecanisme de leve vitre electrique arriere gauche,https://www.opisto.fr/fr/auto/pieces-occasion/Mecanisme-de-leve-vitre-electrique-arriere-gauche/toutes-marques/page-1,,621,60
3117,Bloc chauffage,https://www.opisto.fr/fr/auto/pieces-occasion/Bloc-chauffage/toutes-marques/page-1,,216,
3121,Bague transpondeur neiman lecteur de puce,https://www.opisto.fr/fr/auto/pieces-occasion/Bague-transpondeur-neiman-lecteur-de-puce/toutes-marques/page-1,,1543,
3122,Transpondeur,https://www.opisto.fr/fr/auto/pieces-occasion/Transpondeur/toutes-marques/page-1,,1543,
3123,Baguette de toit,https://www.opisto.fr/fr/auto/pieces-occasion/Baguette-de-toit/toutes-marques/page-1,,1510,
3126,Catadioptre arriere gauche,https://www.opisto.fr/fr/auto/pieces-occasion/Catadioptre-arriere-gauche/toutes-marques/page-1,,166,60
3127,Catadioptre arriere droit,https://www.opisto.fr/fr/auto/pieces-occasion/Catadioptre-arriere-droit/toutes-marques/page-1,,166,70
3128,Amplificateur audio,https://www.opisto.fr/fr/auto/pieces-occasion/Amplificateur-audio/toutes-marques/page-1,,1278,
3129,Commande de reglage de siege,https://www.opisto.fr/fr/auto/pieces-occasion/Commande-de-reglage-de-siege/toutes-marques/page-1,,1041,
3132,Moteur de direction assistee,https://www.opisto.fr/fr/auto/pieces-occasion/Moteur-de-direction-assistee/toutes-marques/page-1,,1755,
3133,Hayon superieur,https://www.opisto.fr/fr/auto/pieces-occasion/Hayon-superieur/toutes-marques/page-1,,556,
3134,Hayon inferieur,https://www.opisto.fr/fr/auto/pieces-occasion/Hayon-inferieur/toutes-marques/page-1,,1481,
3135,Calandre droite,https://www.opisto.fr/fr/auto/pieces-occasion/Calandre-droite/toutes-marques/page-1,,Opisto one option in Ovoko more options,90
3136,Calandre gauche,https://www.opisto.fr/fr/auto/pieces-occasion/Calandre-gauche/toutes-marques/page-1,,Opisto one option in Ovoko more options,80
3137,Grille de calandre droite,https://www.opisto.fr/fr/auto/pieces-occasion/Grille-de-calandre-droite/toutes-marques/page-1,,514,90
3138,Grille de calandre gauche,https://www.opisto.fr/fr/auto/pieces-occasion/Grille-de-calandre-gauche/toutes-marques/page-1,,514,80
3139,Feu de recul droit,https://www.opisto.fr/fr/auto/pieces-occasion/Feu-de-recul-droit/toutes-marques/page-1,,164,70
3140,Feu de recul gauche,https://www.opisto.fr/fr/auto/pieces-occasion/Feu-de-recul-gauche/toutes-marques/page-1,,164,60
3149,Vide poche avant droit,https://www.opisto.fr/fr/auto/pieces-occasion/Vide-poche-avant-droit/toutes-marques/page-1,,864,90
3150,Vide poche avant gauche,https://www.opisto.fr/fr/auto/pieces-occasion/Vide-poche-avant-gauche/toutes-marques/page-1,,864,80
3151,Vide poche arriere droit,https://www.opisto.fr/fr/auto/pieces-occasion/Vide-poche-arriere-droit/toutes-marques/page-1,,879,70
3152,Vide poche arriere gauche,https://www.opisto.fr/fr/auto/pieces-occasion/Vide-poche-arriere-gauche/toutes-marques/page-1,,879,60
3156,Capteur de pluie,https://www.opisto.fr/fr/auto/pieces-occasion/Capteur-de-pluie/toutes-marques/page-1,,1381,
3157,Verin de coffre gauche,https://www.opisto.fr/fr/auto/pieces-occasion/Verin-de-coffre-gauche/toutes-marques/page-1,,562,60
3158,Verin de coffre droit,https://www.opisto.fr/fr/auto/pieces-occasion/Verin-de-coffre-droit/toutes-marques/page-1,,562,70
3159,Verin de lunette arriere droit,https://www.opisto.fr/fr/auto/pieces-occasion/Verin-de-lunette-arriere-droit/toutes-marques/page-1,,1627,40
3160,Verin de lunette arriere gauche,https://www.opisto.fr/fr/auto/pieces-occasion/Verin-de-lunette-arriere-gauche/toutes-marques/page-1,,1627,20
3161,Absorbeur de pare choc avant,https://www.opisto.fr/fr/auto/pieces-occasion/Absorbeur-de-pare-choc-avant/toutes-marques/page-1,,1435,
3162,Absorbeur de pare choc arriere,https://www.opisto.fr/fr/auto/pieces-occasion/Absorbeur-de-pare-choc-arriere/toutes-marques/page-1,,1436,
3167,Actionneur serrure coffre,https://www.opisto.fr/fr/auto/pieces-occasion/Actionneur-serrure-coffre/toutes-marques/page-1,,1557,
3168,Actionneur serrure hayon,https://www.opisto.fr/fr/auto/pieces-occasion/Actionneur-serrure-hayon/toutes-marques/page-1,,569,
3169,Actionneur serrure porte avant droite,https://www.opisto.fr/fr/auto/pieces-occasion/Actionneur-serrure-porte-avant-droite/toutes-marques/page-1,,597,90
3170,Actionneur serrure porte avant gauche,https://www.opisto.fr/fr/auto/pieces-occasion/Actionneur-serrure-porte-avant-gauche/toutes-marques/page-1,,597,80
3171,Actionneur serrure porte arriere droite,https://www.opisto.fr/fr/auto/pieces-occasion/Actionneur-serrure-porte-arriere-droite/toutes-marques/page-1,,617,70
3172,Actionneur serrure porte arriere gauche,https://www.opisto.fr/fr/auto/pieces-occasion/Actionneur-serrure-porte-arriere-gauche/toutes-marques/page-1,,617,60
3173,Joint de porte avant gauche,https://www.opisto.fr/fr/auto/pieces-occasion/Joint-de-porte-avant-gauche/toutes-marques/page-1,,599,80
3174,Joint de porte avant droite,https://www.opisto.fr/fr/auto/pieces-occasion/Joint-de-porte-avant-droite/toutes-marques/page-1,,599,90
3175,Joint de porte arriere gauche,https://www.opisto.fr/fr/auto/pieces-occasion/Joint-de-porte-arriere-gauche/toutes-marques/page-1,,619,20
3176,Joint de porte arriere droite,https://www.opisto.fr/fr/auto/pieces-occasion/Joint-de-porte-arriere-droite/toutes-marques/page-1,,619,70
3178,Bras oscillant avant gauche,https://www.opisto.fr/fr/auto/pieces-occasion/Bras-oscillant-avant-gauche/toutes-marques/page-1,,369,80
3179,Bras oscillant avant droit,https://www.opisto.fr/fr/auto/pieces-occasion/Bras-oscillant-avant-droit/toutes-marques/page-1,,369,90
3185,Boitier UCH,https://www.opisto.fr/fr/auto/pieces-occasion/Boitier-UCH/toutes-marques/page-1,,1914,
3186,Pompe hydraulique,https://www.opisto.fr/fr/auto/pieces-occasion/Pompe-hydraulique/toutes-marques/page-1,,1515,
3187,Faisceau moteur,https://www.opisto.fr/fr/auto/pieces-occasion/Faisceau-moteur/toutes-marques/page-1,,1306,
3188,Cache serrure,https://www.opisto.fr/fr/auto/pieces-occasion/Cache-serrure/toutes-marques/page-1,,no category on Ovoko,
3191,Aerateur tableau de bord avant gauche,https://www.opisto.fr/fr/auto/pieces-occasion/Aerateur-tableau-de-bord-avant-gauche/toutes-marques/page-1,,828,20
3192,Aerateur tableau de bord avant droit,https://www.opisto.fr/fr/auto/pieces-occasion/Aerateur-tableau-de-bord-avant-droit/toutes-marques/page-1,,828,40
3196,Moteur start stop,https://www.opisto.fr/fr/auto/pieces-occasion/Moteur-start-stop/toutes-marques/page-1,,2098,
3197,ECU start stop,https://www.opisto.fr/fr/auto/pieces-occasion/ECU-start-stop/toutes-marques/page-1,,2097,
3198,Kit start stop,https://www.opisto.fr/fr/auto/pieces-occasion/Kit-start-stop/toutes-marques/page-1,,2098,
3200,Appui tete avant,https://www.opisto.fr/fr/auto/pieces-occasion/Appui-tete-avant/toutes-marques/page-1,,1825,
3201,Appui tete arriere,https://www.opisto.fr/fr/auto/pieces-occasion/Appui-tete-arriere/toutes-marques/page-1,,1826,
3202,Appui tete arriere central,https://www.opisto.fr/fr/auto/pieces-occasion/Appui-tete-arriere-central/toutes-marques/page-1,,1826,30
3203,Motoreducteur de climatiseur,https://www.opisto.fr/fr/auto/pieces-occasion/Motoreducteur-de-climatiseur/toutes-marques/page-1,,212,
3204,Resistance rechauffage air,https://www.opisto.fr/fr/auto/pieces-occasion/Resistance-rechauffage-air/toutes-marques/page-1,,213,
3205,Chassis,https://www.opisto.fr/fr/auto/pieces-occasion/Chassis/toutes-marques/page-1,,1099,
3206,Garniture porte avant droite,https://www.opisto.fr/fr/auto/pieces-occasion/Garniture-porte-avant-droite/toutes-marques/page-1,,863,90
3207,Garniture porte avant gauche,https://www.opisto.fr/fr/auto/pieces-occasion/Garniture-porte-avant-gauche/toutes-marques/page-1,,863,80
3208,Garniture porte arriere droite,https://www.opisto.fr/fr/auto/pieces-occasion/Garniture-porte-arriere-droite/toutes-marques/page-1,,878,70
3209,Garniture porte arriere gauche,https://www.opisto.fr/fr/auto/pieces-occasion/Garniture-porte-arriere-gauche/toutes-marques/page-1,,878,60
3210,Garniture hayon,https://www.opisto.fr/fr/auto/pieces-occasion/Garniture-hayon/toutes-marques/page-1,,927,
3211,Garniture laterale arriere gauche,https://www.opisto.fr/fr/auto/pieces-occasion/Garniture-laterale-arriere-gauche/toutes-marques/page-1,,no category on Ovoko,
3212,Garniture laterale arriere droite,https://www.opisto.fr/fr/auto/pieces-occasion/Garniture-laterale-arriere-droite/toutes-marques/page-1,,no category on Ovoko,
3213,Capteur de vitesse (capteur tachymetrique),https://www.opisto.fr/fr/auto/pieces-occasion/Capteur-de-vitesse-(capteur-tachymetrique)/toutes-marques/page-1,,1503,
3214,Moteur de capote,https://www.opisto.fr/fr/auto/pieces-occasion/Moteur-de-capote/toutes-marques/page-1,,2015,
3215,Serrure de capot,https://www.opisto.fr/fr/auto/pieces-occasion/Serrure-de-capot/toutes-marques/page-1,,522,
3216,Serrure de hayon,https://www.opisto.fr/fr/auto/pieces-occasion/Serrure-de-hayon/toutes-marques/page-1,,564,
3217,Serrure de porte de coffre gauche,https://www.opisto.fr/fr/auto/pieces-occasion/Serrure-de-porte-de-coffre-gauche/toutes-marques/page-1,,564,20
3218,Serrure de porte de coffre droite,https://www.opisto.fr/fr/auto/pieces-occasion/Serrure-de-porte-de-coffre-droite/toutes-marques/page-1,,564,40
3219,Poignee hayon,https://www.opisto.fr/fr/auto/pieces-occasion/Poignee-hayon/toutes-marques/page-1,,569,
3220,Poignee interieur porte de coffre gauche,https://www.opisto.fr/fr/auto/pieces-occasion/Poignee-interieur-porte-de-coffre-gauche/toutes-marques/page-1,,1626,60
3221,Poignee interieur porte de coffre droite,https://www.opisto.fr/fr/auto/pieces-occasion/Poignee-interieur-porte-de-coffre-droite/toutes-marques/page-1,,1626,70
3222,Boitier telecommande emetteur recepteur centralisation porte (plip),https://www.opisto.fr/fr/auto/pieces-occasion/Boitier-telecommande-emetteur-recepteur-centralisation-porte-(plip)/toutes-marques/page-1,,1142,
3223,Boitier telecommande emetteur centralisation porte (plip),https://www.opisto.fr/fr/auto/pieces-occasion/Boitier-telecommande-emetteur-centralisation-porte-(plip)/toutes-marques/page-1,,1149,
3224,Boitier telecommande recepteur centralisation porte,https://www.opisto.fr/fr/auto/pieces-occasion/Boitier-telecommande-recepteur-centralisation-porte/toutes-marques/page-1,,1149,
3225,Galerie de toit,https://www.opisto.fr/fr/auto/pieces-occasion/Galerie-de-toit/toutes-marques/page-1,,1509,
3226,Support poignee porte avant droite,https://www.opisto.fr/fr/auto/pieces-occasion/Support-poignee-porte-avant-droite/toutes-marques/page-1,,1565,90
3227,Support poignee porte avant gauche,https://www.opisto.fr/fr/auto/pieces-occasion/Support-poignee-porte-avant-gauche/toutes-marques/page-1,,1565,80
3228,Support poignee porte arriere droite,https://www.opisto.fr/fr/auto/pieces-occasion/Support-poignee-porte-arriere-droite/toutes-marques/page-1,,1569,70
3229,Support poignee porte arriere gauche,https://www.opisto.fr/fr/auto/pieces-occasion/Support-poignee-porte-arriere-gauche/toutes-marques/page-1,,1569,60
3231,Capteur main libre poignee porte avant droite,https://www.opisto.fr/fr/auto/pieces-occasion/Capteur-main-libre-poignee-porte-avant-droite/toutes-marques/page-1,,1201,
3232,Capteur main libre poignee porte avant gauche,https://www.opisto.fr/fr/auto/pieces-occasion/Capteur-main-libre-poignee-porte-avant-gauche/toutes-marques/page-1,,1201,
3233,Barillet porte avant gauche,https://www.opisto.fr/fr/auto/pieces-occasion/Barillet-porte-avant-gauche/toutes-marques/page-1,,592,80
3234,Barillet porte avant droite,https://www.opisto.fr/fr/auto/pieces-occasion/Barillet-porte-avant-droite/toutes-marques/page-1,,592,90
3237,Barillet porte laterale,https://www.opisto.fr/fr/auto/pieces-occasion/Barillet-porte-laterale/toutes-marques/page-1,,no category on Ovoko,
3238,Barillet porte de coffre droite,https://www.opisto.fr/fr/auto/pieces-occasion/Barillet-porte-de-coffre-droite/toutes-marques/page-1,,564,40
3239,Barillet porte de coffre gauche,https://www.opisto.fr/fr/auto/pieces-occasion/Barillet-porte-de-coffre-gauche/toutes-marques/page-1,,799,20
3240,Barillet hayon arriere,https://www.opisto.fr/fr/auto/pieces-occasion/Barillet-hayon-arriere/toutes-marques/page-1,,1482,
3241,Barillet de coffre/malle,https://www.opisto.fr/fr/auto/pieces-occasion/Barillet-de-coffre/malle/toutes-marques/page-1,,1801,
3242,Calculateur boitier electronique ESP/ABS,https://www.opisto.fr/fr/auto/pieces-occasion/Calculateur-boitier-electronique-ESP/ABS/toutes-marques/page-1,,1133,
3243,Support commodo (commutateur),https://www.opisto.fr/fr/auto/pieces-occasion/Support-commodo-(commutateur)/toutes-marques/page-1,,no category on Ovoko,
3244,Feu diurne avant droit,https://www.opisto.fr/fr/auto/pieces-occasion/Feu-diurne-avant-droit/toutes-marques/page-1,,1931,90
3245,Feu diurne avant gauche,https://www.opisto.fr/fr/auto/pieces-occasion/Feu-diurne-avant-gauche/toutes-marques/page-1,,1931,80
3246,Poignee de maintien avant droit,https://www.opisto.fr/fr/auto/pieces-occasion/Poignee-de-maintien-avant-droit/toutes-marques/page-1,,940,90
3247,Poignee de maintien avant gauche,https://www.opisto.fr/fr/auto/pieces-occasion/Poignee-de-maintien-avant-gauche/toutes-marques/page-1,,940,80
3248,Poignee de maintien arriere droit,https://www.opisto.fr/fr/auto/pieces-occasion/Poignee-de-maintien-arriere-droit/toutes-marques/page-1,,939,70
3249,Poignee de maintien arriere gauche,https://www.opisto.fr/fr/auto/pieces-occasion/Poignee-de-maintien-arriere-gauche/toutes-marques/page-1,,939,60
3250,Support etrier frein (chape) avant droit,https://www.opisto.fr/fr/auto/pieces-occasion/Support-etrier-frein-(chape)-avant-droit/toutes-marques/page-1,,69,40
3251,Support etrier frein (chape) avant gauche,https://www.opisto.fr/fr/auto/pieces-occasion/Support-etrier-frein-(chape)-avant-gauche/toutes-marques/page-1,,69,20
3252,Support etrier frein (chape) arriere droit,https://www.opisto.fr/fr/auto/pieces-occasion/Support-etrier-frein-(chape)-arriere-droit/toutes-marques/page-1,,1188,40
3253,Support etrier frein (chape) arriere gauche,https://www.opisto.fr/fr/auto/pieces-occasion/Support-etrier-frein-(chape)-arriere-gauche/toutes-marques/page-1,,1188,20
3254,Pompe de circulation d'eau;chauffage auxiliaire,https://www.opisto.fr/fr/auto/pieces-occasion/Pompe-de-circulation-d'eau;chauffage-auxiliaire/toutes-marques/page-1,,636,
3255,Catadioptre interieur porte avant gauche,https://www.opisto.fr/fr/auto/pieces-occasion/Catadioptre-interieur-porte-avant-gauche/toutes-marques/page-1,,1523,20
3256,Catadioptre interieur porte avant droite,https://www.opisto.fr/fr/auto/pieces-occasion/Catadioptre-interieur-porte-avant-droite/toutes-marques/page-1,,1523,40
3257,Catadioptre interieur porte arriere gauche,https://www.opisto.fr/fr/auto/pieces-occasion/Catadioptre-interieur-porte-arriere-gauche/toutes-marques/page-1,,1523,20
3258,Catadioptre interieur porte arriere droite,https://www.opisto.fr/fr/auto/pieces-occasion/Catadioptre-interieur-porte-arriere-droite/toutes-marques/page-1,,1523,40
3259,Serrure de porte laterale droite,https://www.opisto.fr/fr/auto/pieces-occasion/Serrure-de-porte-laterale-droite/toutes-marques/page-1,,784,40
3260,Serrure de porte laterale gauche,https://www.opisto.fr/fr/auto/pieces-occasion/Serrure-de-porte-laterale-gauche/toutes-marques/page-1,,784,20
3261,Poignee interieur porte laterale droite,https://www.opisto.fr/fr/auto/pieces-occasion/Poignee-interieur-porte-laterale-droite/toutes-marques/page-1,,1815,40
3262,Poignee interieur porte laterale gauche,https://www.opisto.fr/fr/auto/pieces-occasion/Poignee-interieur-porte-laterale-gauche/toutes-marques/page-1,,1815,20
3263,Actionneur boite de vitesses,https://www.opisto.fr/fr/auto/pieces-occasion/Actionneur-boite-de-vitesses/toutes-marques/page-1,,no category on Ovoko,
3264,Variateur moteur,https://www.opisto.fr/fr/auto/pieces-occasion/Variateur-moteur/toutes-marques/page-1,,1157,
3265,Chariot porte laterale coulissante,https://www.opisto.fr/fr/auto/pieces-occasion/Chariot-porte-laterale-coulissante/toutes-marques/page-1,,Opisto one option in Ovoko more options,
3266,Armature porte,https://www.opisto.fr/fr/auto/pieces-occasion/Armature-porte/toutes-marques/page-1,,no category on Ovoko,
3267,Kit de distribution,https://www.opisto.fr/fr/auto/pieces-occasion/Kit-de-distribution/toutes-marques/page-1,,no category on Ovoko,
3278,Support aile droit,https://www.opisto.fr/fr/auto/pieces-occasion/Support-aile-droit/toutes-marques/page-1,,532,40
3279,Support aile gauche,https://www.opisto.fr/fr/auto/pieces-occasion/Support-aile-gauche/toutes-marques/page-1,,532,20
3284,Boitier d'aide au stationnement,https://www.opisto.fr/fr/auto/pieces-occasion/Boitier-d'aide-au-stationnement/toutes-marques/page-1,,1158,
3286,Calculateur de boite auto,https://www.opisto.fr/fr/auto/pieces-occasion/Calculateur-de-boite-auto/toutes-marques/page-1,,1152,
3289,Capteur prise compteur,https://www.opisto.fr/fr/auto/pieces-occasion/Capteur-prise-compteur/toutes-marques/page-1,,1503,
3291,Doseur d'air,https://www.opisto.fr/fr/auto/pieces-occasion/Doseur-d'air/toutes-marques/page-1,,296,
3292,Girafon,https://www.opisto.fr/fr/auto/pieces-occasion/Girafon/toutes-marques/page-1,,no category on Ovoko,
3295,Toit panoramique,https://www.opisto.fr/fr/auto/pieces-occasion/Toit-panoramique/toutes-marques/page-1,,1101,
3296,Camera,https://www.opisto.fr/fr/auto/pieces-occasion/Camera/toutes-marques/page-1,,Opisto one option in Ovoko more options,
3300,Alterno-demarreur,https://www.opisto.fr/fr/auto/pieces-occasion/Alterno-demarreur/toutes-marques/page-1,,Opisto one option in Ovoko more options,
3301,Moteur porte laterale gauche,https://www.opisto.fr/fr/auto/pieces-occasion/Moteur-porte-laterale-gauche/toutes-marques/page-1,,1796,20
3302,Moteur porte laterale droite,https://www.opisto.fr/fr/auto/pieces-occasion/Moteur-porte-laterale-droite/toutes-marques/page-1,,1796,40
3303,Pulseur d'air arriere droit,https://www.opisto.fr/fr/auto/pieces-occasion/Pulseur-d'air-arriere-droit/toutes-marques/page-1,,215,70
3304,Pulseur d'air arriere gauche,https://www.opisto.fr/fr/auto/pieces-occasion/Pulseur-d'air-arriere-gauche/toutes-marques/page-1,,215,60
3305,Bloc electrovannes,https://www.opisto.fr/fr/auto/pieces-occasion/Bloc-electrovannes/toutes-marques/page-1,,276,
3306,Boitier ARTIV,https://www.opisto.fr/fr/auto/pieces-occasion/Boitier-ARTIV/toutes-marques/page-1,,1752,
3307,Marche pieds,https://www.opisto.fr/fr/auto/pieces-occasion/Marche-pieds/toutes-marques/page-1,,no category on Ovoko,
3308,Moteur reglage phare,https://www.opisto.fr/fr/auto/pieces-occasion/Moteur-reglage-phare/toutes-marques/page-1,,196,
3310,Pressostat de climatisation,https://www.opisto.fr/fr/auto/pieces-occasion/Pressostat-de-climatisation/toutes-marques/page-1,,1385,
3311,Cache batterie,https://www.opisto.fr/fr/auto/pieces-occasion/Cache-batterie/toutes-marques/page-1,,1246,
3312,Arceau de benne,https://www.opisto.fr/fr/auto/pieces-occasion/Arceau-de-benne/toutes-marques/page-1,,1521,
3313,Precatalyseur,https://www.opisto.fr/fr/auto/pieces-occasion/Precatalyseur/toutes-marques/page-1,,no category on Ovoko,
3318,Interrupteur de capote,https://www.opisto.fr/fr/auto/pieces-occasion/Interrupteur-de-capote/toutes-marques/page-1,,2030,
3319,Support siege gauche,https://www.opisto.fr/fr/auto/pieces-occasion/Support-siege-gauche/toutes-marques/page-1,,1793,20
3320,Support siege droit,https://www.opisto.fr/fr/auto/pieces-occasion/Support-siege-droit/toutes-marques/page-1,,1794,40
3321,Glace retroviseur droit,https://www.opisto.fr/fr/auto/pieces-occasion/Glace-retroviseur-droit/toutes-marques/page-1,,604,40
3322,Glace retroviseur gauche,https://www.opisto.fr/fr/auto/pieces-occasion/Glace-retroviseur-gauche/toutes-marques/page-1,,604,20
3400,Attache ceinture centrale avant,https://www.opisto.fr/fr/auto/pieces-occasion/Attache-ceinture-centrale-avant/toutes-marques/page-1,,899,
3401,Tableau de bord,https://www.opisto.fr/fr/auto/pieces-occasion/Tableau-de-bord/toutes-marques/page-1,,816,
3408,Support alternateur,https://www.opisto.fr/fr/auto/pieces-occasion/Support-alternateur/toutes-marques/page-1,,324,
3424,Veilleuse avant gauche,https://www.opisto.fr/fr/auto/pieces-occasion/Veilleuse-avant-gauche/toutes-marques/page-1,,no category on Ovoko,
3474,Feu factice avant droit,https://www.opisto.fr/fr/auto/pieces-occasion/Feu-factice-avant-droit/toutes-marques/page-1,,no category on Ovoko,
3518,Logo,https://www.opisto.fr/fr/auto/pieces-occasion/Logo/toutes-marques/page-1,,Opisto one option in Ovoko more options,
3522,Feu factice avant gauche,https://www.opisto.fr/fr/auto/pieces-occasion/Feu-factice-avant-gauche/toutes-marques/page-1,,no category on Ovoko,
3618,Facade autoradio,https://www.opisto.fr/fr/auto/pieces-occasion/Facade-autoradio/toutes-marques/page-1,,1409,
3662,Coquille de retroviseur droit,https://www.opisto.fr/fr/auto/pieces-occasion/Coquille-de-retroviseur-droit/toutes-marques/page-1,,1229,40
3663,Coquille de retroviseur gauche,https://www.opisto.fr/fr/auto/pieces-occasion/Coquille-de-retroviseur-gauche/toutes-marques/page-1,,1229,20
3664,Ceinture arriere gauche troisieme ligne,https://www.opisto.fr/fr/auto/pieces-occasion/Ceinture-arriere-gauche-troisieme-ligne/toutes-marques/page-1,,1604,20
3665,Ceinture arriere droite troisieme ligne,https://www.opisto.fr/fr/auto/pieces-occasion/Ceinture-arriere-droite-troisieme-ligne/toutes-marques/page-1,,1604,40
3666,Ceinture arriere centre troisieme ligne,https://www.opisto.fr/fr/auto/pieces-occasion/Ceinture-arriere-centre-troisieme-ligne/toutes-marques/page-1,,1604,50
3702,Mecanisme essuie glace arriere,https://www.opisto.fr/fr/auto/pieces-occasion/Mecanisme-essuie-glace-arriere/toutes-marques/page-1,,1913,
3703,Mecanisme essuie glace avant,https://www.opisto.fr/fr/auto/pieces-occasion/Mecanisme-essuie-glace-avant/toutes-marques/page-1,,111,
3704,Commande de fermeture centralisee,https://www.opisto.fr/fr/auto/pieces-occasion/Commande-de-fermeture-centralisee/toutes-marques/page-1,,1024,
3705,Commande degivrage lunette arriere,https://www.opisto.fr/fr/auto/pieces-occasion/Commande-degivrage-lunette-arriere/toutes-marques/page-1,,1324,
3706,Commande de reglage eclairage tableau de bord,https://www.opisto.fr/fr/auto/pieces-occasion/Commande-de-reglage-eclairage-tableau-de-bord/toutes-marques/page-1,,1035,
3707,Commande de reglage hauteur de phare,https://www.opisto.fr/fr/auto/pieces-occasion/Commande-de-reglage-hauteur-de-phare/toutes-marques/page-1,,1050,
3708,Commande de condamnation air bag,https://www.opisto.fr/fr/auto/pieces-occasion/Commande-de-condamnation-air-bag/toutes-marques/page-1,,1030,
3709,Commande anti brouillard arriere,https://www.opisto.fr/fr/auto/pieces-occasion/Commande-anti-brouillard-arriere/toutes-marques/page-1,,1038,
3710,Commande de reglage suspension,https://www.opisto.fr/fr/auto/pieces-occasion/Commande-de-reglage-suspension/toutes-marques/page-1,,1048,
3711,Commande radar de recul,https://www.opisto.fr/fr/auto/pieces-occasion/Commande-radar-de-recul/toutes-marques/page-1,,1535,
3712,Charniere de porte de coffre droit,https://www.opisto.fr/fr/auto/pieces-occasion/Charniere-de-porte-de-coffre-droit/toutes-marques/page-1,,557,40
3713,Charniere de porte de coffre gauche,https://www.opisto.fr/fr/auto/pieces-occasion/Charniere-de-porte-de-coffre-gauche/toutes-marques/page-1,,557,20
3719,Joint de coffre,https://www.opisto.fr/fr/auto/pieces-occasion/Joint-de-coffre/toutes-marques/page-1,,560,
3724,Veilleuse avant droite,https://www.opisto.fr/fr/auto/pieces-occasion/Veilleuse-avant-droite/toutes-marques/page-1,,no category on Ovoko,
3732,Boitier UPC,https://www.opisto.fr/fr/auto/pieces-occasion/Boitier-UPC/toutes-marques/page-1,,1914,
3733,Boitier USM ,https://www.opisto.fr/fr/auto/pieces-occasion/Boitier-USM-/toutes-marques/page-1,,1238,
3741,Caisson de basses,https://www.opisto.fr/fr/auto/pieces-occasion/Caisson-de-basses/toutes-marques/page-1,,1281,
3745,Chargeur (Voiture électrique),https://www.opisto.fr/fr/auto/pieces-occasion/Chargeur-(Voiture-électrique)/toutes-marques/page-1,,1954,
3746,Amortisseurs arrière,https://www.opisto.fr/fr/auto/pieces-occasion/Amortisseurs-arrière/toutes-marques/page-1,,384,
3747,Amortisseurs avant,https://www.opisto.fr/fr/auto/pieces-occasion/Amortisseurs-avant/toutes-marques/page-1,,350,
3748,Baguette d'aile arrière gauche,https://www.opisto.fr/fr/auto/pieces-occasion/Baguette-d'aile-arrière-gauche/toutes-marques/page-1,,1768,20
3749,Baguette d'aile arrière droite,https://www.opisto.fr/fr/auto/pieces-occasion/Baguette-d'aile-arrière-droite/toutes-marques/page-1,,1768,40
3756,Stabilisateur module de tension,https://www.opisto.fr/fr/auto/pieces-occasion/Stabilisateur-module-de-tension/toutes-marques/page-1,,1875,
3757,Support pivot avant droit,https://www.opisto.fr/fr/auto/pieces-occasion/Support-pivot-avant-droit/toutes-marques/page-1,,368,40
3758,Support pivot avant gauche,https://www.opisto.fr/fr/auto/pieces-occasion/Support-pivot-avant-gauche/toutes-marques/page-1,,368,20
3763,Durite de turbo,https://www.opisto.fr/fr/auto/pieces-occasion/Durite-de-turbo/toutes-marques/page-1,,297,
3764,Durite inférieur de radiateur,https://www.opisto.fr/fr/auto/pieces-occasion/Durite-inférieur-de-radiateur/toutes-marques/page-1,,219,
3765,Durite supérieur de radiateur,https://www.opisto.fr/fr/auto/pieces-occasion/Durite-supérieur-de-radiateur/toutes-marques/page-1,,219,
3766,Récepteur embrayage,https://www.opisto.fr/fr/auto/pieces-occasion/Récepteur-embrayage/toutes-marques/page-1,,428,
3769,Radar anti-collision ,https://www.opisto.fr/fr/auto/pieces-occasion/Radar-anti-collision-/toutes-marques/page-1,,1752,
3772,mot. essuie glace arrière droit,https://www.opisto.fr/fr/auto/pieces-occasion/mot.-essuie-glace-arrière-droit/toutes-marques/page-1,,119,40
3773,Mot. essuie glace arrière gauche,https://www.opisto.fr/fr/auto/pieces-occasion/Mot.-essuie-glace-arrière-gauche/toutes-marques/page-1,,119,20
3774,Bras essuie glace arrière gauche,https://www.opisto.fr/fr/auto/pieces-occasion/Bras-essuie-glace-arrière-gauche/toutes-marques/page-1,,118,20
3775,Bras essuie glace arrière droit,https://www.opisto.fr/fr/auto/pieces-occasion/Bras-essuie-glace-arrière-droit/toutes-marques/page-1,,118,40
3788,Reservoir cerine,https://www.opisto.fr/fr/auto/pieces-occasion/Reservoir-cerine/toutes-marques/page-1,,2034,
3789,Siege arriere gauche/droit (3 EME RANGEE),https://www.opisto.fr/fr/auto/pieces-occasion/Siege-arriere-gauche/droit-(3-EME-RANGEE)/toutes-marques/page-1,,998,
3874,Roue de secours,https://www.opisto.fr/fr/auto/pieces-occasion/Roue-de-secours/toutes-marques/page-1,,no category on Ovoko,
,,,,,
2972,Interrupteur de leve vitre (Bloc complet),,,1027,
3079,Gicleur phare,,,122,
3096,Retroviseur electrique gauche,,,604,20
3097,Retroviseur electrique droit,,,604,40
3194,Aerateur tableau de bord central,,,809,
3873,Module électronique,,,1157,
3911,Réservoir AdBlue,,,1780,
,,,,,
3948,Bouchon huile moteur,https://www.opisto.fr/fr/auto/pieces-occasion/Bouchon-huile-moteur/toutes-marques/page-1,,1468,
3954,Tapis de coffre,https://www.opisto.fr/fr/auto/pieces-occasion/tapis-de-coffre/toutes-marques/page-1,,962,
3955,Porte velo,https://www.opisto.fr/fr/auto/pieces-occasion/Porte-velo/toutes-marques/page-1,,1393,
3959,Faisceau d'attelage,https://www.opisto.fr/fr/auto/pieces-occasion/Faisceau-d'attelage/toutes-marques/page-1,,1562,
3958,Insonorisant capot,https://www.opisto.fr/fr/auto/pieces-occasion/Insonorisant-capot/toutes-marques/page-1,,521,
3949,Refroidisseur huile,https://www.opisto.fr/fr/auto/pieces-occasion/Refroidisseur-huile/toutes-marques/page-1,,246,
3950,Flexible d'échappement,https://www.opisto.fr/fr/auto/pieces-occasion/Flexible-d'échappement/toutes-marques/page-1,,1334,
3951,Actuateur régulateur ralenti,https://www.opisto.fr/fr/auto/pieces-occasion/Actuateur-régulateur-ralenti/toutes-marques/page-1,,289,
3952,Boitier bpga,https://www.opisto.fr/fr/auto/pieces-occasion/Boitier-bpga/toutes-marques/page-1,,1238,
3953,Thermostat,https://www.opisto.fr/fr/auto/pieces-occasion/Thermostat/toutes-marques/page-1,,218,
3956,Bocal liquide de frein,https://www.opisto.fr/fr/auto/pieces-occasion/Bocal-liquide-de-frein/toutes-marques/page-1,,49,
3957,Cosse de batterie,https://www.opisto.fr/fr/auto/pieces-occasion/Cosse-de-batterie/toutes-marques/page-1,,1203,
3961,Capteur PMH,https://www.opisto.fr/fr/auto/pieces-occasion/Capteur-PMH/toutes-marques/page-1,,1374,
3960,Bloc moteur,https://www.opisto.fr/fr/auto/pieces-occasion/Bloc-moteur/toutes-marques/page-1,,263,